ID,From_dcenter,To_community,cost
0,120,120,0,
1,120,122,0.68,1,
2,120,125,1.43,1,2,3,
3,120,126,1.65,1,2,3,4,
4,120,129,2.24,1,2,3,4,5,
5,120,132,2.93,1,2,3,4,5,6,7,
6,120,135,3.68,1,2,3,4,5,6,7,8,
7,120,141,5.14,1,2,3,4,5,6,7,8,9,
8,120,143,5.67,1,2,3,4,5,6,7,8,9,10,
9,120,154,8.23,1,2,3,4,5,6,7,8,9,11,12,
10,120,221,3.7,1,144,143,107,
11,120,229,1.89,1,144,143,142,
12,120,232,1.88,1,144,78,79,
13,120,236,1.96,1,2,3,4,28,
14,120,242,3.3,1,2,97,98,65,149,31,
15,120,252,6.81,1,2,97,98,65,149,31,32,
16,120,348,7.03,1,144,78,79,80,52,51,50,
17,120,340,4.09,1,144,78,79,80,52,51,
18,120,337,3.16,1,144,78,79,80,52,
19,120,335,2.53,1,144,78,79,80,
20,120,329,1.86,1,2,3,63,
21,120,325,1.12,1,131,
22,120,312,5.17,1,131,49,
23,120,413,6.97,1,144,143,142,141,69,68,
24,120,424,3.17,1,144,143,142,141,69,
25,120,426,2.39,1,144,143,142,141,
26,120,437,3.08,1,2,97,98,65,66,
27,120,442,4.82,1,2,97,98,65,66,67,
28,120,520,4.65,1,144,85,
29,120,536,0.84,1,144,
30,120,546,3.34,1,2,3,4,5,6,7,123,
31,120,550,4.02,1,2,3,4,5,6,7,8,166,
32,120,560,7.34,1,2,3,4,5,6,7,8,166,84,
33,120,610,6.23,1,144,143,107,106,
34,120,612,1.2,1,144,143,
35,120,613,1.17,1,144,78,
36,120,614,0.94,1,2,
37,120,615,1.44,1,2,97,
38,120,616,2.1,1,2,97,98,
39,120,617,2.33,1,2,3,4,28,29,
40,120,618,3.01,1,2,3,4,28,29,100,
41,120,619,3.32,1,2,3,4,28,29,100,101,
42,120,621,7.4,1,2,3,4,5,6,7,8,9,11,
43,120,623,7.69,1,2,3,4,5,6,7,8,166,84,105,
44,120,727,3.49,1,2,97,98,65,66,133,
45,120,726,2.16,1,131,132,
46,120,810,2.37,1,131,132,156,
47,120,812,2.44,1,2,97,98,65,
48,120,813,2.81,1,2,97,98,65,149,
49,120,815,2.45,1,2,3,4,5,6,
50,120,816,3.05,1,144,78,79,80,81,
51,120,817,3.18,1,144,78,79,80,81,153,
52,120,818,4.13,1,144,78,79,80,81,153,154,
53,120,819,5.87,1,144,78,79,80,81,153,154,155,
54,120,901,4.1,1,2,3,4,5,6,7,8,172,
55,120,907,3.94,1,144,78,79,80,52,179,
56,120,913,3.57,1,144,143,142,141,69,171,
57,120,1036,11.8,1,144,78,79,80,52,51,50,181,
58,122,120,0.68,13,
59,122,122,0,
60,122,125,0.75,2,3,
61,122,126,0.97,2,3,4,
62,122,129,1.56,2,3,4,5,
63,122,132,2.25,2,3,4,5,6,7,
64,122,135,3,2,3,4,5,6,7,8,
65,122,141,4.46,2,3,4,5,6,7,8,9,
66,122,143,4.99,2,3,4,5,6,7,8,9,10,
67,122,154,7.55,2,3,4,5,6,7,8,9,11,12,
68,122,221,3.02,144,143,107,
69,122,229,1.21,144,143,142,
70,122,232,1.2,144,78,79,
71,122,236,1.28,2,3,4,28,
72,122,242,2.62,2,97,98,65,149,31,
73,122,252,6.13,2,97,98,65,149,31,32,
74,122,348,6.35,144,78,79,80,52,51,50,
75,122,340,3.41,144,78,79,80,52,51,
76,122,337,2.48,144,78,79,80,52,
77,122,335,1.85,144,78,79,80,
78,122,329,1.18,2,3,63,
79,122,325,0.44,131,
80,122,312,4.49,131,49,
81,122,413,6.29,144,143,142,141,69,68,
82,122,424,2.49,144,143,142,141,69,
83,122,426,1.71,144,143,142,141,
84,122,437,2.4,2,97,98,65,66,
85,122,442,4.14,2,97,98,65,66,67,
86,122,520,3.97,144,85,
87,122,536,0.16,144,
88,122,546,2.66,2,3,4,5,6,7,123,
89,122,550,3.34,2,3,4,5,6,7,8,166,
90,122,560,6.66,2,3,4,5,6,7,8,166,84,
91,122,610,5.55,144,143,107,106,
92,122,612,0.52,144,143,
93,122,613,0.49,144,78,
94,122,614,0.26,2,
95,122,615,0.76,2,97,
96,122,616,1.42,2,97,98,
97,122,617,1.65,2,3,4,28,29,
98,122,618,2.33,2,3,4,28,29,100,
99,122,619,2.64,2,3,4,28,29,100,101,
100,122,621,6.72,2,3,4,5,6,7,8,9,11,
101,122,623,7.01,2,3,4,5,6,7,8,166,84,105,
102,122,727,2.81,2,97,98,65,66,133,
103,122,726,1.48,131,132,
104,122,810,1.69,131,132,156,
105,122,812,1.76,2,97,98,65,
106,122,813,2.13,2,97,98,65,149,
107,122,815,1.77,2,3,4,5,6,
108,122,816,2.37,144,78,79,80,81,
109,122,817,2.5,144,78,79,80,81,153,
110,122,818,3.45,144,78,79,80,81,153,154,
111,122,819,5.19,144,78,79,80,81,153,154,155,
112,122,901,3.42,2,3,4,5,6,7,8,172,
113,122,907,3.26,144,78,79,80,52,179,
114,122,913,2.89,144,143,142,141,69,171,
115,122,1036,11.12,144,78,79,80,52,51,50,181,
116,125,120,1.43,15,14,13,
117,125,122,0.75,15,14,
118,125,125,0,
119,125,126,0.22,4,
120,125,129,0.81,4,5,
121,125,132,1.5,4,5,6,7,
122,125,135,2.25,4,5,6,7,8,
123,125,141,3.71,4,5,6,7,8,9,
124,125,143,4.24,4,5,6,7,8,9,10,
125,125,154,6.8,4,5,6,7,8,9,11,12,
126,125,221,3.66,15,109,108,107,
127,125,229,1.37,71,34,
128,125,232,0.56,71,
129,125,236,0.53,4,28,
130,125,242,1.98,63,64,65,149,31,
131,125,252,5.49,63,64,65,149,31,32,
132,125,348,5.71,71,80,52,51,50,
133,125,340,2.77,71,80,52,51,
134,125,337,1.84,71,80,52,
135,125,335,1.21,71,80,
136,125,329,0.43,63,
137,125,325,1.19,15,14,131,
138,125,312,5.24,15,14,131,49,
139,125,413,5.81,71,70,69,68,
140,125,424,2.01,71,70,69,
141,125,426,1.23,71,70,
142,125,437,1.76,63,64,65,66,
143,125,442,3.5,63,64,65,66,67,
144,125,520,4.72,15,14,144,85,
145,125,536,0.91,15,14,144,
146,125,546,1.91,4,5,6,7,123,
147,125,550,2.59,4,5,6,7,8,166,
148,125,560,5.91,4,5,6,7,8,166,84,
149,125,610,6.19,15,109,108,107,106,
150,125,612,1.16,15,109,108,
151,125,613,0.79,15,109,
152,125,614,0.49,15,
153,125,615,0.92,63,47,
154,125,616,0.78,63,64,
155,125,617,0.9,4,28,29,
156,125,618,1.58,4,28,29,100,
157,125,619,1.89,4,28,29,100,101,
158,125,621,5.97,4,5,6,7,8,9,11,
159,125,623,6.26,4,5,6,7,8,166,84,105,
160,125,727,2.17,63,64,65,66,133,
161,125,726,2.11,63,64,65,157,
162,125,810,2.32,63,64,65,157,156,
163,125,812,1.12,63,64,65,
164,125,813,1.49,63,64,65,149,
165,125,815,1.02,4,5,6,
166,125,816,1.72,4,5,6,152,
167,125,817,1.85,4,5,6,152,153,
168,125,818,2.8,4,5,6,152,153,154,
169,125,819,4.54,4,5,6,152,153,154,155,
170,125,901,2.67,4,5,6,7,8,172,
171,125,907,2.62,71,80,52,179,
172,125,913,2.41,71,70,69,171,
173,125,1036,10.48,71,80,52,51,50,181,
174,126,120,1.65,16,15,14,13,
175,126,122,0.97,16,15,14,
176,126,125,0.22,16,
177,126,126,0,
178,126,129,0.59,5,
179,126,132,1.28,5,6,7,
180,126,135,2.03,5,6,7,8,
181,126,141,3.49,5,6,7,8,9,
182,126,143,4.02,5,6,7,8,9,10,
183,126,154,6.58,5,6,7,8,9,11,12,
184,126,221,3.88,16,15,109,108,107,
185,126,229,1.41,35,34,
186,126,232,0.6,35,
187,126,236,0.31,28,
188,126,242,1.78,28,29,30,31,
189,126,252,5.29,28,29,30,31,32,
190,126,348,5.63,5,53,52,51,50,
191,126,340,2.69,5,53,52,51,
192,126,337,1.76,5,53,52,
193,126,335,1.13,5,53,
194,126,329,0.5,28,46,
195,126,325,1.41,16,15,14,131,
196,126,312,5.46,16,15,14,131,49,
197,126,413,5.85,35,70,69,68,
198,126,424,2.05,35,70,69,
199,126,426,1.27,35,70,
200,126,437,1.83,28,46,64,65,66,
201,126,442,3.57,28,46,64,65,66,67,
202,126,520,4.94,16,15,14,144,85,
203,126,536,1.13,16,15,14,144,
204,126,546,1.69,5,6,7,123,
205,126,550,2.37,5,6,7,8,166,
206,126,560,5.69,5,6,7,8,166,84,
207,126,610,6.41,16,15,109,108,107,106,
208,126,612,1.38,16,15,109,108,
209,126,613,1.01,16,15,109,
210,126,614,0.71,16,15,
211,126,615,0.99,28,46,47,
212,126,616,0.85,28,46,64,
213,126,617,0.68,28,29,
214,126,618,1.36,28,29,100,
215,126,619,1.67,28,29,100,101,
216,126,621,5.75,5,6,7,8,9,11,
217,126,623,6.04,5,6,7,8,166,84,105,
218,126,727,2.24,28,46,64,65,66,133,
219,126,726,2.18,28,46,64,65,157,
220,126,810,2.39,28,46,64,65,157,156,
221,126,812,1.19,28,46,64,65,
222,126,813,1.29,28,29,30,
223,126,815,0.8,5,6,
224,126,816,1.5,5,6,152,
225,126,817,1.63,5,6,152,153,
226,126,818,2.58,5,6,152,153,154,
227,126,819,4.32,5,6,152,153,154,155,
228,126,901,2.45,5,6,7,8,172,
229,126,907,2.54,5,53,52,179,
230,126,913,2.45,35,70,69,171,
231,126,1036,10.4,5,53,52,51,50,181,
232,129,120,2.24,17,16,15,14,13,
233,129,122,1.56,17,16,15,14,
234,129,125,0.81,17,16,
235,129,126,0.59,17,
236,129,129,0,
237,129,132,0.69,6,7,
238,129,135,1.44,6,7,8,
239,129,141,2.9,6,7,8,9,
240,129,143,3.43,6,7,8,9,10,
241,129,154,5.99,6,7,8,9,11,12,
242,129,221,4.47,17,16,15,109,108,107,
243,129,229,2,17,35,34,
244,129,232,1.19,17,35,
245,129,236,0.71,45,
246,129,242,1.94,6,160,159,31,
247,129,252,5.45,6,160,159,31,32,
248,129,348,5.04,53,52,51,50,
249,129,340,2.1,53,52,51,
250,129,337,1.17,53,52,
251,129,335,0.54,53,
252,129,329,0.9,45,46,
253,129,325,1.82,45,46,47,48,
254,129,312,5.87,45,46,47,48,49,
255,129,413,6.44,17,35,70,69,68,
256,129,424,2.64,17,35,70,69,
257,129,426,1.86,17,35,70,
258,129,437,2.23,45,46,64,65,66,
259,129,442,3.97,45,46,64,65,66,67,
260,129,520,5.53,17,16,15,14,144,85,
261,129,536,1.72,17,16,15,14,144,
262,129,546,1.1,6,7,123,
263,129,550,1.78,6,7,8,166,
264,129,560,5.1,6,7,8,166,84,
265,129,610,7,17,16,15,109,108,107,106,
266,129,612,1.97,17,16,15,109,108,
267,129,613,1.6,17,16,15,109,
268,129,614,1.3,17,16,15,
269,129,615,1.39,45,46,47,
270,129,616,1.25,45,46,64,
271,129,617,1.08,45,29,
272,129,618,0.94,6,160,
273,129,619,1.25,6,160,101,
274,129,621,5.16,6,7,8,9,11,
275,129,623,5.45,6,7,8,166,84,105,
276,129,727,2.64,45,46,64,65,66,133,
277,129,726,2.58,45,46,64,65,157,
278,129,810,2.79,45,46,64,65,157,156,
279,129,812,1.59,45,46,64,65,
280,129,813,1.45,6,160,159,
281,129,815,0.21,6,
282,129,816,0.91,6,152,
283,129,817,1.04,6,152,153,
284,129,818,1.99,6,152,153,154,
285,129,819,3.73,6,152,153,154,155,
286,129,901,1.86,6,7,8,172,
287,129,907,1.95,53,52,179,
288,129,913,3.04,17,35,70,69,171,
289,129,1036,9.81,53,52,51,50,181,
290,132,120,2.93,19,18,17,16,15,14,13,
291,132,122,2.25,19,18,17,16,15,14,
292,132,125,1.5,19,18,17,16,
293,132,126,1.28,19,18,17,
294,132,129,0.69,19,18,
295,132,132,0,
296,132,135,0.75,8,
297,132,141,2.21,8,9,
298,132,143,2.74,8,9,10,
299,132,154,5.3,8,9,11,12,
300,132,221,5.16,19,18,17,16,15,109,108,107,
301,132,229,2.69,19,18,17,35,34,
302,132,232,1.88,19,18,17,35,
303,132,236,1.4,19,18,45,
304,132,242,1.84,136,135,
305,132,252,5.35,136,135,32,
306,132,348,4.98,123,124,125,51,50,
307,132,340,2.04,123,124,125,51,
308,132,337,1.11,123,124,125,
309,132,335,1.23,19,18,53,
310,132,329,1.59,19,18,45,46,
311,132,325,2.51,19,18,45,46,47,48,
312,132,312,6.56,19,18,45,46,47,48,49,
313,132,413,6.89,123,124,125,126,69,68,
314,132,424,3.09,123,124,125,126,69,
315,132,426,2.31,123,124,125,126,
316,132,437,2.35,136,135,134,
317,132,442,4.09,136,135,134,67,
318,132,520,6.22,19,18,17,16,15,14,144,85,
319,132,536,2.41,19,18,17,16,15,14,144,
320,132,546,0.41,123,
321,132,550,1.09,8,166,
322,132,560,4.41,8,166,84,
323,132,610,7.69,19,18,17,16,15,109,108,107,106,
324,132,612,2.66,19,18,17,16,15,109,108,
325,132,613,2.29,19,18,17,16,15,109,
326,132,614,1.99,19,18,17,16,15,
327,132,615,2.08,19,18,45,46,47,
328,132,616,1.94,19,18,45,46,64,
329,132,617,1.73,136,114,113,
330,132,618,1.05,136,114,
331,132,619,0.74,136,
332,132,621,4.47,8,9,11,
333,132,623,4.76,8,166,84,105,
334,132,727,2.76,136,135,134,133,
335,132,726,2.92,136,114,159,158,157,
336,132,810,3.13,136,114,159,158,157,156,
337,132,812,1.93,136,114,159,158,
338,132,813,1.56,136,114,159,
339,132,815,0.48,19,
340,132,816,0.76,123,90,
341,132,817,0.77,123,124,
342,132,818,1.64,8,166,167,
343,132,819,3.38,8,166,167,155,
344,132,901,1.17,8,172,
345,132,907,1.89,123,124,125,179,
346,132,913,3.49,123,124,125,126,69,171,
347,132,1036,9.75,123,124,125,51,50,181,
348,135,120,3.68,20,19,18,17,16,15,14,13,
349,135,122,3,20,19,18,17,16,15,14,
350,135,125,2.25,20,19,18,17,16,
351,135,126,2.03,20,19,18,17,
352,135,129,1.44,20,19,18,
353,135,132,0.75,20,
354,135,135,0,
355,135,141,1.46,9,
356,135,143,1.99,9,10,
357,135,154,4.55,9,11,12,
358,135,221,5.91,20,19,18,17,16,15,109,108,107,
359,135,229,3.44,20,19,18,17,35,34,
360,135,232,2.63,20,19,18,17,35,
361,135,236,2.15,20,19,18,45,
362,135,242,2.38,172,115,135,
363,135,252,5.89,172,115,135,32,
364,135,348,4.93,166,167,168,180,
365,135,340,2.34,166,167,168,169,
366,135,337,1.86,20,123,124,125,
367,135,335,1.98,20,19,18,53,
368,135,329,2.34,20,19,18,45,46,
369,135,325,3.26,20,19,18,45,46,47,48,
370,135,312,7.31,20,19,18,45,46,47,48,49,
371,135,413,7.64,20,123,124,125,126,69,68,
372,135,424,3.84,20,123,124,125,126,69,
373,135,426,3.06,20,123,124,125,126,
374,135,437,2.89,172,115,135,134,
375,135,442,4.63,172,115,135,134,67,
376,135,520,6.97,20,19,18,17,16,15,14,144,85,
377,135,536,3.16,20,19,18,17,16,15,14,144,
378,135,546,1.16,20,123,
379,135,550,0.34,166,
380,135,560,3.66,166,84,
381,135,610,8.44,20,19,18,17,16,15,109,108,107,106,
382,135,612,3.41,20,19,18,17,16,15,109,108,
383,135,613,3.04,20,19,18,17,16,15,109,
384,135,614,2.74,20,19,18,17,16,15,
385,135,615,2.83,20,19,18,45,46,47,
386,135,616,2.53,172,115,114,113,112,
387,135,617,2.27,172,115,114,113,
388,135,618,1.59,172,115,114,
389,135,619,1.28,172,115,
390,135,621,3.72,9,11,
391,135,623,4.01,166,84,105,
392,135,727,3.3,172,115,135,134,133,
393,135,726,3.46,172,115,114,159,158,157,
394,135,810,3.67,172,115,114,159,158,157,156,
395,135,812,2.47,172,115,114,159,158,
396,135,813,2.1,172,115,114,159,
397,135,815,1.23,20,19,
398,135,816,1.51,20,123,90,
399,135,817,1.52,20,123,124,
400,135,818,0.89,166,167,
401,135,819,2.63,166,167,155,
402,135,901,0.42,172,
403,135,907,1.61,166,167,168,
404,135,913,4.24,20,123,124,125,126,69,171,
405,135,1036,9.7,166,167,168,180,181,
406,154,120,8.23,24,23,21,20,19,18,17,16,15,14,13,
407,154,122,7.55,24,23,21,20,19,18,17,16,15,14,
408,154,125,6.8,24,23,21,20,19,18,17,16,
409,154,126,6.58,24,23,21,20,19,18,17,
410,154,129,5.99,24,23,21,20,19,18,
411,154,132,5.3,24,23,21,20,
412,154,135,4.55,24,23,21,
413,154,141,3.09,24,23,
414,154,143,3.62,24,23,10,
415,154,154,0,
416,154,221,10.46,24,23,21,20,19,18,17,16,15,109,108,107,
417,154,229,7.99,24,23,21,20,19,18,17,35,34,
418,154,232,7.18,24,23,21,20,19,18,17,35,
419,154,236,6.7,24,23,21,20,19,18,45,
420,154,242,6.93,24,23,21,172,115,135,
421,154,252,10.44,24,23,21,172,115,135,32,
422,154,348,9.48,24,23,21,166,167,168,180,
423,154,340,6.89,24,23,21,166,167,168,169,
424,154,337,6.41,24,23,21,20,123,124,125,
425,154,335,6.53,24,23,21,20,19,18,53,
426,154,329,6.89,24,23,21,20,19,18,45,46,
427,154,325,7.81,24,23,21,20,19,18,45,46,47,48,
428,154,312,11.86,24,23,21,20,19,18,45,46,47,48,49,
429,154,413,12.19,24,23,21,20,123,124,125,126,69,68,
430,154,424,8.39,24,23,21,20,123,124,125,126,69,
431,154,426,7.61,24,23,21,20,123,124,125,126,
432,154,437,7.44,24,23,21,172,115,135,134,
433,154,442,9.18,24,23,21,172,115,135,134,67,
434,154,520,11.52,24,23,21,20,19,18,17,16,15,14,144,85,
435,154,536,7.71,24,23,21,20,19,18,17,16,15,14,144,
436,154,546,5.71,24,23,21,20,123,
437,154,550,4.89,24,23,21,166,
438,154,560,2.33,24,104,
439,154,610,12.99,24,23,21,20,19,18,17,16,15,109,108,107,106,
440,154,612,7.96,24,23,21,20,19,18,17,16,15,109,108,
441,154,613,7.59,24,23,21,20,19,18,17,16,15,109,
442,154,614,7.29,24,23,21,20,19,18,17,16,15,
443,154,615,7.38,24,23,21,20,19,18,45,46,47,
444,154,616,7.08,24,23,21,172,115,114,113,112,
445,154,617,6.82,24,23,21,172,115,114,113,
446,154,618,6.14,24,23,21,172,115,114,
447,154,619,5.83,24,23,21,172,115,
448,154,621,0.83,24,
449,154,623,2.68,24,104,105,
450,154,727,7.85,24,23,21,172,115,135,134,133,
451,154,726,8.01,24,23,21,172,115,114,159,158,157,
452,154,810,8.22,24,23,21,172,115,114,159,158,157,156,
453,154,812,7.02,24,23,21,172,115,114,159,158,
454,154,813,6.65,24,23,21,172,115,114,159,
455,154,815,5.78,24,23,21,20,19,
456,154,816,6.06,24,23,21,20,123,90,
457,154,817,6.07,24,23,21,20,123,124,
458,154,818,5.44,24,23,21,166,167,
459,154,819,7.18,24,23,21,166,167,155,
460,154,901,4.97,24,23,21,172,
461,154,907,6.16,24,23,21,166,167,168,
462,154,913,8.79,24,23,21,20,123,124,125,126,69,171,
463,154,1036,14.25,24,23,21,166,167,168,180,181,
464,221,120,3.7,94,129,130,13,
465,221,122,3.02,94,129,130,
466,221,125,3.66,94,95,96,3,
467,221,126,3.88,94,95,96,3,4,
468,221,129,4.47,94,95,96,3,4,5,
469,221,132,5.16,94,95,96,3,4,5,6,7,
470,221,135,5.91,94,95,96,3,4,5,6,7,8,
471,221,141,7.37,94,95,96,3,4,5,6,7,8,9,
472,221,143,7.9,94,95,96,3,4,5,6,7,8,9,10,
473,221,154,10.46,94,95,96,3,4,5,6,7,8,9,11,12,
474,221,221,0,
475,221,229,2.48,25,
476,221,232,3.29,25,26,
477,221,236,4.19,94,95,96,3,4,28,
478,221,242,5.53,94,95,96,97,98,65,149,31,
479,221,252,9.04,94,95,96,97,98,65,149,31,32,
480,221,348,8.05,25,141,140,51,50,
481,221,340,5.11,25,141,140,51,
482,221,337,4.18,25,141,140,
483,221,335,3.94,25,26,80,
484,221,329,4.09,94,95,96,3,63,
485,221,325,3.46,94,129,130,131,
486,221,312,7.51,94,129,130,131,49,
487,221,413,7.56,25,141,69,68,
488,221,424,3.76,25,141,69,
489,221,426,2.98,25,141,
490,221,437,5.31,94,95,96,97,98,65,66,
491,221,442,7.05,94,95,96,97,98,65,66,67,
492,221,520,6.67,94,129,85,
493,221,536,2.86,94,129,
494,221,546,4.81,25,26,80,81,82,
495,221,550,5.73,25,26,80,81,82,83,
496,221,560,9.05,25,26,80,81,82,83,84,
497,221,610,2.53,106,
498,221,612,2.5,94,
499,221,613,2.87,94,95,
500,221,614,3.17,94,95,96,
501,221,615,3.67,94,95,96,97,
502,221,616,4.33,94,95,96,97,98,
503,221,617,4.56,94,95,96,3,4,28,29,
504,221,618,5.24,94,95,96,3,4,28,29,100,
505,221,619,5.55,94,95,96,3,4,28,29,100,101,
506,221,621,9.63,94,95,96,3,4,5,6,7,8,9,11,
507,221,623,9.4,25,26,80,81,82,83,84,105,
508,221,727,5.72,94,95,96,97,98,65,66,133,
509,221,726,4.5,94,129,130,131,132,
510,221,810,4.71,94,129,130,131,132,156,
511,221,812,4.67,94,95,96,97,98,65,
512,221,813,5.04,94,95,96,97,98,65,149,
513,221,815,4.68,94,95,96,3,4,5,6,
514,221,816,4.46,25,26,80,81,
515,221,817,4.52,25,141,140,139,
516,221,818,5.47,25,141,140,139,154,
517,221,819,7.21,25,141,140,139,154,155,
518,221,901,6.33,94,95,96,3,4,5,6,7,8,172,
519,221,907,4.96,25,141,140,179,
520,221,913,4.16,25,141,69,171,
521,221,1036,12.82,25,141,140,51,50,181,
522,229,120,1.89,128,129,130,13,
523,229,122,1.21,128,129,130,
524,229,125,1.37,26,62,
525,229,126,1.41,26,27,
526,229,129,2,26,27,5,
527,229,132,2.69,26,27,5,6,7,
528,229,135,3.44,26,27,5,6,7,8,
529,229,141,4.9,26,27,5,6,7,8,9,
530,229,143,5.43,26,27,5,6,7,8,9,10,
531,229,154,7.99,26,27,5,6,7,8,9,11,12,
532,229,221,2.48,33,
533,229,229,0,
534,229,232,0.81,26,
535,229,236,1.72,26,27,28,
536,229,242,3.19,26,27,28,29,30,31,
537,229,252,6.7,26,27,28,29,30,31,32,
538,229,348,5.57,141,140,51,50,
539,229,340,2.63,141,140,51,
540,229,337,1.7,141,140,
541,229,335,1.46,26,80,
542,229,329,1.8,26,62,63,
543,229,325,1.65,128,129,130,131,
544,229,312,5.7,128,129,130,131,49,
545,229,413,5.08,141,69,68,
546,229,424,1.28,141,69,
547,229,426,0.5,141,
548,229,437,3.13,26,62,63,64,65,66,
549,229,442,4.87,26,62,63,64,65,66,67,
550,229,520,4.86,128,129,85,
551,229,536,1.05,128,129,
552,229,546,2.33,26,80,81,82,
553,229,550,3.25,26,80,81,82,83,
554,229,560,6.57,26,80,81,82,83,84,
555,229,610,5.01,33,106,
556,229,612,0.69,128,
557,229,613,1.06,128,95,
558,229,614,1.36,128,95,96,
559,229,615,1.86,128,95,96,97,
560,229,616,2.15,26,62,63,64,
561,229,617,2.09,26,27,28,29,
562,229,618,2.77,26,27,28,29,100,
563,229,619,3.08,26,27,28,29,100,101,
564,229,621,7.16,26,27,5,6,7,8,9,11,
565,229,623,6.92,26,80,81,82,83,84,105,
566,229,727,3.54,26,62,63,64,65,66,133,
567,229,726,2.69,128,129,130,131,132,
568,229,810,2.9,128,129,130,131,132,156,
569,229,812,2.49,26,62,63,64,65,
570,229,813,2.7,26,27,28,29,30,
571,229,815,2.21,26,27,5,6,
572,229,816,1.98,26,80,81,
573,229,817,2.04,141,140,139,
574,229,818,2.99,141,140,139,154,
575,229,819,4.73,141,140,139,154,155,
576,229,901,3.86,26,27,5,6,7,8,172,
577,229,907,2.48,141,140,179,
578,229,913,1.68,141,69,171,
579,229,1036,10.34,141,140,51,50,181,
580,232,120,1.88,87,86,130,13,
581,232,122,1.2,87,86,130,
582,232,125,0.56,62,
583,232,126,0.6,27,
584,232,129,1.19,27,5,
585,232,132,1.88,27,5,6,7,
586,232,135,2.63,27,5,6,7,8,
587,232,141,4.09,27,5,6,7,8,9,
588,232,143,4.62,27,5,6,7,8,9,10,
589,232,154,7.18,27,5,6,7,8,9,11,12,
590,232,221,3.29,34,33,
591,232,229,0.81,34,
592,232,232,0,
593,232,236,0.91,27,28,
594,232,242,2.38,27,28,29,30,31,
595,232,252,5.89,27,28,29,30,31,32,
596,232,348,5.15,80,52,51,50,
597,232,340,2.21,80,52,51,
598,232,337,1.28,80,52,
599,232,335,0.65,80,
600,232,329,0.99,62,63,
601,232,325,1.64,87,86,130,131,
602,232,312,5.69,87,86,130,131,49,
603,232,413,5.25,70,69,68,
604,232,424,1.45,70,69,
605,232,426,0.67,70,
606,232,437,2.32,62,63,64,65,66,
607,232,442,4.06,62,63,64,65,66,67,
608,232,520,4.85,87,86,85,
609,232,536,1.04,87,86,
610,232,546,1.52,80,81,82,
611,232,550,2.44,80,81,82,83,
612,232,560,5.76,80,81,82,83,84,
613,232,610,5.82,34,33,106,
614,232,612,1.08,87,108,
615,232,613,0.71,87,
616,232,614,1.01,87,96,
617,232,615,1.48,62,63,47,
618,232,616,1.34,62,63,64,
619,232,617,1.28,27,28,29,
620,232,618,1.96,27,28,29,100,
621,232,619,2.27,27,28,29,100,101,
622,232,621,6.35,27,5,6,7,8,9,11,
623,232,623,6.11,80,81,82,83,84,105,
624,232,727,2.73,62,63,64,65,66,133,
625,232,726,2.67,62,63,64,65,157,
626,232,810,2.88,62,63,64,65,157,156,
627,232,812,1.68,62,63,64,65,
628,232,813,1.89,27,28,29,30,
629,232,815,1.4,27,5,6,
630,232,816,1.17,80,81,
631,232,817,1.3,80,81,153,
632,232,818,2.25,80,81,153,154,
633,232,819,3.99,80,81,153,154,155,
634,232,901,3.05,27,5,6,7,8,172,
635,232,907,2.06,80,52,179,
636,232,913,1.85,70,69,171,
637,232,1036,9.92,80,52,51,50,181,
638,236,120,1.96,36,16,15,14,13,
639,236,122,1.28,36,16,15,14,
640,236,125,0.53,36,16,
641,236,126,0.31,36,
642,236,129,0.71,54,
643,236,132,1.4,54,6,7,
644,236,135,2.15,54,6,7,8,
645,236,141,3.61,54,6,7,8,9,
646,236,143,4.14,54,6,7,8,9,10,
647,236,154,6.7,54,6,7,8,9,11,12,
648,236,221,4.19,36,16,15,109,108,107,
649,236,229,1.72,36,35,34,
650,236,232,0.91,36,35,
651,236,236,0,
652,236,242,1.47,29,30,31,
653,236,252,4.98,29,30,31,32,
654,236,348,5.75,54,53,52,51,50,
655,236,340,2.81,54,53,52,51,
656,236,337,1.88,54,53,52,
657,236,335,1.25,54,53,
658,236,329,0.19,46,
659,236,325,1.11,46,47,48,
660,236,312,5.16,46,47,48,49,
661,236,413,6.16,36,35,70,69,68,
662,236,424,2.36,36,35,70,69,
663,236,426,1.58,36,35,70,
664,236,437,1.52,46,64,65,66,
665,236,442,3.26,46,64,65,66,67,
666,236,520,5.25,36,16,15,14,144,85,
667,236,536,1.44,36,16,15,14,144,
668,236,546,1.81,54,6,7,123,
669,236,550,2.49,54,6,7,8,166,
670,236,560,5.81,54,6,7,8,166,84,
671,236,610,6.72,36,16,15,109,108,107,106,
672,236,612,1.69,36,16,15,109,108,
673,236,613,1.32,36,16,15,109,
674,236,614,1.02,36,16,15,
675,236,615,0.68,46,47,
676,236,616,0.54,46,64,
677,236,617,0.37,29,
678,236,618,1.05,29,100,
679,236,619,1.36,29,100,101,
680,236,621,5.87,54,6,7,8,9,11,
681,236,623,6.16,54,6,7,8,166,84,105,
682,236,727,1.93,46,64,65,66,133,
683,236,726,1.87,46,64,65,157,
684,236,810,2.08,46,64,65,157,156,
685,236,812,0.88,46,64,65,
686,236,813,0.98,29,30,
687,236,815,0.92,54,6,
688,236,816,1.62,54,6,152,
689,236,817,1.75,54,6,152,153,
690,236,818,2.7,54,6,152,153,154,
691,236,819,4.44,54,6,152,153,154,155,
692,236,901,2.22,29,100,101,102,
693,236,907,2.66,54,53,52,179,
694,236,913,2.76,36,35,70,69,171,
695,236,1036,10.52,54,53,52,51,50,181,
696,242,120,3.3,39,158,74,111,110,14,13,
697,242,122,2.62,39,158,74,111,110,14,
698,242,125,1.98,39,158,74,73,72,
699,242,126,1.78,39,38,37,36,
700,242,129,1.94,39,150,151,18,
701,242,132,1.84,121,122,
702,242,135,2.38,121,102,165,
703,242,141,3.84,121,102,165,9,
704,242,143,4.37,121,102,165,9,10,
705,242,154,6.93,121,102,165,9,11,12,
706,242,221,5.53,39,158,74,111,110,109,108,107,
707,242,229,3.19,39,38,37,36,35,34,
708,242,232,2.38,39,38,37,36,35,
709,242,236,1.47,39,38,37,
710,242,242,0,
711,242,252,3.51,32,
712,242,348,6.77,39,150,151,152,153,125,51,50,
713,242,340,3.83,39,150,151,152,153,125,51,
714,242,337,2.9,39,150,151,152,153,125,
715,242,335,2.48,39,150,151,18,53,
716,242,329,1.55,39,158,74,73,
717,242,325,2.29,39,158,74,111,48,
718,242,312,6.34,39,158,74,111,48,49,
719,242,413,7.63,39,38,37,36,35,70,69,68,
720,242,424,3.83,39,38,37,36,35,70,69,
721,242,426,3.05,39,38,37,36,35,70,
722,242,437,0.51,134,
723,242,442,2.25,134,67,
724,242,520,6.59,39,158,74,111,110,14,144,85,
725,242,536,2.78,39,158,74,111,110,14,144,
726,242,546,2.25,121,122,123,
727,242,550,2.72,121,102,165,166,
728,242,560,6.04,121,102,165,166,84,
729,242,610,8.06,39,158,74,111,110,109,108,107,106,
730,242,612,3.03,39,158,74,111,110,109,108,
731,242,613,2.66,39,158,74,111,110,109,
732,242,614,2.36,39,158,74,111,110,
733,242,615,1.86,39,158,74,111,
734,242,616,1.2,39,158,74,
735,242,617,1.1,39,38,
736,242,618,1,39,150,
737,242,619,1.1,121,
738,242,621,6.1,121,102,165,9,11,
739,242,623,6.39,121,102,165,166,84,105,
740,242,727,0.92,134,133,
741,242,726,1.85,39,158,157,
742,242,810,2.06,39,158,157,156,
743,242,812,0.86,39,158,
744,242,813,0.49,39,
745,242,815,1.73,39,150,151,
746,242,816,2.43,39,150,151,152,
747,242,817,2.56,39,150,151,152,153,
748,242,818,3.27,121,102,165,166,167,
749,242,819,5.01,121,102,165,166,167,155,
750,242,901,1.96,121,102,
751,242,907,3.68,39,150,151,152,153,125,179,
752,242,913,4.23,39,38,37,36,35,70,69,171,
753,242,1036,11.54,39,150,151,152,153,125,51,50,181,
754,252,120,6.81,40,39,158,74,111,110,14,13,
755,252,122,6.13,40,39,158,74,111,110,14,
756,252,125,5.49,40,39,158,74,73,72,
757,252,126,5.29,40,39,38,37,36,
758,252,129,5.45,40,39,150,151,18,
759,252,132,5.35,40,121,122,
760,252,135,5.89,40,121,102,165,
761,252,141,7.35,40,121,102,165,9,
762,252,143,7.88,40,121,102,165,9,10,
763,252,154,10.44,40,121,102,165,9,11,12,
764,252,221,9.04,40,39,158,74,111,110,109,108,107,
765,252,229,6.7,40,39,38,37,36,35,34,
766,252,232,5.89,40,39,38,37,36,35,
767,252,236,4.98,40,39,38,37,
768,252,242,3.51,40,
769,252,252,0,
770,252,348,10.28,40,39,150,151,152,153,125,51,50,
771,252,340,7.34,40,39,150,151,152,153,125,51,
772,252,337,6.41,40,39,150,151,152,153,125,
773,252,335,5.99,40,39,150,151,18,53,
774,252,329,5.06,40,39,158,74,73,
775,252,325,5.8,40,39,158,74,111,48,
776,252,312,9.85,40,39,158,74,111,48,49,
777,252,413,11.14,40,39,38,37,36,35,70,69,68,
778,252,424,7.34,40,39,38,37,36,35,70,69,
779,252,426,6.56,40,39,38,37,36,35,70,
780,252,437,4.02,40,134,
781,252,442,5.76,40,134,67,
782,252,520,10.1,40,39,158,74,111,110,14,144,85,
783,252,536,6.29,40,39,158,74,111,110,14,144,
784,252,546,5.76,40,121,122,123,
785,252,550,6.23,40,121,102,165,166,
786,252,560,9.55,40,121,102,165,166,84,
787,252,610,11.57,40,39,158,74,111,110,109,108,107,106,
788,252,612,6.54,40,39,158,74,111,110,109,108,
789,252,613,6.17,40,39,158,74,111,110,109,
790,252,614,5.87,40,39,158,74,111,110,
791,252,615,5.37,40,39,158,74,111,
792,252,616,4.71,40,39,158,74,
793,252,617,4.61,40,39,38,
794,252,618,4.51,40,39,150,
795,252,619,4.61,40,121,
796,252,621,9.61,40,121,102,165,9,11,
797,252,623,9.9,40,121,102,165,166,84,105,
798,252,727,4.43,40,134,133,
799,252,726,5.36,40,39,158,157,
800,252,810,5.57,40,39,158,157,156,
801,252,812,4.37,40,39,158,
802,252,813,4,40,39,
803,252,815,5.24,40,39,150,151,
804,252,816,5.94,40,39,150,151,152,
805,252,817,6.07,40,39,150,151,152,153,
806,252,818,6.78,40,121,102,165,166,167,
807,252,819,8.52,40,121,102,165,166,167,155,
808,252,901,5.47,40,121,102,
809,252,907,7.19,40,39,150,151,152,153,125,179,
810,252,913,7.74,40,39,38,37,36,35,70,69,171,
811,252,1036,15.05,40,39,150,151,152,153,125,51,50,181,
812,348,120,7.03,41,42,43,88,87,86,130,13,
813,348,122,6.35,41,42,43,88,87,86,130,
814,348,125,5.71,41,42,43,88,62,
815,348,126,5.63,41,42,43,44,17,
816,348,129,5.04,41,42,43,44,
817,348,132,4.98,41,42,139,138,137,
818,348,135,4.93,183,175,174,173,
819,348,141,6.39,183,175,174,173,9,
820,348,143,6.92,183,175,174,173,9,10,
821,348,154,9.48,183,175,174,173,9,11,12,
822,348,221,8.05,41,42,126,127,33,
823,348,229,5.57,41,42,126,127,
824,348,232,5.15,41,42,43,88,
825,348,236,5.75,41,42,43,44,45,
826,348,242,6.77,41,42,139,162,161,160,159,31,
827,348,252,10.28,41,42,139,162,161,160,159,31,32,
828,348,348,0,
829,348,340,2.94,41,
830,348,337,3.87,41,42,
831,348,335,4.5,41,42,43,
832,348,329,5.94,41,42,43,44,45,46,
833,348,325,6.79,41,42,43,88,87,86,130,131,
834,348,312,10.84,41,42,43,88,87,86,130,131,49,
835,348,413,8.3,41,170,68,
836,348,424,4.5,41,170,
837,348,426,5.07,41,42,126,
838,348,437,7.27,41,42,43,44,45,46,64,65,66,
839,348,442,9.01,41,42,43,44,45,46,64,65,66,67,
840,348,520,10,41,42,43,88,87,86,85,
841,348,536,6.19,41,42,43,88,87,86,
842,348,546,4.57,41,42,139,138,
843,348,550,4.59,183,175,174,
844,348,560,7.91,183,175,174,84,
845,348,610,10.58,41,42,126,127,33,106,
846,348,612,6.23,41,42,43,88,87,108,
847,348,613,5.86,41,42,43,88,87,
848,348,614,6.16,41,42,43,88,87,96,
849,348,615,6.43,41,42,43,44,45,46,47,
850,348,616,6.29,41,42,43,44,45,46,64,
851,348,617,6.12,41,42,43,44,45,29,
852,348,618,5.77,41,42,139,162,161,160,
853,348,619,5.72,41,42,139,138,137,136,
854,348,621,8.65,183,175,174,173,9,11,
855,348,623,8.26,183,175,174,84,105,
856,348,727,7.68,41,42,43,44,45,46,64,65,66,133,
857,348,726,7.62,41,42,43,44,45,46,64,65,157,
858,348,810,7.83,41,42,43,44,45,46,64,65,157,156,
859,348,812,6.63,41,42,43,44,45,46,64,65,
860,348,813,6.28,41,42,139,162,161,160,159,
861,348,815,5.04,41,42,139,162,161,
862,348,816,4.34,41,42,139,162,
863,348,817,4.21,41,42,139,
864,348,818,4.04,183,175,
865,348,819,5.78,183,175,155,
866,348,901,5.35,183,175,174,173,172,
867,348,907,3.32,183,
868,348,913,4.9,41,170,171,
869,348,1036,4.77,181,
870,340,120,4.09,42,43,88,87,86,130,13,
871,340,122,3.41,42,43,88,87,86,130,
872,340,125,2.77,42,43,88,62,
873,340,126,2.69,42,43,44,17,
874,340,129,2.1,42,43,44,
875,340,132,2.04,42,139,138,137,
876,340,135,2.34,176,175,174,173,
877,340,141,3.8,176,175,174,173,9,
878,340,143,4.33,176,175,174,173,9,10,
879,340,154,6.89,176,175,174,173,9,11,12,
880,340,221,5.11,42,126,127,33,
881,340,229,2.63,42,126,127,
882,340,232,2.21,42,43,88,
883,340,236,2.81,42,43,44,45,
884,340,242,3.83,42,139,162,161,160,159,31,
885,340,252,7.34,42,139,162,161,160,159,31,32,
886,340,348,2.94,50,
887,340,340,0,
888,340,337,0.93,42,
889,340,335,1.56,42,43,
890,340,329,3,42,43,44,45,46,
891,340,325,3.85,42,43,88,87,86,130,131,
892,340,312,7.9,42,43,88,87,86,130,131,49,
893,340,413,5.36,170,68,
894,340,424,1.56,170,
895,340,426,2.13,42,126,
896,340,437,4.33,42,43,44,45,46,64,65,66,
897,340,442,6.07,42,43,44,45,46,64,65,66,67,
898,340,520,7.06,42,43,88,87,86,85,
899,340,536,3.25,42,43,88,87,86,
900,340,546,1.63,42,139,138,
901,340,550,2,176,175,174,
902,340,560,5.32,176,175,174,84,
903,340,610,7.64,42,126,127,33,106,
904,340,612,3.29,42,43,88,87,108,
905,340,613,2.92,42,43,88,87,
906,340,614,3.22,42,43,88,87,96,
907,340,615,3.49,42,43,44,45,46,47,
908,340,616,3.35,42,43,44,45,46,64,
909,340,617,3.18,42,43,44,45,29,
910,340,618,2.83,42,139,162,161,160,
911,340,619,2.78,42,139,138,137,136,
912,340,621,6.06,176,175,174,173,9,11,
913,340,623,5.67,176,175,174,84,105,
914,340,727,4.74,42,43,44,45,46,64,65,66,133,
915,340,726,4.68,42,43,44,45,46,64,65,157,
916,340,810,4.89,42,43,44,45,46,64,65,157,156,
917,340,812,3.69,42,43,44,45,46,64,65,
918,340,813,3.34,42,139,162,161,160,159,
919,340,815,2.1,42,139,162,161,
920,340,816,1.4,42,139,162,
921,340,817,1.27,42,139,
922,340,818,1.45,176,175,
923,340,819,3.19,176,175,155,
924,340,901,2.76,176,175,174,173,172,
925,340,907,0.73,176,
926,340,913,1.96,170,171,
927,340,1036,7.71,50,181,
928,337,120,3.16,43,88,87,86,130,13,
929,337,122,2.48,43,88,87,86,130,
930,337,125,1.84,43,88,62,
931,337,126,1.76,43,44,17,
932,337,129,1.17,43,44,
933,337,132,1.11,139,138,137,
934,337,135,1.86,139,138,137,8,
935,337,141,3.32,139,138,137,8,9,
936,337,143,3.85,139,138,137,8,9,10,
937,337,154,6.41,139,138,137,8,9,11,12,
938,337,221,4.18,126,127,33,
939,337,229,1.7,126,127,
940,337,232,1.28,43,88,
941,337,236,1.88,43,44,45,
942,337,242,2.9,139,162,161,160,159,31,
943,337,252,6.41,139,162,161,160,159,31,32,
944,337,348,3.87,51,50,
945,337,340,0.93,51,
946,337,337,0,
947,337,335,0.63,43,
948,337,329,2.07,43,44,45,46,
949,337,325,2.92,43,88,87,86,130,131,
950,337,312,6.97,43,88,87,86,130,131,49,
951,337,413,5.78,126,69,68,
952,337,424,1.98,126,69,
953,337,426,1.2,126,
954,337,437,3.4,43,44,45,46,64,65,66,
955,337,442,5.14,43,44,45,46,64,65,66,67,
956,337,520,6.13,43,88,87,86,85,
957,337,536,2.32,43,88,87,86,
958,337,546,0.7,139,138,
959,337,550,1.62,139,138,83,
960,337,560,4.94,139,138,83,84,
961,337,610,6.71,126,127,33,106,
962,337,612,2.36,43,88,87,108,
963,337,613,1.99,43,88,87,
964,337,614,2.29,43,88,87,96,
965,337,615,2.56,43,44,45,46,47,
966,337,616,2.42,43,44,45,46,64,
967,337,617,2.25,43,44,45,29,
968,337,618,1.9,139,162,161,160,
969,337,619,1.85,139,138,137,136,
970,337,621,5.58,139,138,137,8,9,11,
971,337,623,5.29,139,138,83,84,105,
972,337,727,3.81,43,44,45,46,64,65,66,133,
973,337,726,3.75,43,44,45,46,64,65,157,
974,337,810,3.96,43,44,45,46,64,65,157,156,
975,337,812,2.76,43,44,45,46,64,65,
976,337,813,2.41,139,162,161,160,159,
977,337,815,1.17,139,162,161,
978,337,816,0.47,139,162,
979,337,817,0.34,139,
980,337,818,1.29,139,154,
981,337,819,3.03,139,154,155,
982,337,901,2.28,139,138,137,8,172,
983,337,907,0.78,179,
984,337,913,2.38,126,69,171,
985,337,1036,8.64,51,50,181,
986,335,120,2.53,88,87,86,130,13,
987,335,122,1.85,88,87,86,130,
988,335,125,1.21,88,62,
989,335,126,1.13,44,17,
990,335,129,0.54,44,
991,335,132,1.23,44,6,7,
992,335,135,1.98,44,6,7,8,
993,335,141,3.44,44,6,7,8,9,
994,335,143,3.97,44,6,7,8,9,10,
995,335,154,6.53,44,6,7,8,9,11,12,
996,335,221,3.94,88,34,33,
997,335,229,1.46,88,34,
998,335,232,0.65,88,
999,335,236,1.25,44,45,
1000,335,242,2.48,44,6,160,159,31,
1001,335,252,5.99,44,6,160,159,31,32,
1002,335,348,4.5,52,51,50,
1003,335,340,1.56,52,51,
1004,335,337,0.63,52,
1005,335,335,0,
1006,335,329,1.44,44,45,46,
1007,335,325,2.29,88,87,86,130,131,
1008,335,312,6.34,88,87,86,130,131,49,
1009,335,413,5.9,88,70,69,68,
1010,335,424,2.1,88,70,69,
1011,335,426,1.32,88,70,
1012,335,437,2.77,44,45,46,64,65,66,
1013,335,442,4.51,44,45,46,64,65,66,67,
1014,335,520,5.5,88,87,86,85,
1015,335,536,1.69,88,87,86,
1016,335,546,0.87,81,82,
1017,335,550,1.79,81,82,83,
1018,335,560,5.11,81,82,83,84,
1019,335,610,6.47,88,34,33,106,
1020,335,612,1.73,88,87,108,
1021,335,613,1.36,88,87,
1022,335,614,1.66,88,87,96,
1023,335,615,1.93,44,45,46,47,
1024,335,616,1.79,44,45,46,64,
1025,335,617,1.62,44,45,29,
1026,335,618,1.48,44,6,160,
1027,335,619,1.79,44,6,160,101,
1028,335,621,5.7,44,6,7,8,9,11,
1029,335,623,5.46,81,82,83,84,105,
1030,335,727,3.18,44,45,46,64,65,66,133,
1031,335,726,3.12,44,45,46,64,65,157,
1032,335,810,3.33,44,45,46,64,65,157,156,
1033,335,812,2.13,44,45,46,64,65,
1034,335,813,1.99,44,6,160,159,
1035,335,815,0.75,44,6,
1036,335,816,0.52,81,
1037,335,817,0.65,81,153,
1038,335,818,1.6,81,153,154,
1039,335,819,3.34,81,153,154,155,
1040,335,901,2.4,44,6,7,8,172,
1041,335,907,1.41,52,179,
1042,335,913,2.5,88,70,69,171,
1043,335,1036,9.27,52,51,50,181,
1044,329,120,1.86,72,15,14,13,
1045,329,122,1.18,72,15,14,
1046,329,125,0.43,72,
1047,329,126,0.5,55,36,
1048,329,129,0.9,55,54,
1049,329,132,1.59,55,54,6,7,
1050,329,135,2.34,55,54,6,7,8,
1051,329,141,3.8,55,54,6,7,8,9,
1052,329,143,4.33,55,54,6,7,8,9,10,
1053,329,154,6.89,55,54,6,7,8,9,11,12,
1054,329,221,4.09,72,15,109,108,107,
1055,329,229,1.8,72,71,34,
1056,329,232,0.99,72,71,
1057,329,236,0.19,55,
1058,329,242,1.55,64,65,149,31,
1059,329,252,5.06,64,65,149,31,32,
1060,329,348,5.94,55,54,53,52,51,50,
1061,329,340,3,55,54,53,52,51,
1062,329,337,2.07,55,54,53,52,
1063,329,335,1.44,55,54,53,
1064,329,329,0,
1065,329,325,0.92,47,48,
1066,329,312,4.97,47,48,49,
1067,329,413,6.24,72,71,70,69,68,
1068,329,424,2.44,72,71,70,69,
1069,329,426,1.66,72,71,70,
1070,329,437,1.33,64,65,66,
1071,329,442,3.07,64,65,66,67,
1072,329,520,5.15,72,15,14,144,85,
1073,329,536,1.34,72,15,14,144,
1074,329,546,2,55,54,6,7,123,
1075,329,550,2.68,55,54,6,7,8,166,
1076,329,560,6,55,54,6,7,8,166,84,
1077,329,610,6.62,72,15,109,108,107,106,
1078,329,612,1.59,72,15,109,108,
1079,329,613,1.22,72,15,109,
1080,329,614,0.92,72,15,
1081,329,615,0.49,47,
1082,329,616,0.35,64,
1083,329,617,0.56,55,29,
1084,329,618,1.24,55,29,100,
1085,329,619,1.55,55,29,100,101,
1086,329,621,6.06,55,54,6,7,8,9,11,
1087,329,623,6.35,55,54,6,7,8,166,84,105,
1088,329,727,1.74,64,65,66,133,
1089,329,726,1.68,64,65,157,
1090,329,810,1.89,64,65,157,156,
1091,329,812,0.69,64,65,
1092,329,813,1.06,64,65,149,
1093,329,815,1.11,55,54,6,
1094,329,816,1.81,55,54,6,152,
1095,329,817,1.94,55,54,6,152,153,
1096,329,818,2.89,55,54,6,152,153,154,
1097,329,819,4.63,55,54,6,152,153,154,155,
1098,329,901,2.41,55,29,100,101,102,
1099,329,907,2.85,55,54,53,52,179,
1100,329,913,2.84,72,71,70,69,171,
1101,329,1036,10.71,55,54,53,52,51,50,181,
1102,325,120,1.12,145,13,
1103,325,122,0.44,145,
1104,325,125,1.19,145,2,3,
1105,325,126,1.41,145,2,3,4,
1106,325,129,1.82,57,56,55,54,
1107,325,132,2.51,57,56,55,54,6,7,
1108,325,135,3.26,57,56,55,54,6,7,8,
1109,325,141,4.72,57,56,55,54,6,7,8,9,
1110,325,143,5.25,57,56,55,54,6,7,8,9,10,
1111,325,154,7.81,57,56,55,54,6,7,8,9,11,12,
1112,325,221,3.46,145,144,143,107,
1113,325,229,1.65,145,144,143,142,
1114,325,232,1.64,145,144,78,79,
1115,325,236,1.11,57,56,55,
1116,325,242,2.29,57,98,65,149,31,
1117,325,252,5.8,57,98,65,149,31,32,
1118,325,348,6.79,145,144,78,79,80,52,51,50,
1119,325,340,3.85,145,144,78,79,80,52,51,
1120,325,337,2.92,145,144,78,79,80,52,
1121,325,335,2.29,145,144,78,79,80,
1122,325,329,0.92,57,56,
1123,325,325,0,
1124,325,312,4.05,49,
1125,325,413,6.73,145,144,143,142,141,69,68,
1126,325,424,2.93,145,144,143,142,141,69,
1127,325,426,2.15,145,144,143,142,141,
1128,325,437,2.07,57,98,65,66,
1129,325,442,3.81,57,98,65,66,67,
1130,325,520,4.41,145,144,85,
1131,325,536,0.6,145,144,
1132,325,546,2.92,57,56,55,54,6,7,123,
1133,325,550,3.6,57,56,55,54,6,7,8,166,
1134,325,560,6.92,57,56,55,54,6,7,8,166,84,
1135,325,610,5.99,145,144,143,107,106,
1136,325,612,0.96,145,144,143,
1137,325,613,0.93,145,144,78,
1138,325,614,0.7,145,2,
1139,325,615,0.43,57,
1140,325,616,1.09,57,98,
1141,325,617,1.35,57,98,99,
1142,325,618,2.03,57,98,99,100,
1143,325,619,2.34,57,98,99,100,101,
1144,325,621,6.98,57,56,55,54,6,7,8,9,11,
1145,325,623,7.27,57,56,55,54,6,7,8,166,84,105,
1146,325,727,2.48,57,98,65,66,133,
1147,325,726,1.04,132,
1148,325,810,1.25,132,156,
1149,325,812,1.43,57,98,65,
1150,325,813,1.8,57,98,65,149,
1151,325,815,2.03,57,56,55,54,6,
1152,325,816,2.73,57,56,55,54,6,152,
1153,325,817,2.86,57,56,55,54,6,152,153,
1154,325,818,3.81,57,56,55,54,6,152,153,154,
1155,325,819,5.55,57,56,55,54,6,152,153,154,155,
1156,325,901,3.2,57,98,99,100,101,102,
1157,325,907,3.7,145,144,78,79,80,52,179,
1158,325,913,3.33,145,144,143,142,141,69,171,
1159,325,1036,11.56,145,144,78,79,80,52,51,50,181,
1160,312,120,5.17,58,145,13,
1161,312,122,4.49,58,145,
1162,312,125,5.24,58,145,2,3,
1163,312,126,5.46,58,145,2,3,4,
1164,312,129,5.87,58,57,56,55,54,
1165,312,132,6.56,58,57,56,55,54,6,7,
1166,312,135,7.31,58,57,56,55,54,6,7,8,
1167,312,141,8.77,58,57,56,55,54,6,7,8,9,
1168,312,143,9.3,58,57,56,55,54,6,7,8,9,10,
1169,312,154,11.86,58,57,56,55,54,6,7,8,9,11,12,
1170,312,221,7.51,58,145,144,143,107,
1171,312,229,5.7,58,145,144,143,142,
1172,312,232,5.69,58,145,144,78,79,
1173,312,236,5.16,58,57,56,55,
1174,312,242,6.34,58,57,98,65,149,31,
1175,312,252,9.85,58,57,98,65,149,31,32,
1176,312,348,10.84,58,145,144,78,79,80,52,51,50,
1177,312,340,7.9,58,145,144,78,79,80,52,51,
1178,312,337,6.97,58,145,144,78,79,80,52,
1179,312,335,6.34,58,145,144,78,79,80,
1180,312,329,4.97,58,57,56,
1181,312,325,4.05,58,
1182,312,312,0,
1183,312,413,10.78,58,145,144,143,142,141,69,68,
1184,312,424,6.98,58,145,144,143,142,141,69,
1185,312,426,6.2,58,145,144,143,142,141,
1186,312,437,6.12,58,57,98,65,66,
1187,312,442,7.86,58,57,98,65,66,67,
1188,312,520,8.46,58,145,144,85,
1189,312,536,4.65,58,145,144,
1190,312,546,6.97,58,57,56,55,54,6,7,123,
1191,312,550,7.65,58,57,56,55,54,6,7,8,166,
1192,312,560,10.97,58,57,56,55,54,6,7,8,166,84,
1193,312,610,10.04,58,145,144,143,107,106,
1194,312,612,5.01,58,145,144,143,
1195,312,613,4.98,58,145,144,78,
1196,312,614,4.75,58,145,2,
1197,312,615,4.48,58,57,
1198,312,616,5.14,58,57,98,
1199,312,617,5.4,58,57,98,99,
1200,312,618,6.08,58,57,98,99,100,
1201,312,619,6.39,58,57,98,99,100,101,
1202,312,621,11.03,58,57,56,55,54,6,7,8,9,11,
1203,312,623,11.32,58,57,56,55,54,6,7,8,166,84,105,
1204,312,727,6.53,58,57,98,65,66,133,
1205,312,726,5.09,58,132,
1206,312,810,5.3,58,132,156,
1207,312,812,5.48,58,57,98,65,
1208,312,813,5.85,58,57,98,65,149,
1209,312,815,6.08,58,57,56,55,54,6,
1210,312,816,6.78,58,57,56,55,54,6,152,
1211,312,817,6.91,58,57,56,55,54,6,152,153,
1212,312,818,7.86,58,57,56,55,54,6,152,153,154,
1213,312,819,9.6,58,57,56,55,54,6,152,153,154,155,
1214,312,901,7.25,58,57,98,99,100,101,102,
1215,312,907,7.75,58,145,144,78,79,80,52,179,
1216,312,913,7.38,58,145,144,143,142,141,69,171,
1217,312,1036,15.61,58,145,144,78,79,80,52,51,50,181,
1218,413,120,6.97,59,60,127,128,129,130,13,
1219,413,122,6.29,59,60,127,128,129,130,
1220,413,125,5.81,59,60,61,62,
1221,413,126,5.85,59,60,61,27,
1222,413,129,6.44,59,60,61,27,5,
1223,413,132,6.89,59,60,140,139,138,137,
1224,413,135,7.64,59,60,140,139,138,137,8,
1225,413,141,9.1,59,60,140,139,138,137,8,9,
1226,413,143,9.63,59,60,140,139,138,137,8,9,10,
1227,413,154,12.19,59,60,140,139,138,137,8,9,11,12,
1228,413,221,7.56,59,60,127,33,
1229,413,229,5.08,59,60,127,
1230,413,232,5.25,59,60,61,
1231,413,236,6.16,59,60,61,27,28,
1232,413,242,7.63,59,60,61,27,28,29,30,31,
1233,413,252,11.14,59,60,61,27,28,29,30,31,32,
1234,413,348,8.3,59,177,50,
1235,413,340,5.36,59,177,
1236,413,337,5.78,59,60,140,
1237,413,335,5.9,59,60,61,80,
1238,413,329,6.24,59,60,61,62,63,
1239,413,325,6.73,59,60,127,128,129,130,131,
1240,413,312,10.78,59,60,127,128,129,130,131,49,
1241,413,413,0,
1242,413,424,3.8,59,
1243,413,426,4.58,59,60,
1244,413,437,7.57,59,60,61,62,63,64,65,66,
1245,413,442,9.31,59,60,61,62,63,64,65,66,67,
1246,413,520,9.94,59,60,127,128,129,85,
1247,413,536,6.13,59,60,127,128,129,
1248,413,546,6.48,59,60,140,139,138,
1249,413,550,7.36,59,177,176,175,174,
1250,413,560,10.68,59,177,176,175,174,84,
1251,413,610,10.09,59,60,127,33,106,
1252,413,612,5.77,59,60,127,128,
1253,413,613,5.96,59,60,61,87,
1254,413,614,6.26,59,60,61,87,96,
1255,413,615,6.73,59,60,61,62,63,47,
1256,413,616,6.59,59,60,61,62,63,64,
1257,413,617,6.53,59,60,61,27,28,29,
1258,413,618,7.21,59,60,61,27,28,29,100,
1259,413,619,7.52,59,60,61,27,28,29,100,101,
1260,413,621,11.36,59,60,140,139,138,137,8,9,11,
1261,413,623,11.03,59,177,176,175,174,84,105,
1262,413,727,7.98,59,60,61,62,63,64,65,66,133,
1263,413,726,7.77,59,60,127,128,129,130,131,132,
1264,413,810,7.98,59,60,127,128,129,130,131,132,156,
1265,413,812,6.93,59,60,61,62,63,64,65,
1266,413,813,7.14,59,60,61,27,28,29,30,
1267,413,815,6.65,59,60,61,27,5,6,
1268,413,816,6.25,59,60,140,139,162,
1269,413,817,6.12,59,60,140,139,
1270,413,818,6.81,59,177,176,175,
1271,413,819,8.55,59,177,176,175,155,
1272,413,901,8.06,59,60,140,139,138,137,8,172,
1273,413,907,6.09,59,177,176,
1274,413,913,4.2,59,171,
1275,413,1036,13.07,59,177,50,181,
1276,424,120,3.17,60,127,128,129,130,13,
1277,424,122,2.49,60,127,128,129,130,
1278,424,125,2.01,60,61,62,
1279,424,126,2.05,60,61,27,
1280,424,129,2.64,60,61,27,5,
1281,424,132,3.09,60,140,139,138,137,
1282,424,135,3.84,60,140,139,138,137,8,
1283,424,141,5.3,60,140,139,138,137,8,9,
1284,424,143,5.83,60,140,139,138,137,8,9,10,
1285,424,154,8.39,60,140,139,138,137,8,9,11,12,
1286,424,221,3.76,60,127,33,
1287,424,229,1.28,60,127,
1288,424,232,1.45,60,61,
1289,424,236,2.36,60,61,27,28,
1290,424,242,3.83,60,61,27,28,29,30,31,
1291,424,252,7.34,60,61,27,28,29,30,31,32,
1292,424,348,4.5,177,50,
1293,424,340,1.56,177,
1294,424,337,1.98,60,140,
1295,424,335,2.1,60,61,80,
1296,424,329,2.44,60,61,62,63,
1297,424,325,2.93,60,127,128,129,130,131,
1298,424,312,6.98,60,127,128,129,130,131,49,
1299,424,413,3.8,68,
1300,424,424,0,
1301,424,426,0.78,60,
1302,424,437,3.77,60,61,62,63,64,65,66,
1303,424,442,5.51,60,61,62,63,64,65,66,67,
1304,424,520,6.14,60,127,128,129,85,
1305,424,536,2.33,60,127,128,129,
1306,424,546,2.68,60,140,139,138,
1307,424,550,3.56,177,176,175,174,
1308,424,560,6.88,177,176,175,174,84,
1309,424,610,6.29,60,127,33,106,
1310,424,612,1.97,60,127,128,
1311,424,613,2.16,60,61,87,
1312,424,614,2.46,60,61,87,96,
1313,424,615,2.93,60,61,62,63,47,
1314,424,616,2.79,60,61,62,63,64,
1315,424,617,2.73,60,61,27,28,29,
1316,424,618,3.41,60,61,27,28,29,100,
1317,424,619,3.72,60,61,27,28,29,100,101,
1318,424,621,7.56,60,140,139,138,137,8,9,11,
1319,424,623,7.23,177,176,175,174,84,105,
1320,424,727,4.18,60,61,62,63,64,65,66,133,
1321,424,726,3.97,60,127,128,129,130,131,132,
1322,424,810,4.18,60,127,128,129,130,131,132,156,
1323,424,812,3.13,60,61,62,63,64,65,
1324,424,813,3.34,60,61,27,28,29,30,
1325,424,815,2.85,60,61,27,5,6,
1326,424,816,2.45,60,140,139,162,
1327,424,817,2.32,60,140,139,
1328,424,818,3.01,177,176,175,
1329,424,819,4.75,177,176,175,155,
1330,424,901,4.26,60,140,139,138,137,8,172,
1331,424,907,2.29,177,176,
1332,424,913,0.4,171,
1333,424,1036,9.27,177,50,181,
1334,426,120,2.39,127,128,129,130,13,
1335,426,122,1.71,127,128,129,130,
1336,426,125,1.23,61,62,
1337,426,126,1.27,61,27,
1338,426,129,1.86,61,27,5,
1339,426,132,2.31,140,139,138,137,
1340,426,135,3.06,140,139,138,137,8,
1341,426,141,4.52,140,139,138,137,8,9,
1342,426,143,5.05,140,139,138,137,8,9,10,
1343,426,154,7.61,140,139,138,137,8,9,11,12,
1344,426,221,2.98,127,33,
1345,426,229,0.5,127,
1346,426,232,0.67,61,
1347,426,236,1.58,61,27,28,
1348,426,242,3.05,61,27,28,29,30,31,
1349,426,252,6.56,61,27,28,29,30,31,32,
1350,426,348,5.07,140,51,50,
1351,426,340,2.13,140,51,
1352,426,337,1.2,140,
1353,426,335,1.32,61,80,
1354,426,329,1.66,61,62,63,
1355,426,325,2.15,127,128,129,130,131,
1356,426,312,6.2,127,128,129,130,131,49,
1357,426,413,4.58,69,68,
1358,426,424,0.78,69,
1359,426,426,0,
1360,426,437,2.99,61,62,63,64,65,66,
1361,426,442,4.73,61,62,63,64,65,66,67,
1362,426,520,5.36,127,128,129,85,
1363,426,536,1.55,127,128,129,
1364,426,546,1.9,140,139,138,
1365,426,550,2.82,140,139,138,83,
1366,426,560,6.14,140,139,138,83,84,
1367,426,610,5.51,127,33,106,
1368,426,612,1.19,127,128,
1369,426,613,1.38,61,87,
1370,426,614,1.68,61,87,96,
1371,426,615,2.15,61,62,63,47,
1372,426,616,2.01,61,62,63,64,
1373,426,617,1.95,61,27,28,29,
1374,426,618,2.63,61,27,28,29,100,
1375,426,619,2.94,61,27,28,29,100,101,
1376,426,621,6.78,140,139,138,137,8,9,11,
1377,426,623,6.49,140,139,138,83,84,105,
1378,426,727,3.4,61,62,63,64,65,66,133,
1379,426,726,3.19,127,128,129,130,131,132,
1380,426,810,3.4,127,128,129,130,131,132,156,
1381,426,812,2.35,61,62,63,64,65,
1382,426,813,2.56,61,27,28,29,30,
1383,426,815,2.07,61,27,5,6,
1384,426,816,1.67,140,139,162,
1385,426,817,1.54,140,139,
1386,426,818,2.49,140,139,154,
1387,426,819,4.23,140,139,154,155,
1388,426,901,3.48,140,139,138,137,8,172,
1389,426,907,1.98,140,179,
1390,426,913,1.18,69,171,
1391,426,1036,9.84,140,51,50,181,
1392,437,120,3.08,75,74,111,110,14,13,
1393,437,122,2.4,75,74,111,110,14,
1394,437,125,1.76,75,74,73,72,
1395,437,126,1.83,75,74,73,55,36,
1396,437,129,2.23,75,74,73,55,54,
1397,437,132,2.35,120,121,122,
1398,437,135,2.89,120,121,102,165,
1399,437,141,4.35,120,121,102,165,9,
1400,437,143,4.88,120,121,102,165,9,10,
1401,437,154,7.44,120,121,102,165,9,11,12,
1402,437,221,5.31,75,74,111,110,109,108,107,
1403,437,229,3.13,75,74,73,72,71,34,
1404,437,232,2.32,75,74,73,72,71,
1405,437,236,1.52,75,74,73,55,
1406,437,242,0.51,120,
1407,437,252,4.02,120,32,
1408,437,348,7.27,75,74,73,55,54,53,52,51,50,
1409,437,340,4.33,75,74,73,55,54,53,52,51,
1410,437,337,3.4,75,74,73,55,54,53,52,
1411,437,335,2.77,75,74,73,55,54,53,
1412,437,329,1.33,75,74,73,
1413,437,325,2.07,75,74,111,48,
1414,437,312,6.12,75,74,111,48,49,
1415,437,413,7.57,75,74,73,72,71,70,69,68,
1416,437,424,3.77,75,74,73,72,71,70,69,
1417,437,426,2.99,75,74,73,72,71,70,
1418,437,437,0,
1419,437,442,1.74,67,
1420,437,520,6.37,75,74,111,110,14,144,85,
1421,437,536,2.56,75,74,111,110,14,144,
1422,437,546,2.76,120,121,122,123,
1423,437,550,3.23,120,121,102,165,166,
1424,437,560,6.55,120,121,102,165,166,84,
1425,437,610,7.84,75,74,111,110,109,108,107,106,
1426,437,612,2.81,75,74,111,110,109,108,
1427,437,613,2.44,75,74,111,110,109,
1428,437,614,2.14,75,74,111,110,
1429,437,615,1.64,75,74,111,
1430,437,616,0.98,75,74,
1431,437,617,1.24,75,74,99,
1432,437,618,1.51,120,39,150,
1433,437,619,1.61,120,121,
1434,437,621,6.61,120,121,102,165,9,11,
1435,437,623,6.9,120,121,102,165,166,84,105,
1436,437,727,0.41,133,
1437,437,726,1.63,75,157,
1438,437,810,1.84,75,157,156,
1439,437,812,0.64,75,
1440,437,813,1,120,39,
1441,437,815,2.24,120,39,150,151,
1442,437,816,2.94,120,39,150,151,152,
1443,437,817,3.07,120,39,150,151,152,153,
1444,437,818,3.78,120,121,102,165,166,167,
1445,437,819,5.52,120,121,102,165,166,167,155,
1446,437,901,2.47,120,121,102,
1447,437,907,4.18,75,74,73,55,54,53,52,179,
1448,437,913,4.17,75,74,73,72,71,70,69,171,
1449,437,1036,12.04,75,74,73,55,54,53,52,51,50,181,
1450,442,120,4.82,76,75,74,111,110,14,13,
1451,442,122,4.14,76,75,74,111,110,14,
1452,442,125,3.5,76,75,74,73,72,
1453,442,126,3.57,76,75,74,73,55,36,
1454,442,129,3.97,76,75,74,73,55,54,
1455,442,132,4.09,76,120,121,122,
1456,442,135,4.63,76,120,121,102,165,
1457,442,141,6.09,76,120,121,102,165,9,
1458,442,143,6.62,76,120,121,102,165,9,10,
1459,442,154,9.18,76,120,121,102,165,9,11,12,
1460,442,221,7.05,76,75,74,111,110,109,108,107,
1461,442,229,4.87,76,75,74,73,72,71,34,
1462,442,232,4.06,76,75,74,73,72,71,
1463,442,236,3.26,76,75,74,73,55,
1464,442,242,2.25,76,120,
1465,442,252,5.76,76,120,32,
1466,442,348,9.01,76,75,74,73,55,54,53,52,51,50,
1467,442,340,6.07,76,75,74,73,55,54,53,52,51,
1468,442,337,5.14,76,75,74,73,55,54,53,52,
1469,442,335,4.51,76,75,74,73,55,54,53,
1470,442,329,3.07,76,75,74,73,
1471,442,325,3.81,76,75,74,111,48,
1472,442,312,7.86,76,75,74,111,48,49,
1473,442,413,9.31,76,75,74,73,72,71,70,69,68,
1474,442,424,5.51,76,75,74,73,72,71,70,69,
1475,442,426,4.73,76,75,74,73,72,71,70,
1476,442,437,1.74,76,
1477,442,442,0,
1478,442,520,8.11,76,75,74,111,110,14,144,85,
1479,442,536,4.3,76,75,74,111,110,14,144,
1480,442,546,4.5,76,120,121,122,123,
1481,442,550,4.97,76,120,121,102,165,166,
1482,442,560,8.29,76,120,121,102,165,166,84,
1483,442,610,9.58,76,75,74,111,110,109,108,107,106,
1484,442,612,4.55,76,75,74,111,110,109,108,
1485,442,613,4.18,76,75,74,111,110,109,
1486,442,614,3.88,76,75,74,111,110,
1487,442,615,3.38,76,75,74,111,
1488,442,616,2.72,76,75,74,
1489,442,617,2.98,76,75,74,99,
1490,442,618,3.25,76,120,39,150,
1491,442,619,3.35,76,120,121,
1492,442,621,8.35,76,120,121,102,165,9,11,
1493,442,623,8.64,76,120,121,102,165,166,84,105,
1494,442,727,2.15,76,133,
1495,442,726,3.37,76,75,157,
1496,442,810,3.58,76,75,157,156,
1497,442,812,2.38,76,75,
1498,442,813,2.74,76,120,39,
1499,442,815,3.98,76,120,39,150,151,
1500,442,816,4.68,76,120,39,150,151,152,
1501,442,817,4.81,76,120,39,150,151,152,153,
1502,442,818,5.52,76,120,121,102,165,166,167,
1503,442,819,7.26,76,120,121,102,165,166,167,155,
1504,442,901,4.21,76,120,121,102,
1505,442,907,5.92,76,75,74,73,55,54,53,52,179,
1506,442,913,5.91,76,75,74,73,72,71,70,69,171,
1507,442,1036,13.78,76,75,74,73,55,54,53,52,51,50,181,
1508,520,120,4.65,77,130,13,
1509,520,122,3.97,77,130,
1510,520,125,4.72,77,130,2,3,
1511,520,126,4.94,77,130,2,3,4,
1512,520,129,5.53,77,130,2,3,4,5,
1513,520,132,6.22,77,130,2,3,4,5,6,7,
1514,520,135,6.97,77,130,2,3,4,5,6,7,8,
1515,520,141,8.43,77,130,2,3,4,5,6,7,8,9,
1516,520,143,8.96,77,130,2,3,4,5,6,7,8,9,10,
1517,520,154,11.52,77,130,2,3,4,5,6,7,8,9,11,12,
1518,520,221,6.67,77,143,107,
1519,520,229,4.86,77,143,142,
1520,520,232,4.85,77,78,79,
1521,520,236,5.25,77,130,2,3,4,28,
1522,520,242,6.59,77,130,2,97,98,65,149,31,
1523,520,252,10.1,77,130,2,97,98,65,149,31,32,
1524,520,348,10,77,78,79,80,52,51,50,
1525,520,340,7.06,77,78,79,80,52,51,
1526,520,337,6.13,77,78,79,80,52,
1527,520,335,5.5,77,78,79,80,
1528,520,329,5.15,77,130,2,3,63,
1529,520,325,4.41,77,130,131,
1530,520,312,8.46,77,130,131,49,
1531,520,413,9.94,77,143,142,141,69,68,
1532,520,424,6.14,77,143,142,141,69,
1533,520,426,5.36,77,143,142,141,
1534,520,437,6.37,77,130,2,97,98,65,66,
1535,520,442,8.11,77,130,2,97,98,65,66,67,
1536,520,520,0,
1537,520,536,3.81,77,
1538,520,546,6.37,77,78,79,80,81,82,
1539,520,550,7.29,77,78,79,80,81,82,83,
1540,520,560,10.61,77,78,79,80,81,82,83,84,
1541,520,610,9.2,77,143,107,106,
1542,520,612,4.17,77,143,
1543,520,613,4.14,77,78,
1544,520,614,4.23,77,130,2,
1545,520,615,4.73,77,130,2,97,
1546,520,616,5.39,77,130,2,97,98,
1547,520,617,5.62,77,130,2,3,4,28,29,
1548,520,618,6.3,77,130,2,3,4,28,29,100,
1549,520,619,6.61,77,130,2,3,4,28,29,100,101,
1550,520,621,10.69,77,130,2,3,4,5,6,7,8,9,11,
1551,520,623,10.96,77,78,79,80,81,82,83,84,105,
1552,520,727,6.78,77,130,2,97,98,65,66,133,
1553,520,726,5.45,77,130,131,132,
1554,520,810,5.66,77,130,131,132,156,
1555,520,812,5.73,77,130,2,97,98,65,
1556,520,813,6.1,77,130,2,97,98,65,149,
1557,520,815,5.74,77,130,2,3,4,5,6,
1558,520,816,6.02,77,78,79,80,81,
1559,520,817,6.15,77,78,79,80,81,153,
1560,520,818,7.1,77,78,79,80,81,153,154,
1561,520,819,8.84,77,78,79,80,81,153,154,155,
1562,520,901,7.39,77,130,2,3,4,5,6,7,8,172,
1563,520,907,6.91,77,78,79,80,52,179,
1564,520,913,6.54,77,143,142,141,69,171,
1565,520,1036,14.77,77,78,79,80,52,51,50,181,
1566,536,120,0.84,130,13,
1567,536,122,0.16,130,
1568,536,125,0.91,130,2,3,
1569,536,126,1.13,130,2,3,4,
1570,536,129,1.72,130,2,3,4,5,
1571,536,132,2.41,130,2,3,4,5,6,7,
1572,536,135,3.16,130,2,3,4,5,6,7,8,
1573,536,141,4.62,130,2,3,4,5,6,7,8,9,
1574,536,143,5.15,130,2,3,4,5,6,7,8,9,10,
1575,536,154,7.71,130,2,3,4,5,6,7,8,9,11,12,
1576,536,221,2.86,143,107,
1577,536,229,1.05,143,142,
1578,536,232,1.04,78,79,
1579,536,236,1.44,130,2,3,4,28,
1580,536,242,2.78,130,2,97,98,65,149,31,
1581,536,252,6.29,130,2,97,98,65,149,31,32,
1582,536,348,6.19,78,79,80,52,51,50,
1583,536,340,3.25,78,79,80,52,51,
1584,536,337,2.32,78,79,80,52,
1585,536,335,1.69,78,79,80,
1586,536,329,1.34,130,2,3,63,
1587,536,325,0.6,130,131,
1588,536,312,4.65,130,131,49,
1589,536,413,6.13,143,142,141,69,68,
1590,536,424,2.33,143,142,141,69,
1591,536,426,1.55,143,142,141,
1592,536,437,2.56,130,2,97,98,65,66,
1593,536,442,4.3,130,2,97,98,65,66,67,
1594,536,520,3.81,85,
1595,536,536,0,
1596,536,546,2.56,78,79,80,81,82,
1597,536,550,3.48,78,79,80,81,82,83,
1598,536,560,6.8,78,79,80,81,82,83,84,
1599,536,610,5.39,143,107,106,
1600,536,612,0.36,143,
1601,536,613,0.33,78,
1602,536,614,0.42,130,2,
1603,536,615,0.92,130,2,97,
1604,536,616,1.58,130,2,97,98,
1605,536,617,1.81,130,2,3,4,28,29,
1606,536,618,2.49,130,2,3,4,28,29,100,
1607,536,619,2.8,130,2,3,4,28,29,100,101,
1608,536,621,6.88,130,2,3,4,5,6,7,8,9,11,
1609,536,623,7.15,78,79,80,81,82,83,84,105,
1610,536,727,2.97,130,2,97,98,65,66,133,
1611,536,726,1.64,130,131,132,
1612,536,810,1.85,130,131,132,156,
1613,536,812,1.92,130,2,97,98,65,
1614,536,813,2.29,130,2,97,98,65,149,
1615,536,815,1.93,130,2,3,4,5,6,
1616,536,816,2.21,78,79,80,81,
1617,536,817,2.34,78,79,80,81,153,
1618,536,818,3.29,78,79,80,81,153,154,
1619,536,819,5.03,78,79,80,81,153,154,155,
1620,536,901,3.58,130,2,3,4,5,6,7,8,172,
1621,536,907,3.1,78,79,80,52,179,
1622,536,913,2.73,143,142,141,69,171,
1623,536,1036,10.96,78,79,80,52,51,50,181,
1624,546,120,3.34,137,19,18,17,16,15,14,13,
1625,546,122,2.66,137,19,18,17,16,15,14,
1626,546,125,1.91,137,19,18,17,16,
1627,546,126,1.69,137,19,18,17,
1628,546,129,1.1,137,19,18,
1629,546,132,0.41,137,
1630,546,135,1.16,137,8,
1631,546,141,2.62,137,8,9,
1632,546,143,3.15,137,8,9,10,
1633,546,154,5.71,137,8,9,11,12,
1634,546,221,4.81,90,89,88,34,33,
1635,546,229,2.33,90,89,88,34,
1636,546,232,1.52,90,89,88,
1637,546,236,1.81,137,19,18,45,
1638,546,242,2.25,137,136,135,
1639,546,252,5.76,137,136,135,32,
1640,546,348,4.57,124,125,51,50,
1641,546,340,1.63,124,125,51,
1642,546,337,0.7,124,125,
1643,546,335,0.87,90,89,
1644,546,329,2,137,19,18,45,46,
1645,546,325,2.92,137,19,18,45,46,47,48,
1646,546,312,6.97,137,19,18,45,46,47,48,49,
1647,546,413,6.48,124,125,126,69,68,
1648,546,424,2.68,124,125,126,69,
1649,546,426,1.9,124,125,126,
1650,546,437,2.76,137,136,135,134,
1651,546,442,4.5,137,136,135,134,67,
1652,546,520,6.37,90,89,88,87,86,85,
1653,546,536,2.56,90,89,88,87,86,
1654,546,546,0,
1655,546,550,0.92,83,
1656,546,560,4.24,83,84,
1657,546,610,7.34,90,89,88,34,33,106,
1658,546,612,2.6,90,89,88,87,108,
1659,546,613,2.23,90,89,88,87,
1660,546,614,2.4,137,19,18,17,16,15,
1661,546,615,2.49,137,19,18,45,46,47,
1662,546,616,2.35,137,19,18,45,46,64,
1663,546,617,2.14,137,136,114,113,
1664,546,618,1.46,137,136,114,
1665,546,619,1.15,137,136,
1666,546,621,4.88,137,8,9,11,
1667,546,623,4.59,83,84,105,
1668,546,727,3.17,137,136,135,134,133,
1669,546,726,3.33,137,136,114,159,158,157,
1670,546,810,3.54,137,136,114,159,158,157,156,
1671,546,812,2.34,137,136,114,159,158,
1672,546,813,1.97,137,136,114,159,
1673,546,815,0.89,137,19,
1674,546,816,0.35,90,
1675,546,817,0.36,124,
1676,546,818,1.31,124,154,
1677,546,819,3.05,124,154,155,
1678,546,901,1.58,137,8,172,
1679,546,907,1.48,124,125,179,
1680,546,913,3.08,124,125,126,69,171,
1681,546,1036,9.34,124,125,51,50,181,
1682,550,120,4.02,173,20,19,18,17,16,15,14,13,
1683,550,122,3.34,173,20,19,18,17,16,15,14,
1684,550,125,2.59,173,20,19,18,17,16,
1685,550,126,2.37,173,20,19,18,17,
1686,550,129,1.78,173,20,19,18,
1687,550,132,1.09,173,20,
1688,550,135,0.34,173,
1689,550,141,1.8,173,9,
1690,550,143,2.33,173,9,10,
1691,550,154,4.89,173,9,11,12,
1692,550,221,5.73,91,90,89,88,34,33,
1693,550,229,3.25,91,90,89,88,34,
1694,550,232,2.44,91,90,89,88,
1695,550,236,2.49,173,20,19,18,45,
1696,550,242,2.72,173,172,115,135,
1697,550,252,6.23,173,172,115,135,32,
1698,550,348,4.59,167,168,180,
1699,550,340,2,167,168,169,
1700,550,337,1.62,91,124,125,
1701,550,335,1.79,91,90,89,
1702,550,329,2.68,173,20,19,18,45,46,
1703,550,325,3.6,173,20,19,18,45,46,47,48,
1704,550,312,7.65,173,20,19,18,45,46,47,48,49,
1705,550,413,7.36,167,168,169,170,68,
1706,550,424,3.56,167,168,169,170,
1707,550,426,2.82,91,124,125,126,
1708,550,437,3.23,173,172,115,135,134,
1709,550,442,4.97,173,172,115,135,134,67,
1710,550,520,7.29,91,90,89,88,87,86,85,
1711,550,536,3.48,91,90,89,88,87,86,
1712,550,546,0.92,91,
1713,550,550,0,
1714,550,560,3.32,84,
1715,550,610,8.26,91,90,89,88,34,33,106,
1716,550,612,3.52,91,90,89,88,87,108,
1717,550,613,3.15,91,90,89,88,87,
1718,550,614,3.08,173,20,19,18,17,16,15,
1719,550,615,3.17,173,20,19,18,45,46,47,
1720,550,616,2.87,173,172,115,114,113,112,
1721,550,617,2.61,173,172,115,114,113,
1722,550,618,1.93,173,172,115,114,
1723,550,619,1.62,173,172,115,
1724,550,621,4.06,173,9,11,
1725,550,623,3.67,84,105,
1726,550,727,3.64,173,172,115,135,134,133,
1727,550,726,3.8,173,172,115,114,159,158,157,
1728,550,810,4.01,173,172,115,114,159,158,157,156,
1729,550,812,2.81,173,172,115,114,159,158,
1730,550,813,2.44,173,172,115,114,159,
1731,550,815,1.57,173,20,19,
1732,550,816,1.27,91,90,
1733,550,817,1.28,91,124,
1734,550,818,0.55,167,
1735,550,819,2.29,167,155,
1736,550,901,0.76,173,172,
1737,550,907,1.27,167,168,
1738,550,913,3.96,167,168,169,170,171,
1739,550,1036,9.36,167,168,180,181,
1740,560,120,7.34,92,173,20,19,18,17,16,15,14,13,
1741,560,122,6.66,92,173,20,19,18,17,16,15,14,
1742,560,125,5.91,92,173,20,19,18,17,16,
1743,560,126,5.69,92,173,20,19,18,17,
1744,560,129,5.1,92,173,20,19,18,
1745,560,132,4.41,92,173,20,
1746,560,135,3.66,92,173,
1747,560,141,3.76,117,23,
1748,560,143,4.29,117,23,10,
1749,560,154,2.33,117,12,
1750,560,221,9.05,92,91,90,89,88,34,33,
1751,560,229,6.57,92,91,90,89,88,34,
1752,560,232,5.76,92,91,90,89,88,
1753,560,236,5.81,92,173,20,19,18,45,
1754,560,242,6.04,92,173,172,115,135,
1755,560,252,9.55,92,173,172,115,135,32,
1756,560,348,7.91,92,167,168,180,
1757,560,340,5.32,92,167,168,169,
1758,560,337,4.94,92,91,124,125,
1759,560,335,5.11,92,91,90,89,
1760,560,329,6,92,173,20,19,18,45,46,
1761,560,325,6.92,92,173,20,19,18,45,46,47,48,
1762,560,312,10.97,92,173,20,19,18,45,46,47,48,49,
1763,560,413,10.68,92,167,168,169,170,68,
1764,560,424,6.88,92,167,168,169,170,
1765,560,426,6.14,92,91,124,125,126,
1766,560,437,6.55,92,173,172,115,135,134,
1767,560,442,8.29,92,173,172,115,135,134,67,
1768,560,520,10.61,92,91,90,89,88,87,86,85,
1769,560,536,6.8,92,91,90,89,88,87,86,
1770,560,546,4.24,92,91,
1771,560,550,3.32,92,
1772,560,560,0,
1773,560,610,11.58,92,91,90,89,88,34,33,106,
1774,560,612,6.84,92,91,90,89,88,87,108,
1775,560,613,6.47,92,91,90,89,88,87,
1776,560,614,6.4,92,173,20,19,18,17,16,15,
1777,560,615,6.49,92,173,20,19,18,45,46,47,
1778,560,616,6.19,92,173,172,115,114,113,112,
1779,560,617,5.93,92,173,172,115,114,113,
1780,560,618,5.25,92,173,172,115,114,
1781,560,619,4.94,92,173,172,115,
1782,560,621,1.5,117,
1783,560,623,0.35,105,
1784,560,727,6.96,92,173,172,115,135,134,133,
1785,560,726,7.12,92,173,172,115,114,159,158,157,
1786,560,810,7.33,92,173,172,115,114,159,158,157,156,
1787,560,812,6.13,92,173,172,115,114,159,158,
1788,560,813,5.76,92,173,172,115,114,159,
1789,560,815,4.89,92,173,20,19,
1790,560,816,4.59,92,91,90,
1791,560,817,4.6,92,91,124,
1792,560,818,3.87,92,167,
1793,560,819,5.61,92,167,155,
1794,560,901,4.08,92,173,172,
1795,560,907,4.59,92,167,168,
1796,560,913,7.28,92,167,168,169,170,171,
1797,560,1036,12.68,92,167,168,180,181,
1798,610,120,6.23,93,94,129,130,13,
1799,610,122,5.55,93,94,129,130,
1800,610,125,6.19,93,94,95,96,3,
1801,610,126,6.41,93,94,95,96,3,4,
1802,610,129,7,93,94,95,96,3,4,5,
1803,610,132,7.69,93,94,95,96,3,4,5,6,7,
1804,610,135,8.44,93,94,95,96,3,4,5,6,7,8,
1805,610,141,9.9,93,94,95,96,3,4,5,6,7,8,9,
1806,610,143,10.43,93,94,95,96,3,4,5,6,7,8,9,10,
1807,610,154,12.99,93,94,95,96,3,4,5,6,7,8,9,11,12,
1808,610,221,2.53,93,
1809,610,229,5.01,93,25,
1810,610,232,5.82,93,25,26,
1811,610,236,6.72,93,94,95,96,3,4,28,
1812,610,242,8.06,93,94,95,96,97,98,65,149,31,
1813,610,252,11.57,93,94,95,96,97,98,65,149,31,32,
1814,610,348,10.58,93,25,141,140,51,50,
1815,610,340,7.64,93,25,141,140,51,
1816,610,337,6.71,93,25,141,140,
1817,610,335,6.47,93,25,26,80,
1818,610,329,6.62,93,94,95,96,3,63,
1819,610,325,5.99,93,94,129,130,131,
1820,610,312,10.04,93,94,129,130,131,49,
1821,610,413,10.09,93,25,141,69,68,
1822,610,424,6.29,93,25,141,69,
1823,610,426,5.51,93,25,141,
1824,610,437,7.84,93,94,95,96,97,98,65,66,
1825,610,442,9.58,93,94,95,96,97,98,65,66,67,
1826,610,520,9.2,93,94,129,85,
1827,610,536,5.39,93,94,129,
1828,610,546,7.34,93,25,26,80,81,82,
1829,610,550,8.26,93,25,26,80,81,82,83,
1830,610,560,11.58,93,25,26,80,81,82,83,84,
1831,610,610,0,
1832,610,612,5.03,93,94,
1833,610,613,5.4,93,94,95,
1834,610,614,5.7,93,94,95,96,
1835,610,615,6.2,93,94,95,96,97,
1836,610,616,6.86,93,94,95,96,97,98,
1837,610,617,7.09,93,94,95,96,3,4,28,29,
1838,610,618,7.77,93,94,95,96,3,4,28,29,100,
1839,610,619,8.08,93,94,95,96,3,4,28,29,100,101,
1840,610,621,12.16,93,94,95,96,3,4,5,6,7,8,9,11,
1841,610,623,11.93,93,25,26,80,81,82,83,84,105,
1842,610,727,8.25,93,94,95,96,97,98,65,66,133,
1843,610,726,7.03,93,94,129,130,131,132,
1844,610,810,7.24,93,94,129,130,131,132,156,
1845,610,812,7.2,93,94,95,96,97,98,65,
1846,610,813,7.57,93,94,95,96,97,98,65,149,
1847,610,815,7.21,93,94,95,96,3,4,5,6,
1848,610,816,6.99,93,25,26,80,81,
1849,610,817,7.05,93,25,141,140,139,
1850,610,818,8,93,25,141,140,139,154,
1851,610,819,9.74,93,25,141,140,139,154,155,
1852,610,901,8.86,93,94,95,96,3,4,5,6,7,8,172,
1853,610,907,7.49,93,25,141,140,179,
1854,610,913,6.69,93,25,141,69,171,
1855,610,1036,15.35,93,25,141,140,51,50,181,
1856,612,120,1.2,129,130,13,
1857,612,122,0.52,129,130,
1858,612,125,1.16,95,96,3,
1859,612,126,1.38,95,96,3,4,
1860,612,129,1.97,95,96,3,4,5,
1861,612,132,2.66,95,96,3,4,5,6,7,
1862,612,135,3.41,95,96,3,4,5,6,7,8,
1863,612,141,4.87,95,96,3,4,5,6,7,8,9,
1864,612,143,5.4,95,96,3,4,5,6,7,8,9,10,
1865,612,154,7.96,95,96,3,4,5,6,7,8,9,11,12,
1866,612,221,2.5,107,
1867,612,229,0.69,142,
1868,612,232,1.08,95,79,
1869,612,236,1.69,95,96,3,4,28,
1870,612,242,3.03,95,96,97,98,65,149,31,
1871,612,252,6.54,95,96,97,98,65,149,31,32,
1872,612,348,6.23,95,79,80,52,51,50,
1873,612,340,3.29,95,79,80,52,51,
1874,612,337,2.36,95,79,80,52,
1875,612,335,1.73,95,79,80,
1876,612,329,1.59,95,96,3,63,
1877,612,325,0.96,129,130,131,
1878,612,312,5.01,129,130,131,49,
1879,612,413,5.77,142,141,69,68,
1880,612,424,1.97,142,141,69,
1881,612,426,1.19,142,141,
1882,612,437,2.81,95,96,97,98,65,66,
1883,612,442,4.55,95,96,97,98,65,66,67,
1884,612,520,4.17,129,85,
1885,612,536,0.36,129,
1886,612,546,2.6,95,79,80,81,82,
1887,612,550,3.52,95,79,80,81,82,83,
1888,612,560,6.84,95,79,80,81,82,83,84,
1889,612,610,5.03,107,106,
1890,612,612,0,
1891,612,613,0.37,95,
1892,612,614,0.67,95,96,
1893,612,615,1.17,95,96,97,
1894,612,616,1.83,95,96,97,98,
1895,612,617,2.06,95,96,3,4,28,29,
1896,612,618,2.74,95,96,3,4,28,29,100,
1897,612,619,3.05,95,96,3,4,28,29,100,101,
1898,612,621,7.13,95,96,3,4,5,6,7,8,9,11,
1899,612,623,7.19,95,79,80,81,82,83,84,105,
1900,612,727,3.22,95,96,97,98,65,66,133,
1901,612,726,2,129,130,131,132,
1902,612,810,2.21,129,130,131,132,156,
1903,612,812,2.17,95,96,97,98,65,
1904,612,813,2.54,95,96,97,98,65,149,
1905,612,815,2.18,95,96,3,4,5,6,
1906,612,816,2.25,95,79,80,81,
1907,612,817,2.38,95,79,80,81,153,
1908,612,818,3.33,95,79,80,81,153,154,
1909,612,819,5.07,95,79,80,81,153,154,155,
1910,612,901,3.83,95,96,3,4,5,6,7,8,172,
1911,612,907,3.14,95,79,80,52,179,
1912,612,913,2.37,142,141,69,171,
1913,612,1036,11,95,79,80,52,51,50,181,
1914,613,120,1.17,86,130,13,
1915,613,122,0.49,86,130,
1916,613,125,0.79,96,3,
1917,613,126,1.01,96,3,4,
1918,613,129,1.6,96,3,4,5,
1919,613,132,2.29,96,3,4,5,6,7,
1920,613,135,3.04,96,3,4,5,6,7,8,
1921,613,141,4.5,96,3,4,5,6,7,8,9,
1922,613,143,5.03,96,3,4,5,6,7,8,9,10,
1923,613,154,7.59,96,3,4,5,6,7,8,9,11,12,
1924,613,221,2.87,108,107,
1925,613,229,1.06,108,142,
1926,613,232,0.71,79,
1927,613,236,1.32,96,3,4,28,
1928,613,242,2.66,96,97,98,65,149,31,
1929,613,252,6.17,96,97,98,65,149,31,32,
1930,613,348,5.86,79,80,52,51,50,
1931,613,340,2.92,79,80,52,51,
1932,613,337,1.99,79,80,52,
1933,613,335,1.36,79,80,
1934,613,329,1.22,96,3,63,
1935,613,325,0.93,86,130,131,
1936,613,312,4.98,86,130,131,49,
1937,613,413,5.96,79,70,69,68,
1938,613,424,2.16,79,70,69,
1939,613,426,1.38,79,70,
1940,613,437,2.44,96,97,98,65,66,
1941,613,442,4.18,96,97,98,65,66,67,
1942,613,520,4.14,86,85,
1943,613,536,0.33,86,
1944,613,546,2.23,79,80,81,82,
1945,613,550,3.15,79,80,81,82,83,
1946,613,560,6.47,79,80,81,82,83,84,
1947,613,610,5.4,108,107,106,
1948,613,612,0.37,108,
1949,613,613,0,
1950,613,614,0.3,96,
1951,613,615,0.8,96,97,
1952,613,616,1.46,96,97,98,
1953,613,617,1.69,96,3,4,28,29,
1954,613,618,2.37,96,3,4,28,29,100,
1955,613,619,2.68,96,3,4,28,29,100,101,
1956,613,621,6.76,96,3,4,5,6,7,8,9,11,
1957,613,623,6.82,79,80,81,82,83,84,105,
1958,613,727,2.85,96,97,98,65,66,133,
1959,613,726,1.97,86,130,131,132,
1960,613,810,2.18,86,130,131,132,156,
1961,613,812,1.8,96,97,98,65,
1962,613,813,2.17,96,97,98,65,149,
1963,613,815,1.81,96,3,4,5,6,
1964,613,816,1.88,79,80,81,
1965,613,817,2.01,79,80,81,153,
1966,613,818,2.96,79,80,81,153,154,
1967,613,819,4.7,79,80,81,153,154,155,
1968,613,901,3.46,96,3,4,5,6,7,8,172,
1969,613,907,2.77,79,80,52,179,
1970,613,913,2.56,79,70,69,171,
1971,613,1036,10.63,79,80,52,51,50,181,
1972,614,120,0.94,14,13,
1973,614,122,0.26,14,
1974,614,125,0.49,3,
1975,614,126,0.71,3,4,
1976,614,129,1.3,3,4,5,
1977,614,132,1.99,3,4,5,6,7,
1978,614,135,2.74,3,4,5,6,7,8,
1979,614,141,4.2,3,4,5,6,7,8,9,
1980,614,143,4.73,3,4,5,6,7,8,9,10,
1981,614,154,7.29,3,4,5,6,7,8,9,11,12,
1982,614,221,3.17,109,108,107,
1983,614,229,1.36,109,108,142,
1984,614,232,1.01,109,79,
1985,614,236,1.02,3,4,28,
1986,614,242,2.36,97,98,65,149,31,
1987,614,252,5.87,97,98,65,149,31,32,
1988,614,348,6.16,109,79,80,52,51,50,
1989,614,340,3.22,109,79,80,52,51,
1990,614,337,2.29,109,79,80,52,
1991,614,335,1.66,109,79,80,
1992,614,329,0.92,3,63,
1993,614,325,0.7,14,131,
1994,614,312,4.75,14,131,49,
1995,614,413,6.26,109,79,70,69,68,
1996,614,424,2.46,109,79,70,69,
1997,614,426,1.68,109,79,70,
1998,614,437,2.14,97,98,65,66,
1999,614,442,3.88,97,98,65,66,67,
2000,614,520,4.23,14,144,85,
2001,614,536,0.42,14,144,
2002,614,546,2.4,3,4,5,6,7,123,
2003,614,550,3.08,3,4,5,6,7,8,166,
2004,614,560,6.4,3,4,5,6,7,8,166,84,
2005,614,610,5.7,109,108,107,106,
2006,614,612,0.67,109,108,
2007,614,613,0.3,109,
2008,614,614,0,
2009,614,615,0.5,97,
2010,614,616,1.16,97,98,
2011,614,617,1.39,3,4,28,29,
2012,614,618,2.07,3,4,28,29,100,
2013,614,619,2.38,3,4,28,29,100,101,
2014,614,621,6.46,3,4,5,6,7,8,9,11,
2015,614,623,6.75,3,4,5,6,7,8,166,84,105,
2016,614,727,2.55,97,98,65,66,133,
2017,614,726,1.74,14,131,132,
2018,614,810,1.95,14,131,132,156,
2019,614,812,1.5,97,98,65,
2020,614,813,1.87,97,98,65,149,
2021,614,815,1.51,3,4,5,6,
2022,614,816,2.18,109,79,80,81,
2023,614,817,2.31,109,79,80,81,153,
2024,614,818,3.26,109,79,80,81,153,154,
2025,614,819,5,109,79,80,81,153,154,155,
2026,614,901,3.16,3,4,5,6,7,8,172,
2027,614,907,3.07,109,79,80,52,179,
2028,614,913,2.86,109,79,70,69,171,
2029,614,1036,10.93,109,79,80,52,51,50,181,
2030,616,120,2.1,111,110,14,13,
2031,616,122,1.42,111,110,14,
2032,616,125,0.78,73,72,
2033,616,126,0.85,73,55,36,
2034,616,129,1.25,73,55,54,
2035,616,132,1.94,73,55,54,6,7,
2036,616,135,2.53,99,100,101,102,165,
2037,616,141,3.99,99,100,101,102,165,9,
2038,616,143,4.52,99,100,101,102,165,9,10,
2039,616,154,7.08,99,100,101,102,165,9,11,12,
2040,616,221,4.33,111,110,109,108,107,
2041,616,229,2.15,73,72,71,34,
2042,616,232,1.34,73,72,71,
2043,616,236,0.54,73,55,
2044,616,242,1.2,65,149,31,
2045,616,252,4.71,65,149,31,32,
2046,616,348,6.29,73,55,54,53,52,51,50,
2047,616,340,3.35,73,55,54,53,52,51,
2048,616,337,2.42,73,55,54,53,52,
2049,616,335,1.79,73,55,54,53,
2050,616,329,0.35,73,
2051,616,325,1.09,111,48,
2052,616,312,5.14,111,48,49,
2053,616,413,6.59,73,72,71,70,69,68,
2054,616,424,2.79,73,72,71,70,69,
2055,616,426,2.01,73,72,71,70,
2056,616,437,0.98,65,66,
2057,616,442,2.72,65,66,67,
2058,616,520,5.39,111,110,14,144,85,
2059,616,536,1.58,111,110,14,144,
2060,616,546,2.35,73,55,54,6,7,123,
2061,616,550,2.87,99,100,101,102,165,166,
2062,616,560,6.19,99,100,101,102,165,166,84,
2063,616,610,6.86,111,110,109,108,107,106,
2064,616,612,1.83,111,110,109,108,
2065,616,613,1.46,111,110,109,
2066,616,614,1.16,111,110,
2067,616,615,0.66,111,
2068,616,616,0,
2069,616,617,0.26,99,
2070,616,618,0.94,99,100,
2071,616,619,1.25,99,100,101,
2072,616,621,6.25,99,100,101,102,165,9,11,
2073,616,623,6.54,99,100,101,102,165,166,84,105,
2074,616,727,1.39,65,66,133,
2075,616,726,1.33,65,157,
2076,616,810,1.54,65,157,156,
2077,616,812,0.34,65,
2078,616,813,0.71,65,149,
2079,616,815,1.46,73,55,54,6,
2080,616,816,2.16,73,55,54,6,152,
2081,616,817,2.29,73,55,54,6,152,153,
2082,616,818,3.24,73,55,54,6,152,153,154,
2083,616,819,4.98,73,55,54,6,152,153,154,155,
2084,616,901,2.11,99,100,101,102,
2085,616,907,3.2,73,55,54,53,52,179,
2086,616,913,3.19,73,72,71,70,69,171,
2087,616,1036,11.06,73,55,54,53,52,51,50,181,
2088,617,120,2.33,37,36,16,15,14,13,
2089,617,122,1.65,37,36,16,15,14,
2090,617,125,0.9,37,36,16,
2091,617,126,0.68,37,36,
2092,617,129,1.08,37,54,
2093,617,132,1.73,100,101,122,
2094,617,135,2.27,100,101,102,165,
2095,617,141,3.73,100,101,102,165,9,
2096,617,143,4.26,100,101,102,165,9,10,
2097,617,154,6.82,100,101,102,165,9,11,12,
2098,617,221,4.56,37,36,16,15,109,108,107,
2099,617,229,2.09,37,36,35,34,
2100,617,232,1.28,37,36,35,
2101,617,236,0.37,37,
2102,617,242,1.1,30,31,
2103,617,252,4.61,30,31,32,
2104,617,348,6.12,37,54,53,52,51,50,
2105,617,340,3.18,37,54,53,52,51,
2106,617,337,2.25,37,54,53,52,
2107,617,335,1.62,37,54,53,
2108,617,329,0.56,37,46,
2109,617,325,1.35,112,111,48,
2110,617,312,5.4,112,111,48,49,
2111,617,413,6.53,37,36,35,70,69,68,
2112,617,424,2.73,37,36,35,70,69,
2113,617,426,1.95,37,36,35,70,
2114,617,437,1.24,112,65,66,
2115,617,442,2.98,112,65,66,67,
2116,617,520,5.62,37,36,16,15,14,144,85,
2117,617,536,1.81,37,36,16,15,14,144,
2118,617,546,2.14,100,101,122,123,
2119,617,550,2.61,100,101,102,165,166,
2120,617,560,5.93,100,101,102,165,166,84,
2121,617,610,7.09,37,36,16,15,109,108,107,106,
2122,617,612,2.06,37,36,16,15,109,108,
2123,617,613,1.69,37,36,16,15,109,
2124,617,614,1.39,37,36,16,15,
2125,617,615,0.92,112,111,
2126,617,616,0.26,112,
2127,617,617,0,
2128,617,618,0.68,100,
2129,617,619,0.99,100,101,
2130,617,621,5.99,100,101,102,165,9,11,
2131,617,623,6.28,100,101,102,165,166,84,105,
2132,617,727,1.65,112,65,66,133,
2133,617,726,1.59,112,65,157,
2134,617,810,1.8,112,65,157,156,
2135,617,812,0.6,112,65,
2136,617,813,0.61,30,
2137,617,815,1.29,37,54,6,
2138,617,816,1.99,37,54,6,152,
2139,617,817,2.12,37,54,6,152,153,
2140,617,818,3.07,37,54,6,152,153,154,
2141,617,819,4.81,37,54,6,152,153,154,155,
2142,617,901,1.85,100,101,102,
2143,617,907,3.03,37,54,53,52,179,
2144,617,913,3.13,37,36,35,70,69,171,
2145,617,1036,10.89,37,54,53,52,51,50,181,
2146,618,120,3.01,113,37,36,16,15,14,13,
2147,618,122,2.33,113,37,36,16,15,14,
2148,618,125,1.58,113,37,36,16,
2149,618,126,1.36,113,37,36,
2150,618,129,0.94,151,18,
2151,618,132,1.05,101,122,
2152,618,135,1.59,101,102,165,
2153,618,141,3.05,101,102,165,9,
2154,618,143,3.58,101,102,165,9,10,
2155,618,154,6.14,101,102,165,9,11,12,
2156,618,221,5.24,113,37,36,16,15,109,108,107,
2157,618,229,2.77,113,37,36,35,34,
2158,618,232,1.96,113,37,36,35,
2159,618,236,1.05,113,37,
2160,618,242,1,159,31,
2161,618,252,4.51,159,31,32,
2162,618,348,5.77,151,152,153,125,51,50,
2163,618,340,2.83,151,152,153,125,51,
2164,618,337,1.9,151,152,153,125,
2165,618,335,1.48,151,18,53,
2166,618,329,1.24,113,37,46,
2167,618,325,2.03,113,112,111,48,
2168,618,312,6.08,113,112,111,48,49,
2169,618,413,7.21,113,37,36,35,70,69,68,
2170,618,424,3.41,113,37,36,35,70,69,
2171,618,426,2.63,113,37,36,35,70,
2172,618,437,1.51,159,31,134,
2173,618,442,3.25,159,31,134,67,
2174,618,520,6.3,113,37,36,16,15,14,144,85,
2175,618,536,2.49,113,37,36,16,15,14,144,
2176,618,546,1.46,101,122,123,
2177,618,550,1.93,101,102,165,166,
2178,618,560,5.25,101,102,165,166,84,
2179,618,610,7.77,113,37,36,16,15,109,108,107,106,
2180,618,612,2.74,113,37,36,16,15,109,108,
2181,618,613,2.37,113,37,36,16,15,109,
2182,618,614,2.07,113,37,36,16,15,
2183,618,615,1.6,113,112,111,
2184,618,616,0.94,113,112,
2185,618,617,0.68,113,
2186,618,618,0,
2187,618,619,0.31,101,
2188,618,621,5.31,101,102,165,9,11,
2189,618,623,5.6,101,102,165,166,84,105,
2190,618,727,1.92,159,31,134,133,
2191,618,726,1.87,159,158,157,
2192,618,810,2.08,159,158,157,156,
2193,618,812,0.88,159,158,
2194,618,813,0.51,159,
2195,618,815,0.73,151,
2196,618,816,1.43,151,152,
2197,618,817,1.56,151,152,153,
2198,618,818,2.48,101,102,165,166,167,
2199,618,819,4.22,101,102,165,166,167,155,
2200,618,901,1.17,101,102,
2201,618,907,2.68,151,152,153,125,179,
2202,618,913,3.81,113,37,36,35,70,69,171,
2203,618,1036,10.54,151,152,153,125,51,50,181,
2204,619,120,3.32,114,113,37,36,16,15,14,13,
2205,619,122,2.64,114,113,37,36,16,15,14,
2206,619,125,1.89,114,113,37,36,16,
2207,619,126,1.67,114,113,37,36,
2208,619,129,1.25,114,151,18,
2209,619,132,0.74,122,
2210,619,135,1.28,102,165,
2211,619,141,2.74,102,165,9,
2212,619,143,3.27,102,165,9,10,
2213,619,154,5.83,102,165,9,11,12,
2214,619,221,5.55,114,113,37,36,16,15,109,108,107,
2215,619,229,3.08,114,113,37,36,35,34,
2216,619,232,2.27,114,113,37,36,35,
2217,619,236,1.36,114,113,37,
2218,619,242,1.1,135,
2219,619,252,4.61,135,32,
2220,619,348,5.72,122,123,124,125,51,50,
2221,619,340,2.78,122,123,124,125,51,
2222,619,337,1.85,122,123,124,125,
2223,619,335,1.79,114,151,18,53,
2224,619,329,1.55,114,113,37,46,
2225,619,325,2.34,114,113,112,111,48,
2226,619,312,6.39,114,113,112,111,48,49,
2227,619,413,7.52,114,113,37,36,35,70,69,68,
2228,619,424,3.72,114,113,37,36,35,70,69,
2229,619,426,2.94,114,113,37,36,35,70,
2230,619,437,1.61,135,134,
2231,619,442,3.35,135,134,67,
2232,619,520,6.61,114,113,37,36,16,15,14,144,85,
2233,619,536,2.8,114,113,37,36,16,15,14,144,
2234,619,546,1.15,122,123,
2235,619,550,1.62,102,165,166,
2236,619,560,4.94,102,165,166,84,
2237,619,610,8.08,114,113,37,36,16,15,109,108,107,106,
2238,619,612,3.05,114,113,37,36,16,15,109,108,
2239,619,613,2.68,114,113,37,36,16,15,109,
2240,619,614,2.38,114,113,37,36,16,15,
2241,619,615,1.91,114,113,112,111,
2242,619,616,1.25,114,113,112,
2243,619,617,0.99,114,113,
2244,619,618,0.31,114,
2245,619,619,0,
2246,619,621,5,102,165,9,11,
2247,619,623,5.29,102,165,166,84,105,
2248,619,727,2.02,135,134,133,
2249,619,726,2.18,114,159,158,157,
2250,619,810,2.39,114,159,158,157,156,
2251,619,812,1.19,114,159,158,
2252,619,813,0.82,114,159,
2253,619,815,1.04,114,151,
2254,619,816,1.5,122,123,90,
2255,619,817,1.51,122,123,124,
2256,619,818,2.17,102,165,166,167,
2257,619,819,3.91,102,165,166,167,155,
2258,619,901,0.86,102,
2259,619,907,2.63,122,123,124,125,179,
2260,619,913,4.12,114,113,37,36,35,70,69,171,
2261,619,1036,10.49,122,123,124,125,51,50,181,
2262,621,120,7.4,23,21,20,19,18,17,16,15,14,13,
2263,621,122,6.72,23,21,20,19,18,17,16,15,14,
2264,621,125,5.97,23,21,20,19,18,17,16,
2265,621,126,5.75,23,21,20,19,18,17,
2266,621,129,5.16,23,21,20,19,18,
2267,621,132,4.47,23,21,20,
2268,621,135,3.72,23,21,
2269,621,141,2.26,23,
2270,621,143,2.79,23,10,
2271,621,154,0.83,12,
2272,621,221,9.63,23,21,20,19,18,17,16,15,109,108,107,
2273,621,229,7.16,23,21,20,19,18,17,35,34,
2274,621,232,6.35,23,21,20,19,18,17,35,
2275,621,236,5.87,23,21,20,19,18,45,
2276,621,242,6.1,23,21,172,115,135,
2277,621,252,9.61,23,21,172,115,135,32,
2278,621,348,8.65,23,21,166,167,168,180,
2279,621,340,6.06,23,21,166,167,168,169,
2280,621,337,5.58,23,21,20,123,124,125,
2281,621,335,5.7,23,21,20,19,18,53,
2282,621,329,6.06,23,21,20,19,18,45,46,
2283,621,325,6.98,23,21,20,19,18,45,46,47,48,
2284,621,312,11.03,23,21,20,19,18,45,46,47,48,49,
2285,621,413,11.36,23,21,20,123,124,125,126,69,68,
2286,621,424,7.56,23,21,20,123,124,125,126,69,
2287,621,426,6.78,23,21,20,123,124,125,126,
2288,621,437,6.61,23,21,172,115,135,134,
2289,621,442,8.35,23,21,172,115,135,134,67,
2290,621,520,10.69,23,21,20,19,18,17,16,15,14,144,85,
2291,621,536,6.88,23,21,20,19,18,17,16,15,14,144,
2292,621,546,4.88,23,21,20,123,
2293,621,550,4.06,23,21,166,
2294,621,560,1.5,104,
2295,621,610,12.16,23,21,20,19,18,17,16,15,109,108,107,106,
2296,621,612,7.13,23,21,20,19,18,17,16,15,109,108,
2297,621,613,6.76,23,21,20,19,18,17,16,15,109,
2298,621,614,6.46,23,21,20,19,18,17,16,15,
2299,621,615,6.55,23,21,20,19,18,45,46,47,
2300,621,616,6.25,23,21,172,115,114,113,112,
2301,621,617,5.99,23,21,172,115,114,113,
2302,621,618,5.31,23,21,172,115,114,
2303,621,619,5,23,21,172,115,
2304,621,621,0,
2305,621,623,1.85,104,105,
2306,621,727,7.02,23,21,172,115,135,134,133,
2307,621,726,7.18,23,21,172,115,114,159,158,157,
2308,621,810,7.39,23,21,172,115,114,159,158,157,156,
2309,621,812,6.19,23,21,172,115,114,159,158,
2310,621,813,5.82,23,21,172,115,114,159,
2311,621,815,4.95,23,21,20,19,
2312,621,816,5.23,23,21,20,123,90,
2313,621,817,5.24,23,21,20,123,124,
2314,621,818,4.61,23,21,166,167,
2315,621,819,6.35,23,21,166,167,155,
2316,621,901,4.14,23,21,172,
2317,621,907,5.33,23,21,166,167,168,
2318,621,913,7.96,23,21,20,123,124,125,126,69,171,
2319,621,1036,13.42,23,21,166,167,168,180,181,
2320,623,120,7.69,118,92,173,20,19,18,17,16,15,14,13,
2321,623,122,7.01,118,92,173,20,19,18,17,16,15,14,
2322,623,125,6.26,118,92,173,20,19,18,17,16,
2323,623,126,6.04,118,92,173,20,19,18,17,
2324,623,129,5.45,118,92,173,20,19,18,
2325,623,132,4.76,118,92,173,20,
2326,623,135,4.01,118,92,173,
2327,623,141,4.11,118,117,23,
2328,623,143,4.64,118,117,23,10,
2329,623,154,2.68,118,117,12,
2330,623,221,9.4,118,92,91,90,89,88,34,33,
2331,623,229,6.92,118,92,91,90,89,88,34,
2332,623,232,6.11,118,92,91,90,89,88,
2333,623,236,6.16,118,92,173,20,19,18,45,
2334,623,242,6.39,118,92,173,172,115,135,
2335,623,252,9.9,118,92,173,172,115,135,32,
2336,623,348,8.26,118,92,167,168,180,
2337,623,340,5.67,118,92,167,168,169,
2338,623,337,5.29,118,92,91,124,125,
2339,623,335,5.46,118,92,91,90,89,
2340,623,329,6.35,118,92,173,20,19,18,45,46,
2341,623,325,7.27,118,92,173,20,19,18,45,46,47,48,
2342,623,312,11.32,118,92,173,20,19,18,45,46,47,48,49,
2343,623,413,11.03,118,92,167,168,169,170,68,
2344,623,424,7.23,118,92,167,168,169,170,
2345,623,426,6.49,118,92,91,124,125,126,
2346,623,437,6.9,118,92,173,172,115,135,134,
2347,623,442,8.64,118,92,173,172,115,135,134,67,
2348,623,520,10.96,118,92,91,90,89,88,87,86,85,
2349,623,536,7.15,118,92,91,90,89,88,87,86,
2350,623,546,4.59,118,92,91,
2351,623,550,3.67,118,92,
2352,623,560,0.35,118,
2353,623,610,11.93,118,92,91,90,89,88,34,33,106,
2354,623,612,7.19,118,92,91,90,89,88,87,108,
2355,623,613,6.82,118,92,91,90,89,88,87,
2356,623,614,6.75,118,92,173,20,19,18,17,16,15,
2357,623,615,6.84,118,92,173,20,19,18,45,46,47,
2358,623,616,6.54,118,92,173,172,115,114,113,112,
2359,623,617,6.28,118,92,173,172,115,114,113,
2360,623,618,5.6,118,92,173,172,115,114,
2361,623,619,5.29,118,92,173,172,115,
2362,623,621,1.85,118,117,
2363,623,623,0,
2364,623,727,7.31,118,92,173,172,115,135,134,133,
2365,623,726,7.47,118,92,173,172,115,114,159,158,157,
2366,623,810,7.68,118,92,173,172,115,114,159,158,157,156,
2367,623,812,6.48,118,92,173,172,115,114,159,158,
2368,623,813,6.11,118,92,173,172,115,114,159,
2369,623,815,5.24,118,92,173,20,19,
2370,623,816,4.94,118,92,91,90,
2371,623,817,4.95,118,92,91,124,
2372,623,818,4.22,118,92,167,
2373,623,819,5.96,118,92,167,155,
2374,623,901,4.43,118,92,173,172,
2375,623,907,4.94,118,92,167,168,
2376,623,913,7.63,118,92,167,168,169,170,171,
2377,623,1036,13.03,118,92,167,168,180,181,
2378,727,120,3.49,119,75,74,111,110,14,13,
2379,727,122,2.81,119,75,74,111,110,14,
2380,727,125,2.17,119,75,74,73,72,
2381,727,126,2.24,119,75,74,73,55,36,
2382,727,129,2.64,119,75,74,73,55,54,
2383,727,132,2.76,119,120,121,122,
2384,727,135,3.3,119,120,121,102,165,
2385,727,141,4.76,119,120,121,102,165,9,
2386,727,143,5.29,119,120,121,102,165,9,10,
2387,727,154,7.85,119,120,121,102,165,9,11,12,
2388,727,221,5.72,119,75,74,111,110,109,108,107,
2389,727,229,3.54,119,75,74,73,72,71,34,
2390,727,232,2.73,119,75,74,73,72,71,
2391,727,236,1.93,119,75,74,73,55,
2392,727,242,0.92,119,120,
2393,727,252,4.43,119,120,32,
2394,727,348,7.68,119,75,74,73,55,54,53,52,51,50,
2395,727,340,4.74,119,75,74,73,55,54,53,52,51,
2396,727,337,3.81,119,75,74,73,55,54,53,52,
2397,727,335,3.18,119,75,74,73,55,54,53,
2398,727,329,1.74,119,75,74,73,
2399,727,325,2.48,119,75,74,111,48,
2400,727,312,6.53,119,75,74,111,48,49,
2401,727,413,7.98,119,75,74,73,72,71,70,69,68,
2402,727,424,4.18,119,75,74,73,72,71,70,69,
2403,727,426,3.4,119,75,74,73,72,71,70,
2404,727,437,0.41,119,
2405,727,442,2.15,119,67,
2406,727,520,6.78,119,75,74,111,110,14,144,85,
2407,727,536,2.97,119,75,74,111,110,14,144,
2408,727,546,3.17,119,120,121,122,123,
2409,727,550,3.64,119,120,121,102,165,166,
2410,727,560,6.96,119,120,121,102,165,166,84,
2411,727,610,8.25,119,75,74,111,110,109,108,107,106,
2412,727,612,3.22,119,75,74,111,110,109,108,
2413,727,613,2.85,119,75,74,111,110,109,
2414,727,614,2.55,119,75,74,111,110,
2415,727,615,2.05,119,75,74,111,
2416,727,616,1.39,119,75,74,
2417,727,617,1.65,119,75,74,99,
2418,727,618,1.92,119,120,39,150,
2419,727,619,2.02,119,120,121,
2420,727,621,7.02,119,120,121,102,165,9,11,
2421,727,623,7.31,119,120,121,102,165,166,84,105,
2422,727,727,0,
2423,727,726,2.04,119,75,157,
2424,727,810,2.25,119,75,157,156,
2425,727,812,1.05,119,75,
2426,727,813,1.41,119,120,39,
2427,727,815,2.65,119,120,39,150,151,
2428,727,816,3.35,119,120,39,150,151,152,
2429,727,817,3.48,119,120,39,150,151,152,153,
2430,727,818,4.19,119,120,121,102,165,166,167,
2431,727,819,5.93,119,120,121,102,165,166,167,155,
2432,727,901,2.88,119,120,121,102,
2433,727,907,4.59,119,75,74,73,55,54,53,52,179,
2434,727,913,4.58,119,75,74,73,72,71,70,69,171,
2435,727,1036,12.45,119,75,74,73,55,54,53,52,51,50,181,
2436,726,120,2.16,146,145,13,
2437,726,122,1.48,146,145,
2438,726,125,2.11,148,74,73,72,
2439,726,126,2.18,148,74,73,55,36,
2440,726,129,2.58,148,74,73,55,54,
2441,726,132,2.92,148,149,150,101,122,
2442,726,135,3.46,148,149,150,101,102,165,
2443,726,141,4.92,148,149,150,101,102,165,9,
2444,726,143,5.45,148,149,150,101,102,165,9,10,
2445,726,154,8.01,148,149,150,101,102,165,9,11,12,
2446,726,221,4.5,146,145,144,143,107,
2447,726,229,2.69,146,145,144,143,142,
2448,726,232,2.67,148,74,73,72,71,
2449,726,236,1.87,148,74,73,55,
2450,726,242,1.85,148,149,31,
2451,726,252,5.36,148,149,31,32,
2452,726,348,7.62,148,74,73,55,54,53,52,51,50,
2453,726,340,4.68,148,74,73,55,54,53,52,51,
2454,726,337,3.75,148,74,73,55,54,53,52,
2455,726,335,3.12,148,74,73,55,54,53,
2456,726,329,1.68,148,74,73,
2457,726,325,1.04,146,
2458,726,312,5.09,146,49,
2459,726,413,7.77,146,145,144,143,142,141,69,68,
2460,726,424,3.97,146,145,144,143,142,141,69,
2461,726,426,3.19,146,145,144,143,142,141,
2462,726,437,1.63,148,66,
2463,726,442,3.37,148,66,67,
2464,726,520,5.45,146,145,144,85,
2465,726,536,1.64,146,145,144,
2466,726,546,3.33,148,149,150,101,122,123,
2467,726,550,3.8,148,149,150,101,102,165,166,
2468,726,560,7.12,148,149,150,101,102,165,166,84,
2469,726,610,7.03,146,145,144,143,107,106,
2470,726,612,2,146,145,144,143,
2471,726,613,1.97,146,145,144,78,
2472,726,614,1.74,146,145,2,
2473,726,615,1.47,146,57,
2474,726,616,1.33,148,74,
2475,726,617,1.59,148,74,99,
2476,726,618,1.87,148,149,150,
2477,726,619,2.18,148,149,150,101,
2478,726,621,7.18,148,149,150,101,102,165,9,11,
2479,726,623,7.47,148,149,150,101,102,165,166,84,105,
2480,726,727,2.04,148,66,133,
2481,726,726,0,
2482,726,810,0.21,156,
2483,726,812,0.99,148,
2484,726,813,1.36,148,149,
2485,726,815,2.6,148,149,150,151,
2486,726,816,3.3,148,149,150,151,152,
2487,726,817,3.43,148,149,150,151,152,153,
2488,726,818,4.35,148,149,150,101,102,165,166,167,
2489,726,819,6.09,148,149,150,101,102,165,166,167,155,
2490,726,901,3.04,148,149,150,101,102,
2491,726,907,4.53,148,74,73,55,54,53,52,179,
2492,726,913,4.37,146,145,144,143,142,141,69,171,
2493,726,1036,12.39,148,74,73,55,54,53,52,51,50,181,
2494,810,120,2.37,147,146,145,13,
2495,810,122,1.69,147,146,145,
2496,810,125,2.32,147,148,74,73,72,
2497,810,126,2.39,147,148,74,73,55,36,
2498,810,129,2.79,147,148,74,73,55,54,
2499,810,132,3.13,147,148,149,150,101,122,
2500,810,135,3.67,147,148,149,150,101,102,165,
2501,810,141,5.13,147,148,149,150,101,102,165,9,
2502,810,143,5.66,147,148,149,150,101,102,165,9,10,
2503,810,154,8.22,147,148,149,150,101,102,165,9,11,12,
2504,810,221,4.71,147,146,145,144,143,107,
2505,810,229,2.9,147,146,145,144,143,142,
2506,810,232,2.88,147,148,74,73,72,71,
2507,810,236,2.08,147,148,74,73,55,
2508,810,242,2.06,147,148,149,31,
2509,810,252,5.57,147,148,149,31,32,
2510,810,348,7.83,147,148,74,73,55,54,53,52,51,50,
2511,810,340,4.89,147,148,74,73,55,54,53,52,51,
2512,810,337,3.96,147,148,74,73,55,54,53,52,
2513,810,335,3.33,147,148,74,73,55,54,53,
2514,810,329,1.89,147,148,74,73,
2515,810,325,1.25,147,146,
2516,810,312,5.3,147,146,49,
2517,810,413,7.98,147,146,145,144,143,142,141,69,68,
2518,810,424,4.18,147,146,145,144,143,142,141,69,
2519,810,426,3.4,147,146,145,144,143,142,141,
2520,810,437,1.84,147,148,66,
2521,810,442,3.58,147,148,66,67,
2522,810,520,5.66,147,146,145,144,85,
2523,810,536,1.85,147,146,145,144,
2524,810,546,3.54,147,148,149,150,101,122,123,
2525,810,550,4.01,147,148,149,150,101,102,165,166,
2526,810,560,7.33,147,148,149,150,101,102,165,166,84,
2527,810,610,7.24,147,146,145,144,143,107,106,
2528,810,612,2.21,147,146,145,144,143,
2529,810,613,2.18,147,146,145,144,78,
2530,810,614,1.95,147,146,145,2,
2531,810,615,1.68,147,146,57,
2532,810,616,1.54,147,148,74,
2533,810,617,1.8,147,148,74,99,
2534,810,618,2.08,147,148,149,150,
2535,810,619,2.39,147,148,149,150,101,
2536,810,621,7.39,147,148,149,150,101,102,165,9,11,
2537,810,623,7.68,147,148,149,150,101,102,165,166,84,105,
2538,810,727,2.25,147,148,66,133,
2539,810,726,0.21,147,
2540,810,810,0,
2541,810,812,1.2,147,148,
2542,810,813,1.57,147,148,149,
2543,810,815,2.81,147,148,149,150,151,
2544,810,816,3.51,147,148,149,150,151,152,
2545,810,817,3.64,147,148,149,150,151,152,153,
2546,810,818,4.56,147,148,149,150,101,102,165,166,167,
2547,810,819,6.3,147,148,149,150,101,102,165,166,167,155,
2548,810,901,3.25,147,148,149,150,101,102,
2549,810,907,4.74,147,148,74,73,55,54,53,52,179,
2550,810,913,4.58,147,146,145,144,143,142,141,69,171,
2551,810,1036,12.6,147,148,74,73,55,54,53,52,51,50,181,
2552,812,120,2.44,74,111,110,14,13,
2553,812,122,1.76,74,111,110,14,
2554,812,125,1.12,74,73,72,
2555,812,126,1.19,74,73,55,36,
2556,812,129,1.59,74,73,55,54,
2557,812,132,1.93,149,150,101,122,
2558,812,135,2.47,149,150,101,102,165,
2559,812,141,3.93,149,150,101,102,165,9,
2560,812,143,4.46,149,150,101,102,165,9,10,
2561,812,154,7.02,149,150,101,102,165,9,11,12,
2562,812,221,4.67,74,111,110,109,108,107,
2563,812,229,2.49,74,73,72,71,34,
2564,812,232,1.68,74,73,72,71,
2565,812,236,0.88,74,73,55,
2566,812,242,0.86,149,31,
2567,812,252,4.37,149,31,32,
2568,812,348,6.63,74,73,55,54,53,52,51,50,
2569,812,340,3.69,74,73,55,54,53,52,51,
2570,812,337,2.76,74,73,55,54,53,52,
2571,812,335,2.13,74,73,55,54,53,
2572,812,329,0.69,74,73,
2573,812,325,1.43,74,111,48,
2574,812,312,5.48,74,111,48,49,
2575,812,413,6.93,74,73,72,71,70,69,68,
2576,812,424,3.13,74,73,72,71,70,69,
2577,812,426,2.35,74,73,72,71,70,
2578,812,437,0.64,66,
2579,812,442,2.38,66,67,
2580,812,520,5.73,74,111,110,14,144,85,
2581,812,536,1.92,74,111,110,14,144,
2582,812,546,2.34,149,150,101,122,123,
2583,812,550,2.81,149,150,101,102,165,166,
2584,812,560,6.13,149,150,101,102,165,166,84,
2585,812,610,7.2,74,111,110,109,108,107,106,
2586,812,612,2.17,74,111,110,109,108,
2587,812,613,1.8,74,111,110,109,
2588,812,614,1.5,74,111,110,
2589,812,615,1,74,111,
2590,812,616,0.34,74,
2591,812,617,0.6,74,99,
2592,812,618,0.88,149,150,
2593,812,619,1.19,149,150,101,
2594,812,621,6.19,149,150,101,102,165,9,11,
2595,812,623,6.48,149,150,101,102,165,166,84,105,
2596,812,727,1.05,66,133,
2597,812,726,0.99,157,
2598,812,810,1.2,157,156,
2599,812,812,0,
2600,812,813,0.37,149,
2601,812,815,1.61,149,150,151,
2602,812,816,2.31,149,150,151,152,
2603,812,817,2.44,149,150,151,152,153,
2604,812,818,3.36,149,150,101,102,165,166,167,
2605,812,819,5.1,149,150,101,102,165,166,167,155,
2606,812,901,2.05,149,150,101,102,
2607,812,907,3.54,74,73,55,54,53,52,179,
2608,812,913,3.53,74,73,72,71,70,69,171,
2609,812,1036,11.4,74,73,55,54,53,52,51,50,181,
2610,813,120,2.81,158,74,111,110,14,13,
2611,813,122,2.13,158,74,111,110,14,
2612,813,125,1.49,158,74,73,72,
2613,813,126,1.29,38,37,36,
2614,813,129,1.45,150,151,18,
2615,813,132,1.56,150,101,122,
2616,813,135,2.1,150,101,102,165,
2617,813,141,3.56,150,101,102,165,9,
2618,813,143,4.09,150,101,102,165,9,10,
2619,813,154,6.65,150,101,102,165,9,11,12,
2620,813,221,5.04,158,74,111,110,109,108,107,
2621,813,229,2.7,38,37,36,35,34,
2622,813,232,1.89,38,37,36,35,
2623,813,236,0.98,38,37,
2624,813,242,0.49,31,
2625,813,252,4,31,32,
2626,813,348,6.28,150,151,152,153,125,51,50,
2627,813,340,3.34,150,151,152,153,125,51,
2628,813,337,2.41,150,151,152,153,125,
2629,813,335,1.99,150,151,18,53,
2630,813,329,1.06,158,74,73,
2631,813,325,1.8,158,74,111,48,
2632,813,312,5.85,158,74,111,48,49,
2633,813,413,7.14,38,37,36,35,70,69,68,
2634,813,424,3.34,38,37,36,35,70,69,
2635,813,426,2.56,38,37,36,35,70,
2636,813,437,1,31,134,
2637,813,442,2.74,31,134,67,
2638,813,520,6.1,158,74,111,110,14,144,85,
2639,813,536,2.29,158,74,111,110,14,144,
2640,813,546,1.97,150,101,122,123,
2641,813,550,2.44,150,101,102,165,166,
2642,813,560,5.76,150,101,102,165,166,84,
2643,813,610,7.57,158,74,111,110,109,108,107,106,
2644,813,612,2.54,158,74,111,110,109,108,
2645,813,613,2.17,158,74,111,110,109,
2646,813,614,1.87,158,74,111,110,
2647,813,615,1.37,158,74,111,
2648,813,616,0.71,158,74,
2649,813,617,0.61,38,
2650,813,618,0.51,150,
2651,813,619,0.82,150,101,
2652,813,621,5.82,150,101,102,165,9,11,
2653,813,623,6.11,150,101,102,165,166,84,105,
2654,813,727,1.41,31,134,133,
2655,813,726,1.36,158,157,
2656,813,810,1.57,158,157,156,
2657,813,812,0.37,158,
2658,813,813,0,
2659,813,815,1.24,150,151,
2660,813,816,1.94,150,151,152,
2661,813,817,2.07,150,151,152,153,
2662,813,818,2.99,150,101,102,165,166,167,
2663,813,819,4.73,150,101,102,165,166,167,155,
2664,813,901,1.68,150,101,102,
2665,813,907,3.19,150,151,152,153,125,179,
2666,813,913,3.74,38,37,36,35,70,69,171,
2667,813,1036,11.05,150,151,152,153,125,51,50,181,
2668,815,120,2.45,18,17,16,15,14,13,
2669,815,122,1.77,18,17,16,15,14,
2670,815,125,1.02,18,17,16,
2671,815,126,0.8,18,17,
2672,815,129,0.21,18,
2673,815,132,0.48,7,
2674,815,135,1.23,7,8,
2675,815,141,2.69,7,8,9,
2676,815,143,3.22,7,8,9,10,
2677,815,154,5.78,7,8,9,11,12,
2678,815,221,4.68,18,17,16,15,109,108,107,
2679,815,229,2.21,18,17,35,34,
2680,815,232,1.4,18,17,35,
2681,815,236,0.92,18,45,
2682,815,242,1.73,160,159,31,
2683,815,252,5.24,160,159,31,32,
2684,815,348,5.04,152,153,125,51,50,
2685,815,340,2.1,152,153,125,51,
2686,815,337,1.17,152,153,125,
2687,815,335,0.75,18,53,
2688,815,329,1.11,18,45,46,
2689,815,325,2.03,18,45,46,47,48,
2690,815,312,6.08,18,45,46,47,48,49,
2691,815,413,6.65,18,17,35,70,69,68,
2692,815,424,2.85,18,17,35,70,69,
2693,815,426,2.07,18,17,35,70,
2694,815,437,2.24,160,159,31,134,
2695,815,442,3.98,160,159,31,134,67,
2696,815,520,5.74,18,17,16,15,14,144,85,
2697,815,536,1.93,18,17,16,15,14,144,
2698,815,546,0.89,7,123,
2699,815,550,1.57,7,8,166,
2700,815,560,4.89,7,8,166,84,
2701,815,610,7.21,18,17,16,15,109,108,107,106,
2702,815,612,2.18,18,17,16,15,109,108,
2703,815,613,1.81,18,17,16,15,109,
2704,815,614,1.51,18,17,16,15,
2705,815,615,1.6,18,45,46,47,
2706,815,616,1.46,18,45,46,64,
2707,815,617,1.29,18,45,29,
2708,815,618,0.73,160,
2709,815,619,1.04,160,101,
2710,815,621,4.95,7,8,9,11,
2711,815,623,5.24,7,8,166,84,105,
2712,815,727,2.65,160,159,31,134,133,
2713,815,726,2.6,160,159,158,157,
2714,815,810,2.81,160,159,158,157,156,
2715,815,812,1.61,160,159,158,
2716,815,813,1.24,160,159,
2717,815,815,0,
2718,815,816,0.7,152,
2719,815,817,0.83,152,153,
2720,815,818,1.78,152,153,154,
2721,815,819,3.52,152,153,154,155,
2722,815,901,1.65,7,8,172,
2723,815,907,1.95,152,153,125,179,
2724,815,913,3.25,18,17,35,70,69,171,
2725,815,1036,9.81,152,153,125,51,50,181,
2726,816,120,3.05,89,88,87,86,130,13,
2727,816,122,2.37,89,88,87,86,130,
2728,816,125,1.72,161,18,17,16,
2729,816,126,1.5,161,18,17,
2730,816,129,0.91,161,18,
2731,816,132,0.76,82,137,
2732,816,135,1.51,82,137,8,
2733,816,141,2.97,82,137,8,9,
2734,816,143,3.5,82,137,8,9,10,
2735,816,154,6.06,82,137,8,9,11,12,
2736,816,221,4.46,89,88,34,33,
2737,816,229,1.98,89,88,34,
2738,816,232,1.17,89,88,
2739,816,236,1.62,161,18,45,
2740,816,242,2.43,161,160,159,31,
2741,816,252,5.94,161,160,159,31,32,
2742,816,348,4.34,153,125,51,50,
2743,816,340,1.4,153,125,51,
2744,816,337,0.47,153,125,
2745,816,335,0.52,89,
2746,816,329,1.81,161,18,45,46,
2747,816,325,2.73,161,18,45,46,47,48,
2748,816,312,6.78,161,18,45,46,47,48,49,
2749,816,413,6.25,153,125,126,69,68,
2750,816,424,2.45,153,125,126,69,
2751,816,426,1.67,153,125,126,
2752,816,437,2.94,161,160,159,31,134,
2753,816,442,4.68,161,160,159,31,134,67,
2754,816,520,6.02,89,88,87,86,85,
2755,816,536,2.21,89,88,87,86,
2756,816,546,0.35,82,
2757,816,550,1.27,82,83,
2758,816,560,4.59,82,83,84,
2759,816,610,6.99,89,88,34,33,106,
2760,816,612,2.25,89,88,87,108,
2761,816,613,1.88,89,88,87,
2762,816,614,2.18,89,88,87,96,
2763,816,615,2.3,161,18,45,46,47,
2764,816,616,2.16,161,18,45,46,64,
2765,816,617,1.99,161,18,45,29,
2766,816,618,1.43,161,160,
2767,816,619,1.5,82,137,136,
2768,816,621,5.23,82,137,8,9,11,
2769,816,623,4.94,82,83,84,105,
2770,816,727,3.35,161,160,159,31,134,133,
2771,816,726,3.3,161,160,159,158,157,
2772,816,810,3.51,161,160,159,158,157,156,
2773,816,812,2.31,161,160,159,158,
2774,816,813,1.94,161,160,159,
2775,816,815,0.7,161,
2776,816,816,0,
2777,816,817,0.13,153,
2778,816,818,1.08,153,154,
2779,816,819,2.82,153,154,155,
2780,816,901,1.93,82,137,8,172,
2781,816,907,1.25,153,125,179,
2782,816,913,2.85,153,125,126,69,171,
2783,816,1036,9.11,153,125,51,50,181,
2784,817,120,3.18,162,89,88,87,86,130,13,
2785,817,122,2.5,162,89,88,87,86,130,
2786,817,125,1.85,162,161,18,17,16,
2787,817,126,1.63,162,161,18,17,
2788,817,129,1.04,162,161,18,
2789,817,132,0.77,138,137,
2790,817,135,1.52,138,137,8,
2791,817,141,2.98,138,137,8,9,
2792,817,143,3.51,138,137,8,9,10,
2793,817,154,6.07,138,137,8,9,11,12,
2794,817,221,4.52,125,126,127,33,
2795,817,229,2.04,125,126,127,
2796,817,232,1.3,162,89,88,
2797,817,236,1.75,162,161,18,45,
2798,817,242,2.56,162,161,160,159,31,
2799,817,252,6.07,162,161,160,159,31,32,
2800,817,348,4.21,125,51,50,
2801,817,340,1.27,125,51,
2802,817,337,0.34,125,
2803,817,335,0.65,162,89,
2804,817,329,1.94,162,161,18,45,46,
2805,817,325,2.86,162,161,18,45,46,47,48,
2806,817,312,6.91,162,161,18,45,46,47,48,49,
2807,817,413,6.12,125,126,69,68,
2808,817,424,2.32,125,126,69,
2809,817,426,1.54,125,126,
2810,817,437,3.07,162,161,160,159,31,134,
2811,817,442,4.81,162,161,160,159,31,134,67,
2812,817,520,6.15,162,89,88,87,86,85,
2813,817,536,2.34,162,89,88,87,86,
2814,817,546,0.36,138,
2815,817,550,1.28,138,83,
2816,817,560,4.6,138,83,84,
2817,817,610,7.05,125,126,127,33,106,
2818,817,612,2.38,162,89,88,87,108,
2819,817,613,2.01,162,89,88,87,
2820,817,614,2.31,162,89,88,87,96,
2821,817,615,2.43,162,161,18,45,46,47,
2822,817,616,2.29,162,161,18,45,46,64,
2823,817,617,2.12,162,161,18,45,29,
2824,817,618,1.56,162,161,160,
2825,817,619,1.51,138,137,136,
2826,817,621,5.24,138,137,8,9,11,
2827,817,623,4.95,138,83,84,105,
2828,817,727,3.48,162,161,160,159,31,134,133,
2829,817,726,3.43,162,161,160,159,158,157,
2830,817,810,3.64,162,161,160,159,158,157,156,
2831,817,812,2.44,162,161,160,159,158,
2832,817,813,2.07,162,161,160,159,
2833,817,815,0.83,162,161,
2834,817,816,0.13,162,
2835,817,817,0,
2836,817,818,0.95,154,
2837,817,819,2.69,154,155,
2838,817,901,1.94,138,137,8,172,
2839,817,907,1.12,125,179,
2840,817,913,2.72,125,126,69,171,
2841,817,1036,8.98,125,51,50,181,
2842,818,120,4.13,163,162,89,88,87,86,130,13,
2843,818,122,3.45,163,162,89,88,87,86,130,
2844,818,125,2.8,163,162,161,18,17,16,
2845,818,126,2.58,163,162,161,18,17,
2846,818,129,1.99,163,162,161,18,
2847,818,132,1.64,174,173,20,
2848,818,135,0.89,174,173,
2849,818,141,2.35,174,173,9,
2850,818,143,2.88,174,173,9,10,
2851,818,154,5.44,174,173,9,11,12,
2852,818,221,5.47,163,125,126,127,33,
2853,818,229,2.99,163,125,126,127,
2854,818,232,2.25,163,162,89,88,
2855,818,236,2.7,163,162,161,18,45,
2856,818,242,3.27,174,173,172,115,135,
2857,818,252,6.78,174,173,172,115,135,32,
2858,818,348,4.04,168,180,
2859,818,340,1.45,168,169,
2860,818,337,1.29,163,125,
2861,818,335,1.6,163,162,89,
2862,818,329,2.89,163,162,161,18,45,46,
2863,818,325,3.81,163,162,161,18,45,46,47,48,
2864,818,312,7.86,163,162,161,18,45,46,47,48,49,
2865,818,413,6.81,168,169,170,68,
2866,818,424,3.01,168,169,170,
2867,818,426,2.49,163,125,126,
2868,818,437,3.78,174,173,172,115,135,134,
2869,818,442,5.52,174,173,172,115,135,134,67,
2870,818,520,7.1,163,162,89,88,87,86,85,
2871,818,536,3.29,163,162,89,88,87,86,
2872,818,546,1.31,163,138,
2873,818,550,0.55,174,
2874,818,560,3.87,174,84,
2875,818,610,8,163,125,126,127,33,106,
2876,818,612,3.33,163,162,89,88,87,108,
2877,818,613,2.96,163,162,89,88,87,
2878,818,614,3.26,163,162,89,88,87,96,
2879,818,615,3.38,163,162,161,18,45,46,47,
2880,818,616,3.24,163,162,161,18,45,46,64,
2881,818,617,3.07,163,162,161,18,45,29,
2882,818,618,2.48,174,173,172,115,114,
2883,818,619,2.17,174,173,172,115,
2884,818,621,4.61,174,173,9,11,
2885,818,623,4.22,174,84,105,
2886,818,727,4.19,174,173,172,115,135,134,133,
2887,818,726,4.35,174,173,172,115,114,159,158,157,
2888,818,810,4.56,174,173,172,115,114,159,158,157,156,
2889,818,812,3.36,174,173,172,115,114,159,158,
2890,818,813,2.99,174,173,172,115,114,159,
2891,818,815,1.78,163,162,161,
2892,818,816,1.08,163,162,
2893,818,817,0.95,163,
2894,818,818,0,
2895,818,819,1.74,155,
2896,818,901,1.31,174,173,172,
2897,818,907,0.72,168,
2898,818,913,3.41,168,169,170,171,
2899,818,1036,8.81,168,180,181,
2900,819,120,5.87,164,163,162,89,88,87,86,130,13,
2901,819,122,5.19,164,163,162,89,88,87,86,130,
2902,819,125,4.54,164,163,162,161,18,17,16,
2903,819,126,4.32,164,163,162,161,18,17,
2904,819,129,3.73,164,163,162,161,18,
2905,819,132,3.38,164,174,173,20,
2906,819,135,2.63,164,174,173,
2907,819,141,4.09,164,174,173,9,
2908,819,143,4.62,164,174,173,9,10,
2909,819,154,7.18,164,174,173,9,11,12,
2910,819,221,7.21,164,163,125,126,127,33,
2911,819,229,4.73,164,163,125,126,127,
2912,819,232,3.99,164,163,162,89,88,
2913,819,236,4.44,164,163,162,161,18,45,
2914,819,242,5.01,164,174,173,172,115,135,
2915,819,252,8.52,164,174,173,172,115,135,32,
2916,819,348,5.78,164,168,180,
2917,819,340,3.19,164,168,169,
2918,819,337,3.03,164,163,125,
2919,819,335,3.34,164,163,162,89,
2920,819,329,4.63,164,163,162,161,18,45,46,
2921,819,325,5.55,164,163,162,161,18,45,46,47,48,
2922,819,312,9.6,164,163,162,161,18,45,46,47,48,49,
2923,819,413,8.55,164,168,169,170,68,
2924,819,424,4.75,164,168,169,170,
2925,819,426,4.23,164,163,125,126,
2926,819,437,5.52,164,174,173,172,115,135,134,
2927,819,442,7.26,164,174,173,172,115,135,134,67,
2928,819,520,8.84,164,163,162,89,88,87,86,85,
2929,819,536,5.03,164,163,162,89,88,87,86,
2930,819,546,3.05,164,163,138,
2931,819,550,2.29,164,174,
2932,819,560,5.61,164,174,84,
2933,819,610,9.74,164,163,125,126,127,33,106,
2934,819,612,5.07,164,163,162,89,88,87,108,
2935,819,613,4.7,164,163,162,89,88,87,
2936,819,614,5,164,163,162,89,88,87,96,
2937,819,615,5.12,164,163,162,161,18,45,46,47,
2938,819,616,4.98,164,163,162,161,18,45,46,64,
2939,819,617,4.81,164,163,162,161,18,45,29,
2940,819,618,4.22,164,174,173,172,115,114,
2941,819,619,3.91,164,174,173,172,115,
2942,819,621,6.35,164,174,173,9,11,
2943,819,623,5.96,164,174,84,105,
2944,819,727,5.93,164,174,173,172,115,135,134,133,
2945,819,726,6.09,164,174,173,172,115,114,159,158,157,
2946,819,810,6.3,164,174,173,172,115,114,159,158,157,156,
2947,819,812,5.1,164,174,173,172,115,114,159,158,
2948,819,813,4.73,164,174,173,172,115,114,159,
2949,819,815,3.52,164,163,162,161,
2950,819,816,2.82,164,163,162,
2951,819,817,2.69,164,163,
2952,819,818,1.74,164,
2953,819,819,0,
2954,819,901,3.05,164,174,173,172,
2955,819,907,2.46,164,168,
2956,819,913,5.15,164,168,169,170,171,
2957,819,1036,10.55,164,168,180,181,
2958,901,120,4.1,165,20,19,18,17,16,15,14,13,
2959,901,122,3.42,165,20,19,18,17,16,15,14,
2960,901,125,2.67,165,20,19,18,17,16,
2961,901,126,2.45,165,20,19,18,17,
2962,901,129,1.86,165,20,19,18,
2963,901,132,1.17,165,20,
2964,901,135,0.42,165,
2965,901,141,1.88,165,9,
2966,901,143,2.41,165,9,10,
2967,901,154,4.97,165,9,11,12,
2968,901,221,6.33,165,20,19,18,17,16,15,109,108,107,
2969,901,229,3.86,165,20,19,18,17,35,34,
2970,901,232,3.05,165,20,19,18,17,35,
2971,901,236,2.22,115,114,113,37,
2972,901,242,1.96,115,135,
2973,901,252,5.47,115,135,32,
2974,901,348,5.35,165,166,167,168,180,
2975,901,340,2.76,165,166,167,168,169,
2976,901,337,2.28,165,20,123,124,125,
2977,901,335,2.4,165,20,19,18,53,
2978,901,329,2.41,115,114,113,37,46,
2979,901,325,3.2,115,114,113,112,111,48,
2980,901,312,7.25,115,114,113,112,111,48,49,
2981,901,413,8.06,165,20,123,124,125,126,69,68,
2982,901,424,4.26,165,20,123,124,125,126,69,
2983,901,426,3.48,165,20,123,124,125,126,
2984,901,437,2.47,115,135,134,
2985,901,442,4.21,115,135,134,67,
2986,901,520,7.39,165,20,19,18,17,16,15,14,144,85,
2987,901,536,3.58,165,20,19,18,17,16,15,14,144,
2988,901,546,1.58,165,20,123,
2989,901,550,0.76,165,166,
2990,901,560,4.08,165,166,84,
2991,901,610,8.86,165,20,19,18,17,16,15,109,108,107,106,
2992,901,612,3.83,165,20,19,18,17,16,15,109,108,
2993,901,613,3.46,165,20,19,18,17,16,15,109,
2994,901,614,3.16,165,20,19,18,17,16,15,
2995,901,615,2.77,115,114,113,112,111,
2996,901,616,2.11,115,114,113,112,
2997,901,617,1.85,115,114,113,
2998,901,618,1.17,115,114,
2999,901,619,0.86,115,
3000,901,621,4.14,165,9,11,
3001,901,623,4.43,165,166,84,105,
3002,901,727,2.88,115,135,134,133,
3003,901,726,3.04,115,114,159,158,157,
3004,901,810,3.25,115,114,159,158,157,156,
3005,901,812,2.05,115,114,159,158,
3006,901,813,1.68,115,114,159,
3007,901,815,1.65,165,20,19,
3008,901,816,1.93,165,20,123,90,
3009,901,817,1.94,165,20,123,124,
3010,901,818,1.31,165,166,167,
3011,901,819,3.05,165,166,167,155,
3012,901,901,0,
3013,901,907,2.03,165,166,167,168,
3014,901,913,4.66,165,20,123,124,125,126,69,171,
3015,901,1036,10.12,165,166,167,168,180,181,
3016,907,120,3.94,182,43,88,87,86,130,13,
3017,907,122,3.26,182,43,88,87,86,130,
3018,907,125,2.62,182,43,88,62,
3019,907,126,2.54,182,43,44,17,
3020,907,129,1.95,182,43,44,
3021,907,132,1.89,182,139,138,137,
3022,907,135,1.61,175,174,173,
3023,907,141,3.07,175,174,173,9,
3024,907,143,3.6,175,174,173,9,10,
3025,907,154,6.16,175,174,173,9,11,12,
3026,907,221,4.96,182,126,127,33,
3027,907,229,2.48,182,126,127,
3028,907,232,2.06,182,43,88,
3029,907,236,2.66,182,43,44,45,
3030,907,242,3.68,182,139,162,161,160,159,31,
3031,907,252,7.19,182,139,162,161,160,159,31,32,
3032,907,348,3.32,180,
3033,907,340,0.73,169,
3034,907,337,0.78,182,
3035,907,335,1.41,182,43,
3036,907,329,2.85,182,43,44,45,46,
3037,907,325,3.7,182,43,88,87,86,130,131,
3038,907,312,7.75,182,43,88,87,86,130,131,49,
3039,907,413,6.09,169,170,68,
3040,907,424,2.29,169,170,
3041,907,426,1.98,182,126,
3042,907,437,4.18,182,43,44,45,46,64,65,66,
3043,907,442,5.92,182,43,44,45,46,64,65,66,67,
3044,907,520,6.91,182,43,88,87,86,85,
3045,907,536,3.1,182,43,88,87,86,
3046,907,546,1.48,182,139,138,
3047,907,550,1.27,175,174,
3048,907,560,4.59,175,174,84,
3049,907,610,7.49,182,126,127,33,106,
3050,907,612,3.14,182,43,88,87,108,
3051,907,613,2.77,182,43,88,87,
3052,907,614,3.07,182,43,88,87,96,
3053,907,615,3.34,182,43,44,45,46,47,
3054,907,616,3.2,182,43,44,45,46,64,
3055,907,617,3.03,182,43,44,45,29,
3056,907,618,2.68,182,139,162,161,160,
3057,907,619,2.63,182,139,138,137,136,
3058,907,621,5.33,175,174,173,9,11,
3059,907,623,4.94,175,174,84,105,
3060,907,727,4.59,182,43,44,45,46,64,65,66,133,
3061,907,726,4.53,182,43,44,45,46,64,65,157,
3062,907,810,4.74,182,43,44,45,46,64,65,157,156,
3063,907,812,3.54,182,43,44,45,46,64,65,
3064,907,813,3.19,182,139,162,161,160,159,
3065,907,815,1.95,182,139,162,161,
3066,907,816,1.25,182,139,162,
3067,907,817,1.12,182,139,
3068,907,818,0.72,175,
3069,907,819,2.46,175,155,
3070,907,901,2.03,175,174,173,172,
3071,907,907,0,
3072,907,913,2.69,169,170,171,
3073,907,1036,8.09,180,181,
3074,913,120,3.57,178,60,127,128,129,130,13,
3075,913,122,2.89,178,60,127,128,129,130,
3076,913,125,2.41,178,60,61,62,
3077,913,126,2.45,178,60,61,27,
3078,913,129,3.04,178,60,61,27,5,
3079,913,132,3.49,178,60,140,139,138,137,
3080,913,135,4.24,178,60,140,139,138,137,8,
3081,913,141,5.7,178,60,140,139,138,137,8,9,
3082,913,143,6.23,178,60,140,139,138,137,8,9,10,
3083,913,154,8.79,178,60,140,139,138,137,8,9,11,12,
3084,913,221,4.16,178,60,127,33,
3085,913,229,1.68,178,60,127,
3086,913,232,1.85,178,60,61,
3087,913,236,2.76,178,60,61,27,28,
3088,913,242,4.23,178,60,61,27,28,29,30,31,
3089,913,252,7.74,178,60,61,27,28,29,30,31,32,
3090,913,348,4.9,178,177,50,
3091,913,340,1.96,178,177,
3092,913,337,2.38,178,60,140,
3093,913,335,2.5,178,60,61,80,
3094,913,329,2.84,178,60,61,62,63,
3095,913,325,3.33,178,60,127,128,129,130,131,
3096,913,312,7.38,178,60,127,128,129,130,131,49,
3097,913,413,4.2,178,68,
3098,913,424,0.4,178,
3099,913,426,1.18,178,60,
3100,913,437,4.17,178,60,61,62,63,64,65,66,
3101,913,442,5.91,178,60,61,62,63,64,65,66,67,
3102,913,520,6.54,178,60,127,128,129,85,
3103,913,536,2.73,178,60,127,128,129,
3104,913,546,3.08,178,60,140,139,138,
3105,913,550,3.96,178,177,176,175,174,
3106,913,560,7.28,178,177,176,175,174,84,
3107,913,610,6.69,178,60,127,33,106,
3108,913,612,2.37,178,60,127,128,
3109,913,613,2.56,178,60,61,87,
3110,913,614,2.86,178,60,61,87,96,
3111,913,615,3.33,178,60,61,62,63,47,
3112,913,616,3.19,178,60,61,62,63,64,
3113,913,617,3.13,178,60,61,27,28,29,
3114,913,618,3.81,178,60,61,27,28,29,100,
3115,913,619,4.12,178,60,61,27,28,29,100,101,
3116,913,621,7.96,178,60,140,139,138,137,8,9,11,
3117,913,623,7.63,178,177,176,175,174,84,105,
3118,913,727,4.58,178,60,61,62,63,64,65,66,133,
3119,913,726,4.37,178,60,127,128,129,130,131,132,
3120,913,810,4.58,178,60,127,128,129,130,131,132,156,
3121,913,812,3.53,178,60,61,62,63,64,65,
3122,913,813,3.74,178,60,61,27,28,29,30,
3123,913,815,3.25,178,60,61,27,5,6,
3124,913,816,2.85,178,60,140,139,162,
3125,913,817,2.72,178,60,140,139,
3126,913,818,3.41,178,177,176,175,
3127,913,819,5.15,178,177,176,175,155,
3128,913,901,4.66,178,60,140,139,138,137,8,172,
3129,913,907,2.69,178,177,176,
3130,913,913,0,
3131,913,1036,9.67,178,177,50,181,
3132,1036,120,11.8,184,41,42,43,88,87,86,130,13,
3133,1036,122,11.12,184,41,42,43,88,87,86,130,
3134,1036,125,10.48,184,41,42,43,88,62,
3135,1036,126,10.4,184,41,42,43,44,17,
3136,1036,129,9.81,184,41,42,43,44,
3137,1036,132,9.75,184,41,42,139,138,137,
3138,1036,135,9.7,184,183,175,174,173,
3139,1036,141,11.16,184,183,175,174,173,9,
3140,1036,143,11.69,184,183,175,174,173,9,10,
3141,1036,154,14.25,184,183,175,174,173,9,11,12,
3142,1036,221,12.82,184,41,42,126,127,33,
3143,1036,229,10.34,184,41,42,126,127,
3144,1036,232,9.92,184,41,42,43,88,
3145,1036,236,10.52,184,41,42,43,44,45,
3146,1036,242,11.54,184,41,42,139,162,161,160,159,31,
3147,1036,252,15.05,184,41,42,139,162,161,160,159,31,32,
3148,1036,348,4.77,184,
3149,1036,340,7.71,184,41,
3150,1036,337,8.64,184,41,42,
3151,1036,335,9.27,184,41,42,43,
3152,1036,329,10.71,184,41,42,43,44,45,46,
3153,1036,325,11.56,184,41,42,43,88,87,86,130,131,
3154,1036,312,15.61,184,41,42,43,88,87,86,130,131,49,
3155,1036,413,13.07,184,41,170,68,
3156,1036,424,9.27,184,41,170,
3157,1036,426,9.84,184,41,42,126,
3158,1036,437,12.04,184,41,42,43,44,45,46,64,65,66,
3159,1036,442,13.78,184,41,42,43,44,45,46,64,65,66,67,
3160,1036,520,14.77,184,41,42,43,88,87,86,85,
3161,1036,536,10.96,184,41,42,43,88,87,86,
3162,1036,546,9.34,184,41,42,139,138,
3163,1036,550,9.36,184,183,175,174,
3164,1036,560,12.68,184,183,175,174,84,
3165,1036,610,15.35,184,41,42,126,127,33,106,
3166,1036,612,11,184,41,42,43,88,87,108,
3167,1036,613,10.63,184,41,42,43,88,87,
3168,1036,614,10.93,184,41,42,43,88,87,96,
3169,1036,615,11.2,184,41,42,43,44,45,46,47,
3170,1036,616,11.06,184,41,42,43,44,45,46,64,
3171,1036,617,10.89,184,41,42,43,44,45,29,
3172,1036,618,10.54,184,41,42,139,162,161,160,
3173,1036,619,10.49,184,41,42,139,138,137,136,
3174,1036,621,13.42,184,183,175,174,173,9,11,
3175,1036,623,13.03,184,183,175,174,84,105,
3176,1036,727,12.45,184,41,42,43,44,45,46,64,65,66,133,
3177,1036,726,12.39,184,41,42,43,44,45,46,64,65,157,
3178,1036,810,12.6,184,41,42,43,44,45,46,64,65,157,156,
3179,1036,812,11.4,184,41,42,43,44,45,46,64,65,
3180,1036,813,11.05,184,41,42,139,162,161,160,159,
3181,1036,815,9.81,184,41,42,139,162,161,
3182,1036,816,9.11,184,41,42,139,162,
3183,1036,817,8.98,184,41,42,139,
3184,1036,818,8.81,184,183,175,
3185,1036,819,10.55,184,183,175,155,
3186,1036,901,10.12,184,183,175,174,173,172,
3187,1036,907,8.09,184,183,
3188,1036,913,9.67,184,41,170,171,
3189,1036,1036,0,
