ID,From_dcenter,To_community,cost
0,120,120,0,
1,120,122,0.68,1,
2,120,125,1.43,1,2,3,
3,120,126,1.65,1,2,3,4,
4,120,129,2.24,1,2,3,4,5,
5,120,132,2.93,1,2,3,4,5,6,7,
6,120,135,3.68,1,2,3,4,5,6,7,8,
7,120,141,5.14,1,2,3,4,5,6,7,8,9,
8,120,143,5.67,1,2,3,4,5,6,7,8,9,10,
9,120,154,8.23,1,2,3,4,5,6,7,8,9,11,12,
10,120,221,3.7,1,144,143,107,
11,120,229,1.89,1,144,143,142,
12,120,232,1.88,1,144,78,79,
13,120,236,1.96,1,2,3,4,28,
14,120,242,3.3,1,2,97,98,65,149,31,
15,120,252,6.81,1,2,97,98,65,149,31,32,
16,120,348,7.03,1,144,78,79,80,52,51,50,
17,120,340,4.09,1,144,78,79,80,52,51,
18,120,337,3.16,1,144,78,79,80,52,
19,120,335,2.53,1,144,78,79,80,
20,120,329,1.86,1,2,3,63,
21,120,325,1.12,1,131,
22,120,312,5.17,1,131,49,
23,120,413,6.97,1,144,143,142,141,69,68,
24,120,424,3.17,1,144,143,142,141,69,
25,120,426,2.39,1,144,143,142,141,
26,120,437,3.08,1,2,97,98,65,66,
27,120,442,4.82,1,2,97,98,65,66,67,
28,120,520,4.65,1,144,85,
29,120,536,0.84,1,144,
30,120,546,3.34,1,2,3,4,5,6,7,123,
31,120,550,4.02,1,2,3,4,5,6,7,8,166,
32,120,560,7.34,1,2,3,4,5,6,7,8,166,84,
33,120,610,6.23,1,144,143,107,106,
34,120,612,1.2,1,144,143,
35,120,613,1.17,1,144,78,
36,120,614,0.94,1,2,
37,120,615,1.44,1,2,97,
38,120,616,2.1,1,2,97,98,
39,120,617,2.33,1,2,3,4,28,29,
40,120,618,3.01,1,2,3,4,28,29,100,
41,120,619,3.32,1,2,3,4,28,29,100,101,
42,120,621,7.4,1,2,3,4,5,6,7,8,9,11,
43,120,623,7.69,1,2,3,4,5,6,7,8,166,84,105,
44,120,727,3.49,1,2,97,98,65,66,133,
45,120,726,2.16,1,131,132,
46,120,810,2.37,1,131,132,156,
47,120,812,2.44,1,2,97,98,65,
48,120,813,2.81,1,2,97,98,65,149,
49,120,815,2.45,1,2,3,4,5,6,
50,120,816,3.05,1,144,78,79,80,81,
51,120,817,3.18,1,144,78,79,80,81,153,
52,120,818,4.13,1,144,78,79,80,81,153,154,
53,120,819,5.87,1,144,78,79,80,81,153,154,155,
54,120,901,4.1,1,2,3,4,5,6,7,8,172,
55,120,907,3.94,1,144,78,79,80,52,179,
56,120,913,3.57,1,144,143,142,141,69,171,
57,120,1036,11.8,1,144,78,79,80,52,51,50,181,
58,122,120,0.68,13,
59,122,122,0,
60,122,125,0.75,2,3,
61,122,126,0.97,2,3,4,
62,122,129,1.56,2,3,4,5,
63,122,132,2.25,2,3,4,5,6,7,
64,122,135,3,2,3,4,5,6,7,8,
65,122,141,4.46,2,3,4,5,6,7,8,9,
66,122,143,4.99,2,3,4,5,6,7,8,9,10,
67,122,154,7.55,2,3,4,5,6,7,8,9,11,12,
68,122,221,3.02,144,143,107,
69,122,229,1.21,144,143,142,
70,122,232,1.2,144,78,79,
71,122,236,1.28,2,3,4,28,
72,122,242,2.62,2,97,98,65,149,31,
73,122,252,6.13,2,97,98,65,149,31,32,
74,122,348,6.35,144,78,79,80,52,51,50,
75,122,340,3.41,144,78,79,80,52,51,
76,122,337,2.48,144,78,79,80,52,
77,122,335,1.85,144,78,79,80,
78,122,329,1.18,2,3,63,
79,122,325,0.44,131,
80,122,312,4.49,131,49,
81,122,413,6.29,144,143,142,141,69,68,
82,122,424,2.49,144,143,142,141,69,
83,122,426,1.71,144,143,142,141,
84,122,437,2.4,2,97,98,65,66,
85,122,442,4.14,2,97,98,65,66,67,
86,122,520,3.97,144,85,
87,122,536,0.16,144,
88,122,546,2.66,2,3,4,5,6,7,123,
89,122,550,3.34,2,3,4,5,6,7,8,166,
90,122,560,6.66,2,3,4,5,6,7,8,166,84,
91,122,610,5.55,144,143,107,106,
92,122,612,0.52,144,143,
93,122,613,0.49,144,78,
94,122,614,0.26,2,
95,122,615,0.76,2,97,
96,122,616,1.42,2,97,98,
97,122,617,1.65,2,3,4,28,29,
98,122,618,2.33,2,3,4,28,29,100,
99,122,619,2.64,2,3,4,28,29,100,101,
100,122,621,6.72,2,3,4,5,6,7,8,9,11,
101,122,623,7.01,2,3,4,5,6,7,8,166,84,105,
102,122,727,2.81,2,97,98,65,66,133,
103,122,726,1.48,131,132,
104,122,810,1.69,131,132,156,
105,122,812,1.76,2,97,98,65,
106,122,813,2.13,2,97,98,65,149,
107,122,815,1.77,2,3,4,5,6,
108,122,816,2.37,144,78,79,80,81,
109,122,817,2.5,144,78,79,80,81,153,
110,122,818,3.45,144,78,79,80,81,153,154,
111,122,819,5.19,144,78,79,80,81,153,154,155,
112,122,901,3.42,2,3,4,5,6,7,8,172,
113,122,907,3.26,144,78,79,80,52,179,
114,122,913,2.89,144,143,142,141,69,171,
115,122,1036,11.12,144,78,79,80,52,51,50,181,
116,125,120,1.43,15,14,13,
117,125,122,0.75,15,14,
118,125,125,0,
119,125,126,0.22,4,
120,125,129,0.81,4,5,
121,125,132,1.5,4,5,6,7,
122,125,135,2.25,4,5,6,7,8,
123,125,141,3.71,4,5,6,7,8,9,
124,125,143,4.24,4,5,6,7,8,9,10,
125,125,154,6.8,4,5,6,7,8,9,11,12,
126,125,221,3.66,15,109,108,107,
127,125,229,1.37,71,34,
128,125,232,0.56,71,
129,125,236,0.53,4,28,
130,125,242,1.98,63,64,65,149,31,
131,125,252,5.49,63,64,65,149,31,32,
132,125,348,5.71,71,80,52,51,50,
133,125,340,2.77,71,80,52,51,
134,125,337,1.84,71,80,52,
135,125,335,1.21,71,80,
136,125,329,0.43,63,
137,125,325,1.19,15,14,131,
138,125,312,5.24,15,14,131,49,
139,125,413,5.81,71,70,69,68,
140,125,424,2.01,71,70,69,
141,125,426,1.23,71,70,
142,125,437,1.76,63,64,65,66,
143,125,442,3.5,63,64,65,66,67,
144,125,520,4.72,15,14,144,85,
145,125,536,0.91,15,14,144,
146,125,546,1.91,4,5,6,7,123,
147,125,550,2.59,4,5,6,7,8,166,
148,125,560,5.91,4,5,6,7,8,166,84,
149,125,610,6.19,15,109,108,107,106,
150,125,612,1.16,15,109,108,
151,125,613,0.79,15,109,
152,125,614,0.49,15,
153,125,615,0.92,63,47,
154,125,616,0.78,63,64,
155,125,617,0.9,4,28,29,
156,125,618,1.58,4,28,29,100,
157,125,619,1.89,4,28,29,100,101,
158,125,621,5.97,4,5,6,7,8,9,11,
159,125,623,6.26,4,5,6,7,8,166,84,105,
160,125,727,2.17,63,64,65,66,133,
161,125,726,2.11,63,64,65,157,
162,125,810,2.32,63,64,65,157,156,
163,125,812,1.12,63,64,65,
164,125,813,1.49,63,64,65,149,
165,125,815,1.02,4,5,6,
166,125,816,1.72,4,5,6,152,
167,125,817,1.85,4,5,6,152,153,
168,125,818,2.8,4,5,6,152,153,154,
169,125,819,4.54,4,5,6,152,153,154,155,
170,125,901,2.67,4,5,6,7,8,172,
171,125,907,2.62,71,80,52,179,
172,125,913,2.41,71,70,69,171,
173,125,1036,10.48,71,80,52,51,50,181,
174,126,120,1.65,16,15,14,13,
175,126,122,0.97,16,15,14,
176,126,125,0.22,16,
177,126,126,0,
178,126,129,0.59,5,
179,126,132,1.28,5,6,7,
180,126,135,2.03,5,6,7,8,
181,126,141,3.49,5,6,7,8,9,
182,126,143,4.02,5,6,7,8,9,10,
183,126,154,6.58,5,6,7,8,9,11,12,
184,126,221,3.88,16,15,109,108,107,
185,126,229,1.41,35,34,
186,126,232,0.6,35,
187,126,236,0.31,28,
188,126,242,1.78,28,29,30,31,
189,126,252,5.29,28,29,30,31,32,
190,126,348,5.63,5,53,52,51,50,
191,126,340,2.69,5,53,52,51,
192,126,337,1.76,5,53,52,
193,126,335,1.13,5,53,
194,126,329,0.5,28,46,
195,126,325,1.41,16,15,14,131,
196,126,312,5.46,16,15,14,131,49,
197,126,413,5.85,35,70,69,68,
198,126,424,2.05,35,70,69,
199,126,426,1.27,35,70,
200,126,437,1.83,28,46,64,65,66,
201,126,442,3.57,28,46,64,65,66,67,
202,126,520,4.94,16,15,14,144,85,
203,126,536,1.13,16,15,14,144,
204,126,546,1.69,5,6,7,123,
205,126,550,2.37,5,6,7,8,166,
206,126,560,5.69,5,6,7,8,166,84,
207,126,610,6.41,16,15,109,108,107,106,
208,126,612,1.38,16,15,109,108,
209,126,613,1.01,16,15,109,
210,126,614,0.71,16,15,
211,126,615,0.99,28,46,47,
212,126,616,0.85,28,46,64,
213,126,617,0.68,28,29,
214,126,618,1.36,28,29,100,
215,126,619,1.67,28,29,100,101,
216,126,621,5.75,5,6,7,8,9,11,
217,126,623,6.04,5,6,7,8,166,84,105,
218,126,727,2.24,28,46,64,65,66,133,
219,126,726,2.18,28,46,64,65,157,
220,126,810,2.39,28,46,64,65,157,156,
221,126,812,1.19,28,46,64,65,
222,126,813,1.29,28,29,30,
223,126,815,0.8,5,6,
224,126,816,1.5,5,6,152,
225,126,817,1.63,5,6,152,153,
226,126,818,2.58,5,6,152,153,154,
227,126,819,4.32,5,6,152,153,154,155,
228,126,901,2.45,5,6,7,8,172,
229,126,907,2.54,5,53,52,179,
230,126,913,2.45,35,70,69,171,
231,126,1036,10.4,5,53,52,51,50,181,
232,129,120,2.24,17,16,15,14,13,
233,129,122,1.56,17,16,15,14,
234,129,125,0.81,17,16,
235,129,126,0.59,17,
236,129,129,0,
237,129,132,0.69,6,7,
238,129,135,1.44,6,7,8,
239,129,141,2.9,6,7,8,9,
240,129,143,3.43,6,7,8,9,10,
241,129,154,5.99,6,7,8,9,11,12,
242,129,221,4.47,17,16,15,109,108,107,
243,129,229,2,17,35,34,
244,129,232,1.19,17,35,
245,129,236,0.71,45,
246,129,242,1.94,6,160,159,31,
247,129,252,5.45,6,160,159,31,32,
248,129,348,5.04,53,52,51,50,
249,129,340,2.1,53,52,51,
250,129,337,1.17,53,52,
251,129,335,0.54,53,
252,129,329,0.9,45,46,
253,129,325,1.82,45,46,47,48,
254,129,312,5.87,45,46,47,48,49,
255,129,413,6.44,17,35,70,69,68,
256,129,424,2.64,17,35,70,69,
257,129,426,1.86,17,35,70,
258,129,437,2.23,45,46,64,65,66,
259,129,442,3.97,45,46,64,65,66,67,
260,129,520,5.53,17,16,15,14,144,85,
261,129,536,1.72,17,16,15,14,144,
262,129,546,1.1,6,7,123,
263,129,550,1.78,6,7,8,166,
264,129,560,5.1,6,7,8,166,84,
265,129,610,7,17,16,15,109,108,107,106,
266,129,612,1.97,17,16,15,109,108,
267,129,613,1.6,17,16,15,109,
268,129,614,1.3,17,16,15,
269,129,615,1.39,45,46,47,
270,129,616,1.25,45,46,64,
271,129,617,1.08,45,29,
272,129,618,0.94,6,160,
273,129,619,1.25,6,160,101,
274,129,621,5.16,6,7,8,9,11,
275,129,623,5.45,6,7,8,166,84,105,
276,129,727,2.64,45,46,64,65,66,133,
277,129,726,2.58,45,46,64,65,157,
278,129,810,2.79,45,46,64,65,157,156,
279,129,812,1.59,45,46,64,65,
280,129,813,1.45,6,160,159,
281,129,815,0.21,6,
282,129,816,0.91,6,152,
283,129,817,1.04,6,152,153,
284,129,818,1.99,6,152,153,154,
285,129,819,3.73,6,152,153,154,155,
286,129,901,1.86,6,7,8,172,
287,129,907,1.95,53,52,179,
288,129,913,3.04,17,35,70,69,171,
289,129,1036,9.81,53,52,51,50,181,
290,132,120,2.93,19,18,17,16,15,14,13,
291,132,122,2.25,19,18,17,16,15,14,
292,132,125,1.5,19,18,17,16,
293,132,126,1.28,19,18,17,
294,132,129,0.69,19,18,
295,132,132,0,
296,132,135,0.75,8,
297,132,141,2.21,8,9,
298,132,143,2.74,8,9,10,
299,132,154,5.3,8,9,11,12,
300,132,221,5.16,19,18,17,16,15,109,108,107,
301,132,229,2.69,19,18,17,35,34,
302,132,232,1.88,19,18,17,35,
303,132,236,1.4,19,18,45,
304,132,242,1.84,136,135,
305,132,252,5.35,136,135,32,
306,132,348,4.98,123,124,125,51,50,
307,132,340,2.04,123,124,125,51,
308,132,337,1.11,123,124,125,
309,132,335,1.23,19,18,53,
310,132,329,1.59,19,18,45,46,
311,132,325,2.51,19,18,45,46,47,48,
312,132,312,6.56,19,18,45,46,47,48,49,
313,132,413,6.89,123,124,125,126,69,68,
314,132,424,3.09,123,124,125,126,69,
315,132,426,2.31,123,124,125,126,
316,132,437,2.35,136,135,134,
317,132,442,4.09,136,135,134,67,
318,132,520,6.22,19,18,17,16,15,14,144,85,
319,132,536,2.41,19,18,17,16,15,14,144,
320,132,546,0.41,123,
321,132,550,1.09,8,166,
322,132,560,4.41,8,166,84,
323,132,610,7.69,19,18,17,16,15,109,108,107,106,
324,132,612,2.66,19,18,17,16,15,109,108,
325,132,613,2.29,19,18,17,16,15,109,
326,132,614,1.99,19,18,17,16,15,
327,132,615,2.08,19,18,45,46,47,
328,132,616,1.94,19,18,45,46,64,
329,132,617,1.73,136,114,113,
330,132,618,1.05,136,114,
331,132,619,0.74,136,
332,132,621,4.47,8,9,11,
333,132,623,4.76,8,166,84,105,
334,132,727,2.76,136,135,134,133,
335,132,726,2.92,136,114,159,158,157,
336,132,810,3.13,136,114,159,158,157,156,
337,132,812,1.93,136,114,159,158,
338,132,813,1.56,136,114,159,
339,132,815,0.48,19,
340,132,816,0.76,123,90,
341,132,817,0.77,123,124,
342,132,818,1.64,8,166,167,
343,132,819,3.38,8,166,167,155,
344,132,901,1.17,8,172,
345,132,907,1.89,123,124,125,179,
346,132,913,3.49,123,124,125,126,69,171,
347,132,1036,9.75,123,124,125,51,50,181,
348,135,120,3.68,20,19,18,17,16,15,14,13,
349,135,122,3,20,19,18,17,16,15,14,
350,135,125,2.25,20,19,18,17,16,
351,135,126,2.03,20,19,18,17,
352,135,129,1.44,20,19,18,
353,135,132,0.75,20,
354,135,135,0,
355,135,141,1.46,9,
356,135,143,1.99,9,10,
357,135,154,4.55,9,11,12,
358,135,221,5.91,20,19,18,17,16,15,109,108,107,
359,135,229,3.44,20,19,18,17,35,34,
360,135,232,2.63,20,19,18,17,35,
361,135,236,2.15,20,19,18,45,
362,135,242,2.38,172,115,135,
363,135,252,5.89,172,115,135,32,
364,135,348,4.93,166,167,168,180,
365,135,340,2.34,166,167,168,169,
366,135,337,1.86,20,123,124,125,
367,135,335,1.98,20,19,18,53,
368,135,329,2.34,20,19,18,45,46,
369,135,325,3.26,20,19,18,45,46,47,48,
370,135,312,7.31,20,19,18,45,46,47,48,49,
371,135,413,7.64,20,123,124,125,126,69,68,
372,135,424,3.84,20,123,124,125,126,69,
373,135,426,3.06,20,123,124,125,126,
374,135,437,2.89,172,115,135,134,
375,135,442,4.63,172,115,135,134,67,
376,135,520,6.97,20,19,18,17,16,15,14,144,85,
377,135,536,3.16,20,19,18,17,16,15,14,144,
378,135,546,1.16,20,123,
379,135,550,0.34,166,
380,135,560,3.66,166,84,
381,135,610,8.44,20,19,18,17,16,15,109,108,107,106,
382,135,612,3.41,20,19,18,17,16,15,109,108,
383,135,613,3.04,20,19,18,17,16,15,109,
384,135,614,2.74,20,19,18,17,16,15,
385,135,615,2.83,20,19,18,45,46,47,
386,135,616,2.53,172,115,114,113,112,
387,135,617,2.27,172,115,114,113,
388,135,618,1.59,172,115,114,
389,135,619,1.28,172,115,
390,135,621,3.72,9,11,
391,135,623,4.01,166,84,105,
392,135,727,3.3,172,115,135,134,133,
393,135,726,3.46,172,115,114,159,158,157,
394,135,810,3.67,172,115,114,159,158,157,156,
395,135,812,2.47,172,115,114,159,158,
396,135,813,2.1,172,115,114,159,
397,135,815,1.23,20,19,
398,135,816,1.51,20,123,90,
399,135,817,1.52,20,123,124,
400,135,818,0.89,166,167,
401,135,819,2.63,166,167,155,
402,135,901,0.42,172,
403,135,907,1.61,166,167,168,
404,135,913,4.24,20,123,124,125,126,69,171,
405,135,1036,9.7,166,167,168,180,181,
406,141,120,5.14,21,20,19,18,17,16,15,14,13,
407,141,122,4.46,21,20,19,18,17,16,15,14,
408,141,125,3.71,21,20,19,18,17,16,
409,141,126,3.49,21,20,19,18,17,
410,141,129,2.9,21,20,19,18,
411,141,132,2.21,21,20,
412,141,135,1.46,21,
413,141,141,0,
414,141,143,0.53,10,
415,141,154,3.09,11,12,
416,141,221,7.37,21,20,19,18,17,16,15,109,108,107,
417,141,229,4.9,21,20,19,18,17,35,34,
418,141,232,4.09,21,20,19,18,17,35,
419,141,236,3.61,21,20,19,18,45,
420,141,242,3.84,21,172,115,135,
421,141,252,7.35,21,172,115,135,32,
422,141,348,6.39,21,166,167,168,180,
423,141,340,3.8,21,166,167,168,169,
424,141,337,3.32,21,20,123,124,125,
425,141,335,3.44,21,20,19,18,53,
426,141,329,3.8,21,20,19,18,45,46,
427,141,325,4.72,21,20,19,18,45,46,47,48,
428,141,312,8.77,21,20,19,18,45,46,47,48,49,
429,141,413,9.1,21,20,123,124,125,126,69,68,
430,141,424,5.3,21,20,123,124,125,126,69,
431,141,426,4.52,21,20,123,124,125,126,
432,141,437,4.35,21,172,115,135,134,
433,141,442,6.09,21,172,115,135,134,67,
434,141,520,8.43,21,20,19,18,17,16,15,14,144,85,
435,141,536,4.62,21,20,19,18,17,16,15,14,144,
436,141,546,2.62,21,20,123,
437,141,550,1.8,21,166,
438,141,560,3.76,11,104,
439,141,610,9.9,21,20,19,18,17,16,15,109,108,107,106,
440,141,612,4.87,21,20,19,18,17,16,15,109,108,
441,141,613,4.5,21,20,19,18,17,16,15,109,
442,141,614,4.2,21,20,19,18,17,16,15,
443,141,615,4.29,21,20,19,18,45,46,47,
444,141,616,3.99,21,172,115,114,113,112,
445,141,617,3.73,21,172,115,114,113,
446,141,618,3.05,21,172,115,114,
447,141,619,2.74,21,172,115,
448,141,621,2.26,11,
449,141,623,4.11,11,104,105,
450,141,727,4.76,21,172,115,135,134,133,
451,141,726,4.92,21,172,115,114,159,158,157,
452,141,810,5.13,21,172,115,114,159,158,157,156,
453,141,812,3.93,21,172,115,114,159,158,
454,141,813,3.56,21,172,115,114,159,
455,141,815,2.69,21,20,19,
456,141,816,2.97,21,20,123,90,
457,141,817,2.98,21,20,123,124,
458,141,818,2.35,21,166,167,
459,141,819,4.09,21,166,167,155,
460,141,901,1.88,21,172,
461,141,907,3.07,21,166,167,168,
462,141,913,5.7,21,20,123,124,125,126,69,171,
463,141,1036,11.16,21,166,167,168,180,181,
464,143,120,5.67,22,21,20,19,18,17,16,15,14,13,
465,143,122,4.99,22,21,20,19,18,17,16,15,14,
466,143,125,4.24,22,21,20,19,18,17,16,
467,143,126,4.02,22,21,20,19,18,17,
468,143,129,3.43,22,21,20,19,18,
469,143,132,2.74,22,21,20,
470,143,135,1.99,22,21,
471,143,141,0.53,22,
472,143,143,0,
473,143,154,3.62,22,11,12,
474,143,221,7.9,22,21,20,19,18,17,16,15,109,108,107,
475,143,229,5.43,22,21,20,19,18,17,35,34,
476,143,232,4.62,22,21,20,19,18,17,35,
477,143,236,4.14,22,21,20,19,18,45,
478,143,242,4.37,22,21,172,115,135,
479,143,252,7.88,22,21,172,115,135,32,
480,143,348,6.92,22,21,166,167,168,180,
481,143,340,4.33,22,21,166,167,168,169,
482,143,337,3.85,22,21,20,123,124,125,
483,143,335,3.97,22,21,20,19,18,53,
484,143,329,4.33,22,21,20,19,18,45,46,
485,143,325,5.25,22,21,20,19,18,45,46,47,48,
486,143,312,9.3,22,21,20,19,18,45,46,47,48,49,
487,143,413,9.63,22,21,20,123,124,125,126,69,68,
488,143,424,5.83,22,21,20,123,124,125,126,69,
489,143,426,5.05,22,21,20,123,124,125,126,
490,143,437,4.88,22,21,172,115,135,134,
491,143,442,6.62,22,21,172,115,135,134,67,
492,143,520,8.96,22,21,20,19,18,17,16,15,14,144,85,
493,143,536,5.15,22,21,20,19,18,17,16,15,14,144,
494,143,546,3.15,22,21,20,123,
495,143,550,2.33,22,21,166,
496,143,560,4.29,22,11,104,
497,143,610,10.43,22,21,20,19,18,17,16,15,109,108,107,106,
498,143,612,5.4,22,21,20,19,18,17,16,15,109,108,
499,143,613,5.03,22,21,20,19,18,17,16,15,109,
500,143,614,4.73,22,21,20,19,18,17,16,15,
501,143,615,4.82,22,21,20,19,18,45,46,47,
502,143,616,4.52,22,21,172,115,114,113,112,
503,143,617,4.26,22,21,172,115,114,113,
504,143,618,3.58,22,21,172,115,114,
505,143,619,3.27,22,21,172,115,
506,143,621,2.79,22,11,
507,143,623,4.64,22,11,104,105,
508,143,727,5.29,22,21,172,115,135,134,133,
509,143,726,5.45,22,21,172,115,114,159,158,157,
510,143,810,5.66,22,21,172,115,114,159,158,157,156,
511,143,812,4.46,22,21,172,115,114,159,158,
512,143,813,4.09,22,21,172,115,114,159,
513,143,815,3.22,22,21,20,19,
514,143,816,3.5,22,21,20,123,90,
515,143,817,3.51,22,21,20,123,124,
516,143,818,2.88,22,21,166,167,
517,143,819,4.62,22,21,166,167,155,
518,143,901,2.41,22,21,172,
519,143,907,3.6,22,21,166,167,168,
520,143,913,6.23,22,21,20,123,124,125,126,69,171,
521,143,1036,11.69,22,21,166,167,168,180,181,
522,154,120,8.23,24,23,21,20,19,18,17,16,15,14,13,
523,154,122,7.55,24,23,21,20,19,18,17,16,15,14,
524,154,125,6.8,24,23,21,20,19,18,17,16,
525,154,126,6.58,24,23,21,20,19,18,17,
526,154,129,5.99,24,23,21,20,19,18,
527,154,132,5.3,24,23,21,20,
528,154,135,4.55,24,23,21,
529,154,141,3.09,24,23,
530,154,143,3.62,24,23,10,
531,154,154,0,
532,154,221,10.46,24,23,21,20,19,18,17,16,15,109,108,107,
533,154,229,7.99,24,23,21,20,19,18,17,35,34,
534,154,232,7.18,24,23,21,20,19,18,17,35,
535,154,236,6.7,24,23,21,20,19,18,45,
536,154,242,6.93,24,23,21,172,115,135,
537,154,252,10.44,24,23,21,172,115,135,32,
538,154,348,9.48,24,23,21,166,167,168,180,
539,154,340,6.89,24,23,21,166,167,168,169,
540,154,337,6.41,24,23,21,20,123,124,125,
541,154,335,6.53,24,23,21,20,19,18,53,
542,154,329,6.89,24,23,21,20,19,18,45,46,
543,154,325,7.81,24,23,21,20,19,18,45,46,47,48,
544,154,312,11.86,24,23,21,20,19,18,45,46,47,48,49,
545,154,413,12.19,24,23,21,20,123,124,125,126,69,68,
546,154,424,8.39,24,23,21,20,123,124,125,126,69,
547,154,426,7.61,24,23,21,20,123,124,125,126,
548,154,437,7.44,24,23,21,172,115,135,134,
549,154,442,9.18,24,23,21,172,115,135,134,67,
550,154,520,11.52,24,23,21,20,19,18,17,16,15,14,144,85,
551,154,536,7.71,24,23,21,20,19,18,17,16,15,14,144,
552,154,546,5.71,24,23,21,20,123,
553,154,550,4.89,24,23,21,166,
554,154,560,2.33,24,104,
555,154,610,12.99,24,23,21,20,19,18,17,16,15,109,108,107,106,
556,154,612,7.96,24,23,21,20,19,18,17,16,15,109,108,
557,154,613,7.59,24,23,21,20,19,18,17,16,15,109,
558,154,614,7.29,24,23,21,20,19,18,17,16,15,
559,154,615,7.38,24,23,21,20,19,18,45,46,47,
560,154,616,7.08,24,23,21,172,115,114,113,112,
561,154,617,6.82,24,23,21,172,115,114,113,
562,154,618,6.14,24,23,21,172,115,114,
563,154,619,5.83,24,23,21,172,115,
564,154,621,0.83,24,
565,154,623,2.68,24,104,105,
566,154,727,7.85,24,23,21,172,115,135,134,133,
567,154,726,8.01,24,23,21,172,115,114,159,158,157,
568,154,810,8.22,24,23,21,172,115,114,159,158,157,156,
569,154,812,7.02,24,23,21,172,115,114,159,158,
570,154,813,6.65,24,23,21,172,115,114,159,
571,154,815,5.78,24,23,21,20,19,
572,154,816,6.06,24,23,21,20,123,90,
573,154,817,6.07,24,23,21,20,123,124,
574,154,818,5.44,24,23,21,166,167,
575,154,819,7.18,24,23,21,166,167,155,
576,154,901,4.97,24,23,21,172,
577,154,907,6.16,24,23,21,166,167,168,
578,154,913,8.79,24,23,21,20,123,124,125,126,69,171,
579,154,1036,14.25,24,23,21,166,167,168,180,181,
580,221,120,3.7,94,129,130,13,
581,221,122,3.02,94,129,130,
582,221,125,3.66,94,95,96,3,
583,221,126,3.88,94,95,96,3,4,
584,221,129,4.47,94,95,96,3,4,5,
585,221,132,5.16,94,95,96,3,4,5,6,7,
586,221,135,5.91,94,95,96,3,4,5,6,7,8,
587,221,141,7.37,94,95,96,3,4,5,6,7,8,9,
588,221,143,7.9,94,95,96,3,4,5,6,7,8,9,10,
589,221,154,10.46,94,95,96,3,4,5,6,7,8,9,11,12,
590,221,221,0,
591,221,229,2.48,25,
592,221,232,3.29,25,26,
593,221,236,4.19,94,95,96,3,4,28,
594,221,242,5.53,94,95,96,97,98,65,149,31,
595,221,252,9.04,94,95,96,97,98,65,149,31,32,
596,221,348,8.05,25,141,140,51,50,
597,221,340,5.11,25,141,140,51,
598,221,337,4.18,25,141,140,
599,221,335,3.94,25,26,80,
600,221,329,4.09,94,95,96,3,63,
601,221,325,3.46,94,129,130,131,
602,221,312,7.51,94,129,130,131,49,
603,221,413,7.56,25,141,69,68,
604,221,424,3.76,25,141,69,
605,221,426,2.98,25,141,
606,221,437,5.31,94,95,96,97,98,65,66,
607,221,442,7.05,94,95,96,97,98,65,66,67,
608,221,520,6.67,94,129,85,
609,221,536,2.86,94,129,
610,221,546,4.81,25,26,80,81,82,
611,221,550,5.73,25,26,80,81,82,83,
612,221,560,9.05,25,26,80,81,82,83,84,
613,221,610,2.53,106,
614,221,612,2.5,94,
615,221,613,2.87,94,95,
616,221,614,3.17,94,95,96,
617,221,615,3.67,94,95,96,97,
618,221,616,4.33,94,95,96,97,98,
619,221,617,4.56,94,95,96,3,4,28,29,
620,221,618,5.24,94,95,96,3,4,28,29,100,
621,221,619,5.55,94,95,96,3,4,28,29,100,101,
622,221,621,9.63,94,95,96,3,4,5,6,7,8,9,11,
623,221,623,9.4,25,26,80,81,82,83,84,105,
624,221,727,5.72,94,95,96,97,98,65,66,133,
625,221,726,4.5,94,129,130,131,132,
626,221,810,4.71,94,129,130,131,132,156,
627,221,812,4.67,94,95,96,97,98,65,
628,221,813,5.04,94,95,96,97,98,65,149,
629,221,815,4.68,94,95,96,3,4,5,6,
630,221,816,4.46,25,26,80,81,
631,221,817,4.52,25,141,140,139,
632,221,818,5.47,25,141,140,139,154,
633,221,819,7.21,25,141,140,139,154,155,
634,221,901,6.33,94,95,96,3,4,5,6,7,8,172,
635,221,907,4.96,25,141,140,179,
636,221,913,4.16,25,141,69,171,
637,221,1036,12.82,25,141,140,51,50,181,
638,229,120,1.89,128,129,130,13,
639,229,122,1.21,128,129,130,
640,229,125,1.37,26,62,
641,229,126,1.41,26,27,
642,229,129,2,26,27,5,
643,229,132,2.69,26,27,5,6,7,
644,229,135,3.44,26,27,5,6,7,8,
645,229,141,4.9,26,27,5,6,7,8,9,
646,229,143,5.43,26,27,5,6,7,8,9,10,
647,229,154,7.99,26,27,5,6,7,8,9,11,12,
648,229,221,2.48,33,
649,229,229,0,
650,229,232,0.81,26,
651,229,236,1.72,26,27,28,
652,229,242,3.19,26,27,28,29,30,31,
653,229,252,6.7,26,27,28,29,30,31,32,
654,229,348,5.57,141,140,51,50,
655,229,340,2.63,141,140,51,
656,229,337,1.7,141,140,
657,229,335,1.46,26,80,
658,229,329,1.8,26,62,63,
659,229,325,1.65,128,129,130,131,
660,229,312,5.7,128,129,130,131,49,
661,229,413,5.08,141,69,68,
662,229,424,1.28,141,69,
663,229,426,0.5,141,
664,229,437,3.13,26,62,63,64,65,66,
665,229,442,4.87,26,62,63,64,65,66,67,
666,229,520,4.86,128,129,85,
667,229,536,1.05,128,129,
668,229,546,2.33,26,80,81,82,
669,229,550,3.25,26,80,81,82,83,
670,229,560,6.57,26,80,81,82,83,84,
671,229,610,5.01,33,106,
672,229,612,0.69,128,
673,229,613,1.06,128,95,
674,229,614,1.36,128,95,96,
675,229,615,1.86,128,95,96,97,
676,229,616,2.15,26,62,63,64,
677,229,617,2.09,26,27,28,29,
678,229,618,2.77,26,27,28,29,100,
679,229,619,3.08,26,27,28,29,100,101,
680,229,621,7.16,26,27,5,6,7,8,9,11,
681,229,623,6.92,26,80,81,82,83,84,105,
682,229,727,3.54,26,62,63,64,65,66,133,
683,229,726,2.69,128,129,130,131,132,
684,229,810,2.9,128,129,130,131,132,156,
685,229,812,2.49,26,62,63,64,65,
686,229,813,2.7,26,27,28,29,30,
687,229,815,2.21,26,27,5,6,
688,229,816,1.98,26,80,81,
689,229,817,2.04,141,140,139,
690,229,818,2.99,141,140,139,154,
691,229,819,4.73,141,140,139,154,155,
692,229,901,3.86,26,27,5,6,7,8,172,
693,229,907,2.48,141,140,179,
694,229,913,1.68,141,69,171,
695,229,1036,10.34,141,140,51,50,181,
696,232,120,1.88,87,86,130,13,
697,232,122,1.2,87,86,130,
698,232,125,0.56,62,
699,232,126,0.6,27,
700,232,129,1.19,27,5,
701,232,132,1.88,27,5,6,7,
702,232,135,2.63,27,5,6,7,8,
703,232,141,4.09,27,5,6,7,8,9,
704,232,143,4.62,27,5,6,7,8,9,10,
705,232,154,7.18,27,5,6,7,8,9,11,12,
706,232,221,3.29,34,33,
707,232,229,0.81,34,
708,232,232,0,
709,232,236,0.91,27,28,
710,232,242,2.38,27,28,29,30,31,
711,232,252,5.89,27,28,29,30,31,32,
712,232,348,5.15,80,52,51,50,
713,232,340,2.21,80,52,51,
714,232,337,1.28,80,52,
715,232,335,0.65,80,
716,232,329,0.99,62,63,
717,232,325,1.64,87,86,130,131,
718,232,312,5.69,87,86,130,131,49,
719,232,413,5.25,70,69,68,
720,232,424,1.45,70,69,
721,232,426,0.67,70,
722,232,437,2.32,62,63,64,65,66,
723,232,442,4.06,62,63,64,65,66,67,
724,232,520,4.85,87,86,85,
725,232,536,1.04,87,86,
726,232,546,1.52,80,81,82,
727,232,550,2.44,80,81,82,83,
728,232,560,5.76,80,81,82,83,84,
729,232,610,5.82,34,33,106,
730,232,612,1.08,87,108,
731,232,613,0.71,87,
732,232,614,1.01,87,96,
733,232,615,1.48,62,63,47,
734,232,616,1.34,62,63,64,
735,232,617,1.28,27,28,29,
736,232,618,1.96,27,28,29,100,
737,232,619,2.27,27,28,29,100,101,
738,232,621,6.35,27,5,6,7,8,9,11,
739,232,623,6.11,80,81,82,83,84,105,
740,232,727,2.73,62,63,64,65,66,133,
741,232,726,2.67,62,63,64,65,157,
742,232,810,2.88,62,63,64,65,157,156,
743,232,812,1.68,62,63,64,65,
744,232,813,1.89,27,28,29,30,
745,232,815,1.4,27,5,6,
746,232,816,1.17,80,81,
747,232,817,1.3,80,81,153,
748,232,818,2.25,80,81,153,154,
749,232,819,3.99,80,81,153,154,155,
750,232,901,3.05,27,5,6,7,8,172,
751,232,907,2.06,80,52,179,
752,232,913,1.85,70,69,171,
753,232,1036,9.92,80,52,51,50,181,
754,236,120,1.96,36,16,15,14,13,
755,236,122,1.28,36,16,15,14,
756,236,125,0.53,36,16,
757,236,126,0.31,36,
758,236,129,0.71,54,
759,236,132,1.4,54,6,7,
760,236,135,2.15,54,6,7,8,
761,236,141,3.61,54,6,7,8,9,
762,236,143,4.14,54,6,7,8,9,10,
763,236,154,6.7,54,6,7,8,9,11,12,
764,236,221,4.19,36,16,15,109,108,107,
765,236,229,1.72,36,35,34,
766,236,232,0.91,36,35,
767,236,236,0,
768,236,242,1.47,29,30,31,
769,236,252,4.98,29,30,31,32,
770,236,348,5.75,54,53,52,51,50,
771,236,340,2.81,54,53,52,51,
772,236,337,1.88,54,53,52,
773,236,335,1.25,54,53,
774,236,329,0.19,46,
775,236,325,1.11,46,47,48,
776,236,312,5.16,46,47,48,49,
777,236,413,6.16,36,35,70,69,68,
778,236,424,2.36,36,35,70,69,
779,236,426,1.58,36,35,70,
780,236,437,1.52,46,64,65,66,
781,236,442,3.26,46,64,65,66,67,
782,236,520,5.25,36,16,15,14,144,85,
783,236,536,1.44,36,16,15,14,144,
784,236,546,1.81,54,6,7,123,
785,236,550,2.49,54,6,7,8,166,
786,236,560,5.81,54,6,7,8,166,84,
787,236,610,6.72,36,16,15,109,108,107,106,
788,236,612,1.69,36,16,15,109,108,
789,236,613,1.32,36,16,15,109,
790,236,614,1.02,36,16,15,
791,236,615,0.68,46,47,
792,236,616,0.54,46,64,
793,236,617,0.37,29,
794,236,618,1.05,29,100,
795,236,619,1.36,29,100,101,
796,236,621,5.87,54,6,7,8,9,11,
797,236,623,6.16,54,6,7,8,166,84,105,
798,236,727,1.93,46,64,65,66,133,
799,236,726,1.87,46,64,65,157,
800,236,810,2.08,46,64,65,157,156,
801,236,812,0.88,46,64,65,
802,236,813,0.98,29,30,
803,236,815,0.92,54,6,
804,236,816,1.62,54,6,152,
805,236,817,1.75,54,6,152,153,
806,236,818,2.7,54,6,152,153,154,
807,236,819,4.44,54,6,152,153,154,155,
808,236,901,2.22,29,100,101,102,
809,236,907,2.66,54,53,52,179,
810,236,913,2.76,36,35,70,69,171,
811,236,1036,10.52,54,53,52,51,50,181,
812,242,120,3.3,39,158,74,111,110,14,13,
813,242,122,2.62,39,158,74,111,110,14,
814,242,125,1.98,39,158,74,73,72,
815,242,126,1.78,39,38,37,36,
816,242,129,1.94,39,150,151,18,
817,242,132,1.84,121,122,
818,242,135,2.38,121,102,165,
819,242,141,3.84,121,102,165,9,
820,242,143,4.37,121,102,165,9,10,
821,242,154,6.93,121,102,165,9,11,12,
822,242,221,5.53,39,158,74,111,110,109,108,107,
823,242,229,3.19,39,38,37,36,35,34,
824,242,232,2.38,39,38,37,36,35,
825,242,236,1.47,39,38,37,
826,242,242,0,
827,242,252,3.51,32,
828,242,348,6.77,39,150,151,152,153,125,51,50,
829,242,340,3.83,39,150,151,152,153,125,51,
830,242,337,2.9,39,150,151,152,153,125,
831,242,335,2.48,39,150,151,18,53,
832,242,329,1.55,39,158,74,73,
833,242,325,2.29,39,158,74,111,48,
834,242,312,6.34,39,158,74,111,48,49,
835,242,413,7.63,39,38,37,36,35,70,69,68,
836,242,424,3.83,39,38,37,36,35,70,69,
837,242,426,3.05,39,38,37,36,35,70,
838,242,437,0.51,134,
839,242,442,2.25,134,67,
840,242,520,6.59,39,158,74,111,110,14,144,85,
841,242,536,2.78,39,158,74,111,110,14,144,
842,242,546,2.25,121,122,123,
843,242,550,2.72,121,102,165,166,
844,242,560,6.04,121,102,165,166,84,
845,242,610,8.06,39,158,74,111,110,109,108,107,106,
846,242,612,3.03,39,158,74,111,110,109,108,
847,242,613,2.66,39,158,74,111,110,109,
848,242,614,2.36,39,158,74,111,110,
849,242,615,1.86,39,158,74,111,
850,242,616,1.2,39,158,74,
851,242,617,1.1,39,38,
852,242,618,1,39,150,
853,242,619,1.1,121,
854,242,621,6.1,121,102,165,9,11,
855,242,623,6.39,121,102,165,166,84,105,
856,242,727,0.92,134,133,
857,242,726,1.85,39,158,157,
858,242,810,2.06,39,158,157,156,
859,242,812,0.86,39,158,
860,242,813,0.49,39,
861,242,815,1.73,39,150,151,
862,242,816,2.43,39,150,151,152,
863,242,817,2.56,39,150,151,152,153,
864,242,818,3.27,121,102,165,166,167,
865,242,819,5.01,121,102,165,166,167,155,
866,242,901,1.96,121,102,
867,242,907,3.68,39,150,151,152,153,125,179,
868,242,913,4.23,39,38,37,36,35,70,69,171,
869,242,1036,11.54,39,150,151,152,153,125,51,50,181,
870,252,120,6.81,40,39,158,74,111,110,14,13,
871,252,122,6.13,40,39,158,74,111,110,14,
872,252,125,5.49,40,39,158,74,73,72,
873,252,126,5.29,40,39,38,37,36,
874,252,129,5.45,40,39,150,151,18,
875,252,132,5.35,40,121,122,
876,252,135,5.89,40,121,102,165,
877,252,141,7.35,40,121,102,165,9,
878,252,143,7.88,40,121,102,165,9,10,
879,252,154,10.44,40,121,102,165,9,11,12,
880,252,221,9.04,40,39,158,74,111,110,109,108,107,
881,252,229,6.7,40,39,38,37,36,35,34,
882,252,232,5.89,40,39,38,37,36,35,
883,252,236,4.98,40,39,38,37,
884,252,242,3.51,40,
885,252,252,0,
886,252,348,10.28,40,39,150,151,152,153,125,51,50,
887,252,340,7.34,40,39,150,151,152,153,125,51,
888,252,337,6.41,40,39,150,151,152,153,125,
889,252,335,5.99,40,39,150,151,18,53,
890,252,329,5.06,40,39,158,74,73,
891,252,325,5.8,40,39,158,74,111,48,
892,252,312,9.85,40,39,158,74,111,48,49,
893,252,413,11.14,40,39,38,37,36,35,70,69,68,
894,252,424,7.34,40,39,38,37,36,35,70,69,
895,252,426,6.56,40,39,38,37,36,35,70,
896,252,437,4.02,40,134,
897,252,442,5.76,40,134,67,
898,252,520,10.1,40,39,158,74,111,110,14,144,85,
899,252,536,6.29,40,39,158,74,111,110,14,144,
900,252,546,5.76,40,121,122,123,
901,252,550,6.23,40,121,102,165,166,
902,252,560,9.55,40,121,102,165,166,84,
903,252,610,11.57,40,39,158,74,111,110,109,108,107,106,
904,252,612,6.54,40,39,158,74,111,110,109,108,
905,252,613,6.17,40,39,158,74,111,110,109,
906,252,614,5.87,40,39,158,74,111,110,
907,252,615,5.37,40,39,158,74,111,
908,252,616,4.71,40,39,158,74,
909,252,617,4.61,40,39,38,
910,252,618,4.51,40,39,150,
911,252,619,4.61,40,121,
912,252,621,9.61,40,121,102,165,9,11,
913,252,623,9.9,40,121,102,165,166,84,105,
914,252,727,4.43,40,134,133,
915,252,726,5.36,40,39,158,157,
916,252,810,5.57,40,39,158,157,156,
917,252,812,4.37,40,39,158,
918,252,813,4,40,39,
919,252,815,5.24,40,39,150,151,
920,252,816,5.94,40,39,150,151,152,
921,252,817,6.07,40,39,150,151,152,153,
922,252,818,6.78,40,121,102,165,166,167,
923,252,819,8.52,40,121,102,165,166,167,155,
924,252,901,5.47,40,121,102,
925,252,907,7.19,40,39,150,151,152,153,125,179,
926,252,913,7.74,40,39,38,37,36,35,70,69,171,
927,252,1036,15.05,40,39,150,151,152,153,125,51,50,181,
928,348,120,7.03,41,42,43,88,87,86,130,13,
929,348,122,6.35,41,42,43,88,87,86,130,
930,348,125,5.71,41,42,43,88,62,
931,348,126,5.63,41,42,43,44,17,
932,348,129,5.04,41,42,43,44,
933,348,132,4.98,41,42,139,138,137,
934,348,135,4.93,183,175,174,173,
935,348,141,6.39,183,175,174,173,9,
936,348,143,6.92,183,175,174,173,9,10,
937,348,154,9.48,183,175,174,173,9,11,12,
938,348,221,8.05,41,42,126,127,33,
939,348,229,5.57,41,42,126,127,
940,348,232,5.15,41,42,43,88,
941,348,236,5.75,41,42,43,44,45,
942,348,242,6.77,41,42,139,162,161,160,159,31,
943,348,252,10.28,41,42,139,162,161,160,159,31,32,
944,348,348,0,
945,348,340,2.94,41,
946,348,337,3.87,41,42,
947,348,335,4.5,41,42,43,
948,348,329,5.94,41,42,43,44,45,46,
949,348,325,6.79,41,42,43,88,87,86,130,131,
950,348,312,10.84,41,42,43,88,87,86,130,131,49,
951,348,413,8.3,41,170,68,
952,348,424,4.5,41,170,
953,348,426,5.07,41,42,126,
954,348,437,7.27,41,42,43,44,45,46,64,65,66,
955,348,442,9.01,41,42,43,44,45,46,64,65,66,67,
956,348,520,10,41,42,43,88,87,86,85,
957,348,536,6.19,41,42,43,88,87,86,
958,348,546,4.57,41,42,139,138,
959,348,550,4.59,183,175,174,
960,348,560,7.91,183,175,174,84,
961,348,610,10.58,41,42,126,127,33,106,
962,348,612,6.23,41,42,43,88,87,108,
963,348,613,5.86,41,42,43,88,87,
964,348,614,6.16,41,42,43,88,87,96,
965,348,615,6.43,41,42,43,44,45,46,47,
966,348,616,6.29,41,42,43,44,45,46,64,
967,348,617,6.12,41,42,43,44,45,29,
968,348,618,5.77,41,42,139,162,161,160,
969,348,619,5.72,41,42,139,138,137,136,
970,348,621,8.65,183,175,174,173,9,11,
971,348,623,8.26,183,175,174,84,105,
972,348,727,7.68,41,42,43,44,45,46,64,65,66,133,
973,348,726,7.62,41,42,43,44,45,46,64,65,157,
974,348,810,7.83,41,42,43,44,45,46,64,65,157,156,
975,348,812,6.63,41,42,43,44,45,46,64,65,
976,348,813,6.28,41,42,139,162,161,160,159,
977,348,815,5.04,41,42,139,162,161,
978,348,816,4.34,41,42,139,162,
979,348,817,4.21,41,42,139,
980,348,818,4.04,183,175,
981,348,819,5.78,183,175,155,
982,348,901,5.35,183,175,174,173,172,
983,348,907,3.32,183,
984,348,913,4.9,41,170,171,
985,348,1036,4.77,181,
986,340,120,4.09,42,43,88,87,86,130,13,
987,340,122,3.41,42,43,88,87,86,130,
988,340,125,2.77,42,43,88,62,
989,340,126,2.69,42,43,44,17,
990,340,129,2.1,42,43,44,
991,340,132,2.04,42,139,138,137,
992,340,135,2.34,176,175,174,173,
993,340,141,3.8,176,175,174,173,9,
994,340,143,4.33,176,175,174,173,9,10,
995,340,154,6.89,176,175,174,173,9,11,12,
996,340,221,5.11,42,126,127,33,
997,340,229,2.63,42,126,127,
998,340,232,2.21,42,43,88,
999,340,236,2.81,42,43,44,45,
1000,340,242,3.83,42,139,162,161,160,159,31,
1001,340,252,7.34,42,139,162,161,160,159,31,32,
1002,340,348,2.94,50,
1003,340,340,0,
1004,340,337,0.93,42,
1005,340,335,1.56,42,43,
1006,340,329,3,42,43,44,45,46,
1007,340,325,3.85,42,43,88,87,86,130,131,
1008,340,312,7.9,42,43,88,87,86,130,131,49,
1009,340,413,5.36,170,68,
1010,340,424,1.56,170,
1011,340,426,2.13,42,126,
1012,340,437,4.33,42,43,44,45,46,64,65,66,
1013,340,442,6.07,42,43,44,45,46,64,65,66,67,
1014,340,520,7.06,42,43,88,87,86,85,
1015,340,536,3.25,42,43,88,87,86,
1016,340,546,1.63,42,139,138,
1017,340,550,2,176,175,174,
1018,340,560,5.32,176,175,174,84,
1019,340,610,7.64,42,126,127,33,106,
1020,340,612,3.29,42,43,88,87,108,
1021,340,613,2.92,42,43,88,87,
1022,340,614,3.22,42,43,88,87,96,
1023,340,615,3.49,42,43,44,45,46,47,
1024,340,616,3.35,42,43,44,45,46,64,
1025,340,617,3.18,42,43,44,45,29,
1026,340,618,2.83,42,139,162,161,160,
1027,340,619,2.78,42,139,138,137,136,
1028,340,621,6.06,176,175,174,173,9,11,
1029,340,623,5.67,176,175,174,84,105,
1030,340,727,4.74,42,43,44,45,46,64,65,66,133,
1031,340,726,4.68,42,43,44,45,46,64,65,157,
1032,340,810,4.89,42,43,44,45,46,64,65,157,156,
1033,340,812,3.69,42,43,44,45,46,64,65,
1034,340,813,3.34,42,139,162,161,160,159,
1035,340,815,2.1,42,139,162,161,
1036,340,816,1.4,42,139,162,
1037,340,817,1.27,42,139,
1038,340,818,1.45,176,175,
1039,340,819,3.19,176,175,155,
1040,340,901,2.76,176,175,174,173,172,
1041,340,907,0.73,176,
1042,340,913,1.96,170,171,
1043,340,1036,7.71,50,181,
1044,337,120,3.16,43,88,87,86,130,13,
1045,337,122,2.48,43,88,87,86,130,
1046,337,125,1.84,43,88,62,
1047,337,126,1.76,43,44,17,
1048,337,129,1.17,43,44,
1049,337,132,1.11,139,138,137,
1050,337,135,1.86,139,138,137,8,
1051,337,141,3.32,139,138,137,8,9,
1052,337,143,3.85,139,138,137,8,9,10,
1053,337,154,6.41,139,138,137,8,9,11,12,
1054,337,221,4.18,126,127,33,
1055,337,229,1.7,126,127,
1056,337,232,1.28,43,88,
1057,337,236,1.88,43,44,45,
1058,337,242,2.9,139,162,161,160,159,31,
1059,337,252,6.41,139,162,161,160,159,31,32,
1060,337,348,3.87,51,50,
1061,337,340,0.93,51,
1062,337,337,0,
1063,337,335,0.63,43,
1064,337,329,2.07,43,44,45,46,
1065,337,325,2.92,43,88,87,86,130,131,
1066,337,312,6.97,43,88,87,86,130,131,49,
1067,337,413,5.78,126,69,68,
1068,337,424,1.98,126,69,
1069,337,426,1.2,126,
1070,337,437,3.4,43,44,45,46,64,65,66,
1071,337,442,5.14,43,44,45,46,64,65,66,67,
1072,337,520,6.13,43,88,87,86,85,
1073,337,536,2.32,43,88,87,86,
1074,337,546,0.7,139,138,
1075,337,550,1.62,139,138,83,
1076,337,560,4.94,139,138,83,84,
1077,337,610,6.71,126,127,33,106,
1078,337,612,2.36,43,88,87,108,
1079,337,613,1.99,43,88,87,
1080,337,614,2.29,43,88,87,96,
1081,337,615,2.56,43,44,45,46,47,
1082,337,616,2.42,43,44,45,46,64,
1083,337,617,2.25,43,44,45,29,
1084,337,618,1.9,139,162,161,160,
1085,337,619,1.85,139,138,137,136,
1086,337,621,5.58,139,138,137,8,9,11,
1087,337,623,5.29,139,138,83,84,105,
1088,337,727,3.81,43,44,45,46,64,65,66,133,
1089,337,726,3.75,43,44,45,46,64,65,157,
1090,337,810,3.96,43,44,45,46,64,65,157,156,
1091,337,812,2.76,43,44,45,46,64,65,
1092,337,813,2.41,139,162,161,160,159,
1093,337,815,1.17,139,162,161,
1094,337,816,0.47,139,162,
1095,337,817,0.34,139,
1096,337,818,1.29,139,154,
1097,337,819,3.03,139,154,155,
1098,337,901,2.28,139,138,137,8,172,
1099,337,907,0.78,179,
1100,337,913,2.38,126,69,171,
1101,337,1036,8.64,51,50,181,
1102,335,120,2.53,88,87,86,130,13,
1103,335,122,1.85,88,87,86,130,
1104,335,125,1.21,88,62,
1105,335,126,1.13,44,17,
1106,335,129,0.54,44,
1107,335,132,1.23,44,6,7,
1108,335,135,1.98,44,6,7,8,
1109,335,141,3.44,44,6,7,8,9,
1110,335,143,3.97,44,6,7,8,9,10,
1111,335,154,6.53,44,6,7,8,9,11,12,
1112,335,221,3.94,88,34,33,
1113,335,229,1.46,88,34,
1114,335,232,0.65,88,
1115,335,236,1.25,44,45,
1116,335,242,2.48,44,6,160,159,31,
1117,335,252,5.99,44,6,160,159,31,32,
1118,335,348,4.5,52,51,50,
1119,335,340,1.56,52,51,
1120,335,337,0.63,52,
1121,335,335,0,
1122,335,329,1.44,44,45,46,
1123,335,325,2.29,88,87,86,130,131,
1124,335,312,6.34,88,87,86,130,131,49,
1125,335,413,5.9,88,70,69,68,
1126,335,424,2.1,88,70,69,
1127,335,426,1.32,88,70,
1128,335,437,2.77,44,45,46,64,65,66,
1129,335,442,4.51,44,45,46,64,65,66,67,
1130,335,520,5.5,88,87,86,85,
1131,335,536,1.69,88,87,86,
1132,335,546,0.87,81,82,
1133,335,550,1.79,81,82,83,
1134,335,560,5.11,81,82,83,84,
1135,335,610,6.47,88,34,33,106,
1136,335,612,1.73,88,87,108,
1137,335,613,1.36,88,87,
1138,335,614,1.66,88,87,96,
1139,335,615,1.93,44,45,46,47,
1140,335,616,1.79,44,45,46,64,
1141,335,617,1.62,44,45,29,
1142,335,618,1.48,44,6,160,
1143,335,619,1.79,44,6,160,101,
1144,335,621,5.7,44,6,7,8,9,11,
1145,335,623,5.46,81,82,83,84,105,
1146,335,727,3.18,44,45,46,64,65,66,133,
1147,335,726,3.12,44,45,46,64,65,157,
1148,335,810,3.33,44,45,46,64,65,157,156,
1149,335,812,2.13,44,45,46,64,65,
1150,335,813,1.99,44,6,160,159,
1151,335,815,0.75,44,6,
1152,335,816,0.52,81,
1153,335,817,0.65,81,153,
1154,335,818,1.6,81,153,154,
1155,335,819,3.34,81,153,154,155,
1156,335,901,2.4,44,6,7,8,172,
1157,335,907,1.41,52,179,
1158,335,913,2.5,88,70,69,171,
1159,335,1036,9.27,52,51,50,181,
1160,329,120,1.86,72,15,14,13,
1161,329,122,1.18,72,15,14,
1162,329,125,0.43,72,
1163,329,126,0.5,55,36,
1164,329,129,0.9,55,54,
1165,329,132,1.59,55,54,6,7,
1166,329,135,2.34,55,54,6,7,8,
1167,329,141,3.8,55,54,6,7,8,9,
1168,329,143,4.33,55,54,6,7,8,9,10,
1169,329,154,6.89,55,54,6,7,8,9,11,12,
1170,329,221,4.09,72,15,109,108,107,
1171,329,229,1.8,72,71,34,
1172,329,232,0.99,72,71,
1173,329,236,0.19,55,
1174,329,242,1.55,64,65,149,31,
1175,329,252,5.06,64,65,149,31,32,
1176,329,348,5.94,55,54,53,52,51,50,
1177,329,340,3,55,54,53,52,51,
1178,329,337,2.07,55,54,53,52,
1179,329,335,1.44,55,54,53,
1180,329,329,0,
1181,329,325,0.92,47,48,
1182,329,312,4.97,47,48,49,
1183,329,413,6.24,72,71,70,69,68,
1184,329,424,2.44,72,71,70,69,
1185,329,426,1.66,72,71,70,
1186,329,437,1.33,64,65,66,
1187,329,442,3.07,64,65,66,67,
1188,329,520,5.15,72,15,14,144,85,
1189,329,536,1.34,72,15,14,144,
1190,329,546,2,55,54,6,7,123,
1191,329,550,2.68,55,54,6,7,8,166,
1192,329,560,6,55,54,6,7,8,166,84,
1193,329,610,6.62,72,15,109,108,107,106,
1194,329,612,1.59,72,15,109,108,
1195,329,613,1.22,72,15,109,
1196,329,614,0.92,72,15,
1197,329,615,0.49,47,
1198,329,616,0.35,64,
1199,329,617,0.56,55,29,
1200,329,618,1.24,55,29,100,
1201,329,619,1.55,55,29,100,101,
1202,329,621,6.06,55,54,6,7,8,9,11,
1203,329,623,6.35,55,54,6,7,8,166,84,105,
1204,329,727,1.74,64,65,66,133,
1205,329,726,1.68,64,65,157,
1206,329,810,1.89,64,65,157,156,
1207,329,812,0.69,64,65,
1208,329,813,1.06,64,65,149,
1209,329,815,1.11,55,54,6,
1210,329,816,1.81,55,54,6,152,
1211,329,817,1.94,55,54,6,152,153,
1212,329,818,2.89,55,54,6,152,153,154,
1213,329,819,4.63,55,54,6,152,153,154,155,
1214,329,901,2.41,55,29,100,101,102,
1215,329,907,2.85,55,54,53,52,179,
1216,329,913,2.84,72,71,70,69,171,
1217,329,1036,10.71,55,54,53,52,51,50,181,
1218,325,120,1.12,145,13,
1219,325,122,0.44,145,
1220,325,125,1.19,145,2,3,
1221,325,126,1.41,145,2,3,4,
1222,325,129,1.82,57,56,55,54,
1223,325,132,2.51,57,56,55,54,6,7,
1224,325,135,3.26,57,56,55,54,6,7,8,
1225,325,141,4.72,57,56,55,54,6,7,8,9,
1226,325,143,5.25,57,56,55,54,6,7,8,9,10,
1227,325,154,7.81,57,56,55,54,6,7,8,9,11,12,
1228,325,221,3.46,145,144,143,107,
1229,325,229,1.65,145,144,143,142,
1230,325,232,1.64,145,144,78,79,
1231,325,236,1.11,57,56,55,
1232,325,242,2.29,57,98,65,149,31,
1233,325,252,5.8,57,98,65,149,31,32,
1234,325,348,6.79,145,144,78,79,80,52,51,50,
1235,325,340,3.85,145,144,78,79,80,52,51,
1236,325,337,2.92,145,144,78,79,80,52,
1237,325,335,2.29,145,144,78,79,80,
1238,325,329,0.92,57,56,
1239,325,325,0,
1240,325,312,4.05,49,
1241,325,413,6.73,145,144,143,142,141,69,68,
1242,325,424,2.93,145,144,143,142,141,69,
1243,325,426,2.15,145,144,143,142,141,
1244,325,437,2.07,57,98,65,66,
1245,325,442,3.81,57,98,65,66,67,
1246,325,520,4.41,145,144,85,
1247,325,536,0.6,145,144,
1248,325,546,2.92,57,56,55,54,6,7,123,
1249,325,550,3.6,57,56,55,54,6,7,8,166,
1250,325,560,6.92,57,56,55,54,6,7,8,166,84,
1251,325,610,5.99,145,144,143,107,106,
1252,325,612,0.96,145,144,143,
1253,325,613,0.93,145,144,78,
1254,325,614,0.7,145,2,
1255,325,615,0.43,57,
1256,325,616,1.09,57,98,
1257,325,617,1.35,57,98,99,
1258,325,618,2.03,57,98,99,100,
1259,325,619,2.34,57,98,99,100,101,
1260,325,621,6.98,57,56,55,54,6,7,8,9,11,
1261,325,623,7.27,57,56,55,54,6,7,8,166,84,105,
1262,325,727,2.48,57,98,65,66,133,
1263,325,726,1.04,132,
1264,325,810,1.25,132,156,
1265,325,812,1.43,57,98,65,
1266,325,813,1.8,57,98,65,149,
1267,325,815,2.03,57,56,55,54,6,
1268,325,816,2.73,57,56,55,54,6,152,
1269,325,817,2.86,57,56,55,54,6,152,153,
1270,325,818,3.81,57,56,55,54,6,152,153,154,
1271,325,819,5.55,57,56,55,54,6,152,153,154,155,
1272,325,901,3.2,57,98,99,100,101,102,
1273,325,907,3.7,145,144,78,79,80,52,179,
1274,325,913,3.33,145,144,143,142,141,69,171,
1275,325,1036,11.56,145,144,78,79,80,52,51,50,181,
1276,312,120,5.17,58,145,13,
1277,312,122,4.49,58,145,
1278,312,125,5.24,58,145,2,3,
1279,312,126,5.46,58,145,2,3,4,
1280,312,129,5.87,58,57,56,55,54,
1281,312,132,6.56,58,57,56,55,54,6,7,
1282,312,135,7.31,58,57,56,55,54,6,7,8,
1283,312,141,8.77,58,57,56,55,54,6,7,8,9,
1284,312,143,9.3,58,57,56,55,54,6,7,8,9,10,
1285,312,154,11.86,58,57,56,55,54,6,7,8,9,11,12,
1286,312,221,7.51,58,145,144,143,107,
1287,312,229,5.7,58,145,144,143,142,
1288,312,232,5.69,58,145,144,78,79,
1289,312,236,5.16,58,57,56,55,
1290,312,242,6.34,58,57,98,65,149,31,
1291,312,252,9.85,58,57,98,65,149,31,32,
1292,312,348,10.84,58,145,144,78,79,80,52,51,50,
1293,312,340,7.9,58,145,144,78,79,80,52,51,
1294,312,337,6.97,58,145,144,78,79,80,52,
1295,312,335,6.34,58,145,144,78,79,80,
1296,312,329,4.97,58,57,56,
1297,312,325,4.05,58,
1298,312,312,0,
1299,312,413,10.78,58,145,144,143,142,141,69,68,
1300,312,424,6.98,58,145,144,143,142,141,69,
1301,312,426,6.2,58,145,144,143,142,141,
1302,312,437,6.12,58,57,98,65,66,
1303,312,442,7.86,58,57,98,65,66,67,
1304,312,520,8.46,58,145,144,85,
1305,312,536,4.65,58,145,144,
1306,312,546,6.97,58,57,56,55,54,6,7,123,
1307,312,550,7.65,58,57,56,55,54,6,7,8,166,
1308,312,560,10.97,58,57,56,55,54,6,7,8,166,84,
1309,312,610,10.04,58,145,144,143,107,106,
1310,312,612,5.01,58,145,144,143,
1311,312,613,4.98,58,145,144,78,
1312,312,614,4.75,58,145,2,
1313,312,615,4.48,58,57,
1314,312,616,5.14,58,57,98,
1315,312,617,5.4,58,57,98,99,
1316,312,618,6.08,58,57,98,99,100,
1317,312,619,6.39,58,57,98,99,100,101,
1318,312,621,11.03,58,57,56,55,54,6,7,8,9,11,
1319,312,623,11.32,58,57,56,55,54,6,7,8,166,84,105,
1320,312,727,6.53,58,57,98,65,66,133,
1321,312,726,5.09,58,132,
1322,312,810,5.3,58,132,156,
1323,312,812,5.48,58,57,98,65,
1324,312,813,5.85,58,57,98,65,149,
1325,312,815,6.08,58,57,56,55,54,6,
1326,312,816,6.78,58,57,56,55,54,6,152,
1327,312,817,6.91,58,57,56,55,54,6,152,153,
1328,312,818,7.86,58,57,56,55,54,6,152,153,154,
1329,312,819,9.6,58,57,56,55,54,6,152,153,154,155,
1330,312,901,7.25,58,57,98,99,100,101,102,
1331,312,907,7.75,58,145,144,78,79,80,52,179,
1332,312,913,7.38,58,145,144,143,142,141,69,171,
1333,312,1036,15.61,58,145,144,78,79,80,52,51,50,181,
1334,413,120,6.97,59,60,127,128,129,130,13,
1335,413,122,6.29,59,60,127,128,129,130,
1336,413,125,5.81,59,60,61,62,
1337,413,126,5.85,59,60,61,27,
1338,413,129,6.44,59,60,61,27,5,
1339,413,132,6.89,59,60,140,139,138,137,
1340,413,135,7.64,59,60,140,139,138,137,8,
1341,413,141,9.1,59,60,140,139,138,137,8,9,
1342,413,143,9.63,59,60,140,139,138,137,8,9,10,
1343,413,154,12.19,59,60,140,139,138,137,8,9,11,12,
1344,413,221,7.56,59,60,127,33,
1345,413,229,5.08,59,60,127,
1346,413,232,5.25,59,60,61,
1347,413,236,6.16,59,60,61,27,28,
1348,413,242,7.63,59,60,61,27,28,29,30,31,
1349,413,252,11.14,59,60,61,27,28,29,30,31,32,
1350,413,348,8.3,59,177,50,
1351,413,340,5.36,59,177,
1352,413,337,5.78,59,60,140,
1353,413,335,5.9,59,60,61,80,
1354,413,329,6.24,59,60,61,62,63,
1355,413,325,6.73,59,60,127,128,129,130,131,
1356,413,312,10.78,59,60,127,128,129,130,131,49,
1357,413,413,0,
1358,413,424,3.8,59,
1359,413,426,4.58,59,60,
1360,413,437,7.57,59,60,61,62,63,64,65,66,
1361,413,442,9.31,59,60,61,62,63,64,65,66,67,
1362,413,520,9.94,59,60,127,128,129,85,
1363,413,536,6.13,59,60,127,128,129,
1364,413,546,6.48,59,60,140,139,138,
1365,413,550,7.36,59,177,176,175,174,
1366,413,560,10.68,59,177,176,175,174,84,
1367,413,610,10.09,59,60,127,33,106,
1368,413,612,5.77,59,60,127,128,
1369,413,613,5.96,59,60,61,87,
1370,413,614,6.26,59,60,61,87,96,
1371,413,615,6.73,59,60,61,62,63,47,
1372,413,616,6.59,59,60,61,62,63,64,
1373,413,617,6.53,59,60,61,27,28,29,
1374,413,618,7.21,59,60,61,27,28,29,100,
1375,413,619,7.52,59,60,61,27,28,29,100,101,
1376,413,621,11.36,59,60,140,139,138,137,8,9,11,
1377,413,623,11.03,59,177,176,175,174,84,105,
1378,413,727,7.98,59,60,61,62,63,64,65,66,133,
1379,413,726,7.77,59,60,127,128,129,130,131,132,
1380,413,810,7.98,59,60,127,128,129,130,131,132,156,
1381,413,812,6.93,59,60,61,62,63,64,65,
1382,413,813,7.14,59,60,61,27,28,29,30,
1383,413,815,6.65,59,60,61,27,5,6,
1384,413,816,6.25,59,60,140,139,162,
1385,413,817,6.12,59,60,140,139,
1386,413,818,6.81,59,177,176,175,
1387,413,819,8.55,59,177,176,175,155,
1388,413,901,8.06,59,60,140,139,138,137,8,172,
1389,413,907,6.09,59,177,176,
1390,413,913,4.2,59,171,
1391,413,1036,13.07,59,177,50,181,
1392,424,120,3.17,60,127,128,129,130,13,
1393,424,122,2.49,60,127,128,129,130,
1394,424,125,2.01,60,61,62,
1395,424,126,2.05,60,61,27,
1396,424,129,2.64,60,61,27,5,
1397,424,132,3.09,60,140,139,138,137,
1398,424,135,3.84,60,140,139,138,137,8,
1399,424,141,5.3,60,140,139,138,137,8,9,
1400,424,143,5.83,60,140,139,138,137,8,9,10,
1401,424,154,8.39,60,140,139,138,137,8,9,11,12,
1402,424,221,3.76,60,127,33,
1403,424,229,1.28,60,127,
1404,424,232,1.45,60,61,
1405,424,236,2.36,60,61,27,28,
1406,424,242,3.83,60,61,27,28,29,30,31,
1407,424,252,7.34,60,61,27,28,29,30,31,32,
1408,424,348,4.5,177,50,
1409,424,340,1.56,177,
1410,424,337,1.98,60,140,
1411,424,335,2.1,60,61,80,
1412,424,329,2.44,60,61,62,63,
1413,424,325,2.93,60,127,128,129,130,131,
1414,424,312,6.98,60,127,128,129,130,131,49,
1415,424,413,3.8,68,
1416,424,424,0,
1417,424,426,0.78,60,
1418,424,437,3.77,60,61,62,63,64,65,66,
1419,424,442,5.51,60,61,62,63,64,65,66,67,
1420,424,520,6.14,60,127,128,129,85,
1421,424,536,2.33,60,127,128,129,
1422,424,546,2.68,60,140,139,138,
1423,424,550,3.56,177,176,175,174,
1424,424,560,6.88,177,176,175,174,84,
1425,424,610,6.29,60,127,33,106,
1426,424,612,1.97,60,127,128,
1427,424,613,2.16,60,61,87,
1428,424,614,2.46,60,61,87,96,
1429,424,615,2.93,60,61,62,63,47,
1430,424,616,2.79,60,61,62,63,64,
1431,424,617,2.73,60,61,27,28,29,
1432,424,618,3.41,60,61,27,28,29,100,
1433,424,619,3.72,60,61,27,28,29,100,101,
1434,424,621,7.56,60,140,139,138,137,8,9,11,
1435,424,623,7.23,177,176,175,174,84,105,
1436,424,727,4.18,60,61,62,63,64,65,66,133,
1437,424,726,3.97,60,127,128,129,130,131,132,
1438,424,810,4.18,60,127,128,129,130,131,132,156,
1439,424,812,3.13,60,61,62,63,64,65,
1440,424,813,3.34,60,61,27,28,29,30,
1441,424,815,2.85,60,61,27,5,6,
1442,424,816,2.45,60,140,139,162,
1443,424,817,2.32,60,140,139,
1444,424,818,3.01,177,176,175,
1445,424,819,4.75,177,176,175,155,
1446,424,901,4.26,60,140,139,138,137,8,172,
1447,424,907,2.29,177,176,
1448,424,913,0.4,171,
1449,424,1036,9.27,177,50,181,
1450,426,120,2.39,127,128,129,130,13,
1451,426,122,1.71,127,128,129,130,
1452,426,125,1.23,61,62,
1453,426,126,1.27,61,27,
1454,426,129,1.86,61,27,5,
1455,426,132,2.31,140,139,138,137,
1456,426,135,3.06,140,139,138,137,8,
1457,426,141,4.52,140,139,138,137,8,9,
1458,426,143,5.05,140,139,138,137,8,9,10,
1459,426,154,7.61,140,139,138,137,8,9,11,12,
1460,426,221,2.98,127,33,
1461,426,229,0.5,127,
1462,426,232,0.67,61,
1463,426,236,1.58,61,27,28,
1464,426,242,3.05,61,27,28,29,30,31,
1465,426,252,6.56,61,27,28,29,30,31,32,
1466,426,348,5.07,140,51,50,
1467,426,340,2.13,140,51,
1468,426,337,1.2,140,
1469,426,335,1.32,61,80,
1470,426,329,1.66,61,62,63,
1471,426,325,2.15,127,128,129,130,131,
1472,426,312,6.2,127,128,129,130,131,49,
1473,426,413,4.58,69,68,
1474,426,424,0.78,69,
1475,426,426,0,
1476,426,437,2.99,61,62,63,64,65,66,
1477,426,442,4.73,61,62,63,64,65,66,67,
1478,426,520,5.36,127,128,129,85,
1479,426,536,1.55,127,128,129,
1480,426,546,1.9,140,139,138,
1481,426,550,2.82,140,139,138,83,
1482,426,560,6.14,140,139,138,83,84,
1483,426,610,5.51,127,33,106,
1484,426,612,1.19,127,128,
1485,426,613,1.38,61,87,
1486,426,614,1.68,61,87,96,
1487,426,615,2.15,61,62,63,47,
1488,426,616,2.01,61,62,63,64,
1489,426,617,1.95,61,27,28,29,
1490,426,618,2.63,61,27,28,29,100,
1491,426,619,2.94,61,27,28,29,100,101,
1492,426,621,6.78,140,139,138,137,8,9,11,
1493,426,623,6.49,140,139,138,83,84,105,
1494,426,727,3.4,61,62,63,64,65,66,133,
1495,426,726,3.19,127,128,129,130,131,132,
1496,426,810,3.4,127,128,129,130,131,132,156,
1497,426,812,2.35,61,62,63,64,65,
1498,426,813,2.56,61,27,28,29,30,
1499,426,815,2.07,61,27,5,6,
1500,426,816,1.67,140,139,162,
1501,426,817,1.54,140,139,
1502,426,818,2.49,140,139,154,
1503,426,819,4.23,140,139,154,155,
1504,426,901,3.48,140,139,138,137,8,172,
1505,426,907,1.98,140,179,
1506,426,913,1.18,69,171,
1507,426,1036,9.84,140,51,50,181,
1508,437,120,3.08,75,74,111,110,14,13,
1509,437,122,2.4,75,74,111,110,14,
1510,437,125,1.76,75,74,73,72,
1511,437,126,1.83,75,74,73,55,36,
1512,437,129,2.23,75,74,73,55,54,
1513,437,132,2.35,120,121,122,
1514,437,135,2.89,120,121,102,165,
1515,437,141,4.35,120,121,102,165,9,
1516,437,143,4.88,120,121,102,165,9,10,
1517,437,154,7.44,120,121,102,165,9,11,12,
1518,437,221,5.31,75,74,111,110,109,108,107,
1519,437,229,3.13,75,74,73,72,71,34,
1520,437,232,2.32,75,74,73,72,71,
1521,437,236,1.52,75,74,73,55,
1522,437,242,0.51,120,
1523,437,252,4.02,120,32,
1524,437,348,7.27,75,74,73,55,54,53,52,51,50,
1525,437,340,4.33,75,74,73,55,54,53,52,51,
1526,437,337,3.4,75,74,73,55,54,53,52,
1527,437,335,2.77,75,74,73,55,54,53,
1528,437,329,1.33,75,74,73,
1529,437,325,2.07,75,74,111,48,
1530,437,312,6.12,75,74,111,48,49,
1531,437,413,7.57,75,74,73,72,71,70,69,68,
1532,437,424,3.77,75,74,73,72,71,70,69,
1533,437,426,2.99,75,74,73,72,71,70,
1534,437,437,0,
1535,437,442,1.74,67,
1536,437,520,6.37,75,74,111,110,14,144,85,
1537,437,536,2.56,75,74,111,110,14,144,
1538,437,546,2.76,120,121,122,123,
1539,437,550,3.23,120,121,102,165,166,
1540,437,560,6.55,120,121,102,165,166,84,
1541,437,610,7.84,75,74,111,110,109,108,107,106,
1542,437,612,2.81,75,74,111,110,109,108,
1543,437,613,2.44,75,74,111,110,109,
1544,437,614,2.14,75,74,111,110,
1545,437,615,1.64,75,74,111,
1546,437,616,0.98,75,74,
1547,437,617,1.24,75,74,99,
1548,437,618,1.51,120,39,150,
1549,437,619,1.61,120,121,
1550,437,621,6.61,120,121,102,165,9,11,
1551,437,623,6.9,120,121,102,165,166,84,105,
1552,437,727,0.41,133,
1553,437,726,1.63,75,157,
1554,437,810,1.84,75,157,156,
1555,437,812,0.64,75,
1556,437,813,1,120,39,
1557,437,815,2.24,120,39,150,151,
1558,437,816,2.94,120,39,150,151,152,
1559,437,817,3.07,120,39,150,151,152,153,
1560,437,818,3.78,120,121,102,165,166,167,
1561,437,819,5.52,120,121,102,165,166,167,155,
1562,437,901,2.47,120,121,102,
1563,437,907,4.18,75,74,73,55,54,53,52,179,
1564,437,913,4.17,75,74,73,72,71,70,69,171,
1565,437,1036,12.04,75,74,73,55,54,53,52,51,50,181,
1566,442,120,4.82,76,75,74,111,110,14,13,
1567,442,122,4.14,76,75,74,111,110,14,
1568,442,125,3.5,76,75,74,73,72,
1569,442,126,3.57,76,75,74,73,55,36,
1570,442,129,3.97,76,75,74,73,55,54,
1571,442,132,4.09,76,120,121,122,
1572,442,135,4.63,76,120,121,102,165,
1573,442,141,6.09,76,120,121,102,165,9,
1574,442,143,6.62,76,120,121,102,165,9,10,
1575,442,154,9.18,76,120,121,102,165,9,11,12,
1576,442,221,7.05,76,75,74,111,110,109,108,107,
1577,442,229,4.87,76,75,74,73,72,71,34,
1578,442,232,4.06,76,75,74,73,72,71,
1579,442,236,3.26,76,75,74,73,55,
1580,442,242,2.25,76,120,
1581,442,252,5.76,76,120,32,
1582,442,348,9.01,76,75,74,73,55,54,53,52,51,50,
1583,442,340,6.07,76,75,74,73,55,54,53,52,51,
1584,442,337,5.14,76,75,74,73,55,54,53,52,
1585,442,335,4.51,76,75,74,73,55,54,53,
1586,442,329,3.07,76,75,74,73,
1587,442,325,3.81,76,75,74,111,48,
1588,442,312,7.86,76,75,74,111,48,49,
1589,442,413,9.31,76,75,74,73,72,71,70,69,68,
1590,442,424,5.51,76,75,74,73,72,71,70,69,
1591,442,426,4.73,76,75,74,73,72,71,70,
1592,442,437,1.74,76,
1593,442,442,0,
1594,442,520,8.11,76,75,74,111,110,14,144,85,
1595,442,536,4.3,76,75,74,111,110,14,144,
1596,442,546,4.5,76,120,121,122,123,
1597,442,550,4.97,76,120,121,102,165,166,
1598,442,560,8.29,76,120,121,102,165,166,84,
1599,442,610,9.58,76,75,74,111,110,109,108,107,106,
1600,442,612,4.55,76,75,74,111,110,109,108,
1601,442,613,4.18,76,75,74,111,110,109,
1602,442,614,3.88,76,75,74,111,110,
1603,442,615,3.38,76,75,74,111,
1604,442,616,2.72,76,75,74,
1605,442,617,2.98,76,75,74,99,
1606,442,618,3.25,76,120,39,150,
1607,442,619,3.35,76,120,121,
1608,442,621,8.35,76,120,121,102,165,9,11,
1609,442,623,8.64,76,120,121,102,165,166,84,105,
1610,442,727,2.15,76,133,
1611,442,726,3.37,76,75,157,
1612,442,810,3.58,76,75,157,156,
1613,442,812,2.38,76,75,
1614,442,813,2.74,76,120,39,
1615,442,815,3.98,76,120,39,150,151,
1616,442,816,4.68,76,120,39,150,151,152,
1617,442,817,4.81,76,120,39,150,151,152,153,
1618,442,818,5.52,76,120,121,102,165,166,167,
1619,442,819,7.26,76,120,121,102,165,166,167,155,
1620,442,901,4.21,76,120,121,102,
1621,442,907,5.92,76,75,74,73,55,54,53,52,179,
1622,442,913,5.91,76,75,74,73,72,71,70,69,171,
1623,442,1036,13.78,76,75,74,73,55,54,53,52,51,50,181,
1624,520,120,4.65,77,130,13,
1625,520,122,3.97,77,130,
1626,520,125,4.72,77,130,2,3,
1627,520,126,4.94,77,130,2,3,4,
1628,520,129,5.53,77,130,2,3,4,5,
1629,520,132,6.22,77,130,2,3,4,5,6,7,
1630,520,135,6.97,77,130,2,3,4,5,6,7,8,
1631,520,141,8.43,77,130,2,3,4,5,6,7,8,9,
1632,520,143,8.96,77,130,2,3,4,5,6,7,8,9,10,
1633,520,154,11.52,77,130,2,3,4,5,6,7,8,9,11,12,
1634,520,221,6.67,77,143,107,
1635,520,229,4.86,77,143,142,
1636,520,232,4.85,77,78,79,
1637,520,236,5.25,77,130,2,3,4,28,
1638,520,242,6.59,77,130,2,97,98,65,149,31,
1639,520,252,10.1,77,130,2,97,98,65,149,31,32,
1640,520,348,10,77,78,79,80,52,51,50,
1641,520,340,7.06,77,78,79,80,52,51,
1642,520,337,6.13,77,78,79,80,52,
1643,520,335,5.5,77,78,79,80,
1644,520,329,5.15,77,130,2,3,63,
1645,520,325,4.41,77,130,131,
1646,520,312,8.46,77,130,131,49,
1647,520,413,9.94,77,143,142,141,69,68,
1648,520,424,6.14,77,143,142,141,69,
1649,520,426,5.36,77,143,142,141,
1650,520,437,6.37,77,130,2,97,98,65,66,
1651,520,442,8.11,77,130,2,97,98,65,66,67,
1652,520,520,0,
1653,520,536,3.81,77,
1654,520,546,6.37,77,78,79,80,81,82,
1655,520,550,7.29,77,78,79,80,81,82,83,
1656,520,560,10.61,77,78,79,80,81,82,83,84,
1657,520,610,9.2,77,143,107,106,
1658,520,612,4.17,77,143,
1659,520,613,4.14,77,78,
1660,520,614,4.23,77,130,2,
1661,520,615,4.73,77,130,2,97,
1662,520,616,5.39,77,130,2,97,98,
1663,520,617,5.62,77,130,2,3,4,28,29,
1664,520,618,6.3,77,130,2,3,4,28,29,100,
1665,520,619,6.61,77,130,2,3,4,28,29,100,101,
1666,520,621,10.69,77,130,2,3,4,5,6,7,8,9,11,
1667,520,623,10.96,77,78,79,80,81,82,83,84,105,
1668,520,727,6.78,77,130,2,97,98,65,66,133,
1669,520,726,5.45,77,130,131,132,
1670,520,810,5.66,77,130,131,132,156,
1671,520,812,5.73,77,130,2,97,98,65,
1672,520,813,6.1,77,130,2,97,98,65,149,
1673,520,815,5.74,77,130,2,3,4,5,6,
1674,520,816,6.02,77,78,79,80,81,
1675,520,817,6.15,77,78,79,80,81,153,
1676,520,818,7.1,77,78,79,80,81,153,154,
1677,520,819,8.84,77,78,79,80,81,153,154,155,
1678,520,901,7.39,77,130,2,3,4,5,6,7,8,172,
1679,520,907,6.91,77,78,79,80,52,179,
1680,520,913,6.54,77,143,142,141,69,171,
1681,520,1036,14.77,77,78,79,80,52,51,50,181,
1682,536,120,0.84,130,13,
1683,536,122,0.16,130,
1684,536,125,0.91,130,2,3,
1685,536,126,1.13,130,2,3,4,
1686,536,129,1.72,130,2,3,4,5,
1687,536,132,2.41,130,2,3,4,5,6,7,
1688,536,135,3.16,130,2,3,4,5,6,7,8,
1689,536,141,4.62,130,2,3,4,5,6,7,8,9,
1690,536,143,5.15,130,2,3,4,5,6,7,8,9,10,
1691,536,154,7.71,130,2,3,4,5,6,7,8,9,11,12,
1692,536,221,2.86,143,107,
1693,536,229,1.05,143,142,
1694,536,232,1.04,78,79,
1695,536,236,1.44,130,2,3,4,28,
1696,536,242,2.78,130,2,97,98,65,149,31,
1697,536,252,6.29,130,2,97,98,65,149,31,32,
1698,536,348,6.19,78,79,80,52,51,50,
1699,536,340,3.25,78,79,80,52,51,
1700,536,337,2.32,78,79,80,52,
1701,536,335,1.69,78,79,80,
1702,536,329,1.34,130,2,3,63,
1703,536,325,0.6,130,131,
1704,536,312,4.65,130,131,49,
1705,536,413,6.13,143,142,141,69,68,
1706,536,424,2.33,143,142,141,69,
1707,536,426,1.55,143,142,141,
1708,536,437,2.56,130,2,97,98,65,66,
1709,536,442,4.3,130,2,97,98,65,66,67,
1710,536,520,3.81,85,
1711,536,536,0,
1712,536,546,2.56,78,79,80,81,82,
1713,536,550,3.48,78,79,80,81,82,83,
1714,536,560,6.8,78,79,80,81,82,83,84,
1715,536,610,5.39,143,107,106,
1716,536,612,0.36,143,
1717,536,613,0.33,78,
1718,536,614,0.42,130,2,
1719,536,615,0.92,130,2,97,
1720,536,616,1.58,130,2,97,98,
1721,536,617,1.81,130,2,3,4,28,29,
1722,536,618,2.49,130,2,3,4,28,29,100,
1723,536,619,2.8,130,2,3,4,28,29,100,101,
1724,536,621,6.88,130,2,3,4,5,6,7,8,9,11,
1725,536,623,7.15,78,79,80,81,82,83,84,105,
1726,536,727,2.97,130,2,97,98,65,66,133,
1727,536,726,1.64,130,131,132,
1728,536,810,1.85,130,131,132,156,
1729,536,812,1.92,130,2,97,98,65,
1730,536,813,2.29,130,2,97,98,65,149,
1731,536,815,1.93,130,2,3,4,5,6,
1732,536,816,2.21,78,79,80,81,
1733,536,817,2.34,78,79,80,81,153,
1734,536,818,3.29,78,79,80,81,153,154,
1735,536,819,5.03,78,79,80,81,153,154,155,
1736,536,901,3.58,130,2,3,4,5,6,7,8,172,
1737,536,907,3.1,78,79,80,52,179,
1738,536,913,2.73,143,142,141,69,171,
1739,536,1036,10.96,78,79,80,52,51,50,181,
1740,546,120,3.34,137,19,18,17,16,15,14,13,
1741,546,122,2.66,137,19,18,17,16,15,14,
1742,546,125,1.91,137,19,18,17,16,
1743,546,126,1.69,137,19,18,17,
1744,546,129,1.1,137,19,18,
1745,546,132,0.41,137,
1746,546,135,1.16,137,8,
1747,546,141,2.62,137,8,9,
1748,546,143,3.15,137,8,9,10,
1749,546,154,5.71,137,8,9,11,12,
1750,546,221,4.81,90,89,88,34,33,
1751,546,229,2.33,90,89,88,34,
1752,546,232,1.52,90,89,88,
1753,546,236,1.81,137,19,18,45,
1754,546,242,2.25,137,136,135,
1755,546,252,5.76,137,136,135,32,
1756,546,348,4.57,124,125,51,50,
1757,546,340,1.63,124,125,51,
1758,546,337,0.7,124,125,
1759,546,335,0.87,90,89,
1760,546,329,2,137,19,18,45,46,
1761,546,325,2.92,137,19,18,45,46,47,48,
1762,546,312,6.97,137,19,18,45,46,47,48,49,
1763,546,413,6.48,124,125,126,69,68,
1764,546,424,2.68,124,125,126,69,
1765,546,426,1.9,124,125,126,
1766,546,437,2.76,137,136,135,134,
1767,546,442,4.5,137,136,135,134,67,
1768,546,520,6.37,90,89,88,87,86,85,
1769,546,536,2.56,90,89,88,87,86,
1770,546,546,0,
1771,546,550,0.92,83,
1772,546,560,4.24,83,84,
1773,546,610,7.34,90,89,88,34,33,106,
1774,546,612,2.6,90,89,88,87,108,
1775,546,613,2.23,90,89,88,87,
1776,546,614,2.4,137,19,18,17,16,15,
1777,546,615,2.49,137,19,18,45,46,47,
1778,546,616,2.35,137,19,18,45,46,64,
1779,546,617,2.14,137,136,114,113,
1780,546,618,1.46,137,136,114,
1781,546,619,1.15,137,136,
1782,546,621,4.88,137,8,9,11,
1783,546,623,4.59,83,84,105,
1784,546,727,3.17,137,136,135,134,133,
1785,546,726,3.33,137,136,114,159,158,157,
1786,546,810,3.54,137,136,114,159,158,157,156,
1787,546,812,2.34,137,136,114,159,158,
1788,546,813,1.97,137,136,114,159,
1789,546,815,0.89,137,19,
1790,546,816,0.35,90,
1791,546,817,0.36,124,
1792,546,818,1.31,124,154,
1793,546,819,3.05,124,154,155,
1794,546,901,1.58,137,8,172,
1795,546,907,1.48,124,125,179,
1796,546,913,3.08,124,125,126,69,171,
1797,546,1036,9.34,124,125,51,50,181,
1798,550,120,4.02,173,20,19,18,17,16,15,14,13,
1799,550,122,3.34,173,20,19,18,17,16,15,14,
1800,550,125,2.59,173,20,19,18,17,16,
1801,550,126,2.37,173,20,19,18,17,
1802,550,129,1.78,173,20,19,18,
1803,550,132,1.09,173,20,
1804,550,135,0.34,173,
1805,550,141,1.8,173,9,
1806,550,143,2.33,173,9,10,
1807,550,154,4.89,173,9,11,12,
1808,550,221,5.73,91,90,89,88,34,33,
1809,550,229,3.25,91,90,89,88,34,
1810,550,232,2.44,91,90,89,88,
1811,550,236,2.49,173,20,19,18,45,
1812,550,242,2.72,173,172,115,135,
1813,550,252,6.23,173,172,115,135,32,
1814,550,348,4.59,167,168,180,
1815,550,340,2,167,168,169,
1816,550,337,1.62,91,124,125,
1817,550,335,1.79,91,90,89,
1818,550,329,2.68,173,20,19,18,45,46,
1819,550,325,3.6,173,20,19,18,45,46,47,48,
1820,550,312,7.65,173,20,19,18,45,46,47,48,49,
1821,550,413,7.36,167,168,169,170,68,
1822,550,424,3.56,167,168,169,170,
1823,550,426,2.82,91,124,125,126,
1824,550,437,3.23,173,172,115,135,134,
1825,550,442,4.97,173,172,115,135,134,67,
1826,550,520,7.29,91,90,89,88,87,86,85,
1827,550,536,3.48,91,90,89,88,87,86,
1828,550,546,0.92,91,
1829,550,550,0,
1830,550,560,3.32,84,
1831,550,610,8.26,91,90,89,88,34,33,106,
1832,550,612,3.52,91,90,89,88,87,108,
1833,550,613,3.15,91,90,89,88,87,
1834,550,614,3.08,173,20,19,18,17,16,15,
1835,550,615,3.17,173,20,19,18,45,46,47,
1836,550,616,2.87,173,172,115,114,113,112,
1837,550,617,2.61,173,172,115,114,113,
1838,550,618,1.93,173,172,115,114,
1839,550,619,1.62,173,172,115,
1840,550,621,4.06,173,9,11,
1841,550,623,3.67,84,105,
1842,550,727,3.64,173,172,115,135,134,133,
1843,550,726,3.8,173,172,115,114,159,158,157,
1844,550,810,4.01,173,172,115,114,159,158,157,156,
1845,550,812,2.81,173,172,115,114,159,158,
1846,550,813,2.44,173,172,115,114,159,
1847,550,815,1.57,173,20,19,
1848,550,816,1.27,91,90,
1849,550,817,1.28,91,124,
1850,550,818,0.55,167,
1851,550,819,2.29,167,155,
1852,550,901,0.76,173,172,
1853,550,907,1.27,167,168,
1854,550,913,3.96,167,168,169,170,171,
1855,550,1036,9.36,167,168,180,181,
1856,560,120,7.34,92,173,20,19,18,17,16,15,14,13,
1857,560,122,6.66,92,173,20,19,18,17,16,15,14,
1858,560,125,5.91,92,173,20,19,18,17,16,
1859,560,126,5.69,92,173,20,19,18,17,
1860,560,129,5.1,92,173,20,19,18,
1861,560,132,4.41,92,173,20,
1862,560,135,3.66,92,173,
1863,560,141,3.76,117,23,
1864,560,143,4.29,117,23,10,
1865,560,154,2.33,117,12,
1866,560,221,9.05,92,91,90,89,88,34,33,
1867,560,229,6.57,92,91,90,89,88,34,
1868,560,232,5.76,92,91,90,89,88,
1869,560,236,5.81,92,173,20,19,18,45,
1870,560,242,6.04,92,173,172,115,135,
1871,560,252,9.55,92,173,172,115,135,32,
1872,560,348,7.91,92,167,168,180,
1873,560,340,5.32,92,167,168,169,
1874,560,337,4.94,92,91,124,125,
1875,560,335,5.11,92,91,90,89,
1876,560,329,6,92,173,20,19,18,45,46,
1877,560,325,6.92,92,173,20,19,18,45,46,47,48,
1878,560,312,10.97,92,173,20,19,18,45,46,47,48,49,
1879,560,413,10.68,92,167,168,169,170,68,
1880,560,424,6.88,92,167,168,169,170,
1881,560,426,6.14,92,91,124,125,126,
1882,560,437,6.55,92,173,172,115,135,134,
1883,560,442,8.29,92,173,172,115,135,134,67,
1884,560,520,10.61,92,91,90,89,88,87,86,85,
1885,560,536,6.8,92,91,90,89,88,87,86,
1886,560,546,4.24,92,91,
1887,560,550,3.32,92,
1888,560,560,0,
1889,560,610,11.58,92,91,90,89,88,34,33,106,
1890,560,612,6.84,92,91,90,89,88,87,108,
1891,560,613,6.47,92,91,90,89,88,87,
1892,560,614,6.4,92,173,20,19,18,17,16,15,
1893,560,615,6.49,92,173,20,19,18,45,46,47,
1894,560,616,6.19,92,173,172,115,114,113,112,
1895,560,617,5.93,92,173,172,115,114,113,
1896,560,618,5.25,92,173,172,115,114,
1897,560,619,4.94,92,173,172,115,
1898,560,621,1.5,117,
1899,560,623,0.35,105,
1900,560,727,6.96,92,173,172,115,135,134,133,
1901,560,726,7.12,92,173,172,115,114,159,158,157,
1902,560,810,7.33,92,173,172,115,114,159,158,157,156,
1903,560,812,6.13,92,173,172,115,114,159,158,
1904,560,813,5.76,92,173,172,115,114,159,
1905,560,815,4.89,92,173,20,19,
1906,560,816,4.59,92,91,90,
1907,560,817,4.6,92,91,124,
1908,560,818,3.87,92,167,
1909,560,819,5.61,92,167,155,
1910,560,901,4.08,92,173,172,
1911,560,907,4.59,92,167,168,
1912,560,913,7.28,92,167,168,169,170,171,
1913,560,1036,12.68,92,167,168,180,181,
1914,610,120,6.23,93,94,129,130,13,
1915,610,122,5.55,93,94,129,130,
1916,610,125,6.19,93,94,95,96,3,
1917,610,126,6.41,93,94,95,96,3,4,
1918,610,129,7,93,94,95,96,3,4,5,
1919,610,132,7.69,93,94,95,96,3,4,5,6,7,
1920,610,135,8.44,93,94,95,96,3,4,5,6,7,8,
1921,610,141,9.9,93,94,95,96,3,4,5,6,7,8,9,
1922,610,143,10.43,93,94,95,96,3,4,5,6,7,8,9,10,
1923,610,154,12.99,93,94,95,96,3,4,5,6,7,8,9,11,12,
1924,610,221,2.53,93,
1925,610,229,5.01,93,25,
1926,610,232,5.82,93,25,26,
1927,610,236,6.72,93,94,95,96,3,4,28,
1928,610,242,8.06,93,94,95,96,97,98,65,149,31,
1929,610,252,11.57,93,94,95,96,97,98,65,149,31,32,
1930,610,348,10.58,93,25,141,140,51,50,
1931,610,340,7.64,93,25,141,140,51,
1932,610,337,6.71,93,25,141,140,
1933,610,335,6.47,93,25,26,80,
1934,610,329,6.62,93,94,95,96,3,63,
1935,610,325,5.99,93,94,129,130,131,
1936,610,312,10.04,93,94,129,130,131,49,
1937,610,413,10.09,93,25,141,69,68,
1938,610,424,6.29,93,25,141,69,
1939,610,426,5.51,93,25,141,
1940,610,437,7.84,93,94,95,96,97,98,65,66,
1941,610,442,9.58,93,94,95,96,97,98,65,66,67,
1942,610,520,9.2,93,94,129,85,
1943,610,536,5.39,93,94,129,
1944,610,546,7.34,93,25,26,80,81,82,
1945,610,550,8.26,93,25,26,80,81,82,83,
1946,610,560,11.58,93,25,26,80,81,82,83,84,
1947,610,610,0,
1948,610,612,5.03,93,94,
1949,610,613,5.4,93,94,95,
1950,610,614,5.7,93,94,95,96,
1951,610,615,6.2,93,94,95,96,97,
1952,610,616,6.86,93,94,95,96,97,98,
1953,610,617,7.09,93,94,95,96,3,4,28,29,
1954,610,618,7.77,93,94,95,96,3,4,28,29,100,
1955,610,619,8.08,93,94,95,96,3,4,28,29,100,101,
1956,610,621,12.16,93,94,95,96,3,4,5,6,7,8,9,11,
1957,610,623,11.93,93,25,26,80,81,82,83,84,105,
1958,610,727,8.25,93,94,95,96,97,98,65,66,133,
1959,610,726,7.03,93,94,129,130,131,132,
1960,610,810,7.24,93,94,129,130,131,132,156,
1961,610,812,7.2,93,94,95,96,97,98,65,
1962,610,813,7.57,93,94,95,96,97,98,65,149,
1963,610,815,7.21,93,94,95,96,3,4,5,6,
1964,610,816,6.99,93,25,26,80,81,
1965,610,817,7.05,93,25,141,140,139,
1966,610,818,8,93,25,141,140,139,154,
1967,610,819,9.74,93,25,141,140,139,154,155,
1968,610,901,8.86,93,94,95,96,3,4,5,6,7,8,172,
1969,610,907,7.49,93,25,141,140,179,
1970,610,913,6.69,93,25,141,69,171,
1971,610,1036,15.35,93,25,141,140,51,50,181,
1972,612,120,1.2,129,130,13,
1973,612,122,0.52,129,130,
1974,612,125,1.16,95,96,3,
1975,612,126,1.38,95,96,3,4,
1976,612,129,1.97,95,96,3,4,5,
1977,612,132,2.66,95,96,3,4,5,6,7,
1978,612,135,3.41,95,96,3,4,5,6,7,8,
1979,612,141,4.87,95,96,3,4,5,6,7,8,9,
1980,612,143,5.4,95,96,3,4,5,6,7,8,9,10,
1981,612,154,7.96,95,96,3,4,5,6,7,8,9,11,12,
1982,612,221,2.5,107,
1983,612,229,0.69,142,
1984,612,232,1.08,95,79,
1985,612,236,1.69,95,96,3,4,28,
1986,612,242,3.03,95,96,97,98,65,149,31,
1987,612,252,6.54,95,96,97,98,65,149,31,32,
1988,612,348,6.23,95,79,80,52,51,50,
1989,612,340,3.29,95,79,80,52,51,
1990,612,337,2.36,95,79,80,52,
1991,612,335,1.73,95,79,80,
1992,612,329,1.59,95,96,3,63,
1993,612,325,0.96,129,130,131,
1994,612,312,5.01,129,130,131,49,
1995,612,413,5.77,142,141,69,68,
1996,612,424,1.97,142,141,69,
1997,612,426,1.19,142,141,
1998,612,437,2.81,95,96,97,98,65,66,
1999,612,442,4.55,95,96,97,98,65,66,67,
2000,612,520,4.17,129,85,
2001,612,536,0.36,129,
2002,612,546,2.6,95,79,80,81,82,
2003,612,550,3.52,95,79,80,81,82,83,
2004,612,560,6.84,95,79,80,81,82,83,84,
2005,612,610,5.03,107,106,
2006,612,612,0,
2007,612,613,0.37,95,
2008,612,614,0.67,95,96,
2009,612,615,1.17,95,96,97,
2010,612,616,1.83,95,96,97,98,
2011,612,617,2.06,95,96,3,4,28,29,
2012,612,618,2.74,95,96,3,4,28,29,100,
2013,612,619,3.05,95,96,3,4,28,29,100,101,
2014,612,621,7.13,95,96,3,4,5,6,7,8,9,11,
2015,612,623,7.19,95,79,80,81,82,83,84,105,
2016,612,727,3.22,95,96,97,98,65,66,133,
2017,612,726,2,129,130,131,132,
2018,612,810,2.21,129,130,131,132,156,
2019,612,812,2.17,95,96,97,98,65,
2020,612,813,2.54,95,96,97,98,65,149,
2021,612,815,2.18,95,96,3,4,5,6,
2022,612,816,2.25,95,79,80,81,
2023,612,817,2.38,95,79,80,81,153,
2024,612,818,3.33,95,79,80,81,153,154,
2025,612,819,5.07,95,79,80,81,153,154,155,
2026,612,901,3.83,95,96,3,4,5,6,7,8,172,
2027,612,907,3.14,95,79,80,52,179,
2028,612,913,2.37,142,141,69,171,
2029,612,1036,11,95,79,80,52,51,50,181,
2030,613,120,1.17,86,130,13,
2031,613,122,0.49,86,130,
2032,613,125,0.79,96,3,
2033,613,126,1.01,96,3,4,
2034,613,129,1.6,96,3,4,5,
2035,613,132,2.29,96,3,4,5,6,7,
2036,613,135,3.04,96,3,4,5,6,7,8,
2037,613,141,4.5,96,3,4,5,6,7,8,9,
2038,613,143,5.03,96,3,4,5,6,7,8,9,10,
2039,613,154,7.59,96,3,4,5,6,7,8,9,11,12,
2040,613,221,2.87,108,107,
2041,613,229,1.06,108,142,
2042,613,232,0.71,79,
2043,613,236,1.32,96,3,4,28,
2044,613,242,2.66,96,97,98,65,149,31,
2045,613,252,6.17,96,97,98,65,149,31,32,
2046,613,348,5.86,79,80,52,51,50,
2047,613,340,2.92,79,80,52,51,
2048,613,337,1.99,79,80,52,
2049,613,335,1.36,79,80,
2050,613,329,1.22,96,3,63,
2051,613,325,0.93,86,130,131,
2052,613,312,4.98,86,130,131,49,
2053,613,413,5.96,79,70,69,68,
2054,613,424,2.16,79,70,69,
2055,613,426,1.38,79,70,
2056,613,437,2.44,96,97,98,65,66,
2057,613,442,4.18,96,97,98,65,66,67,
2058,613,520,4.14,86,85,
2059,613,536,0.33,86,
2060,613,546,2.23,79,80,81,82,
2061,613,550,3.15,79,80,81,82,83,
2062,613,560,6.47,79,80,81,82,83,84,
2063,613,610,5.4,108,107,106,
2064,613,612,0.37,108,
2065,613,613,0,
2066,613,614,0.3,96,
2067,613,615,0.8,96,97,
2068,613,616,1.46,96,97,98,
2069,613,617,1.69,96,3,4,28,29,
2070,613,618,2.37,96,3,4,28,29,100,
2071,613,619,2.68,96,3,4,28,29,100,101,
2072,613,621,6.76,96,3,4,5,6,7,8,9,11,
2073,613,623,6.82,79,80,81,82,83,84,105,
2074,613,727,2.85,96,97,98,65,66,133,
2075,613,726,1.97,86,130,131,132,
2076,613,810,2.18,86,130,131,132,156,
2077,613,812,1.8,96,97,98,65,
2078,613,813,2.17,96,97,98,65,149,
2079,613,815,1.81,96,3,4,5,6,
2080,613,816,1.88,79,80,81,
2081,613,817,2.01,79,80,81,153,
2082,613,818,2.96,79,80,81,153,154,
2083,613,819,4.7,79,80,81,153,154,155,
2084,613,901,3.46,96,3,4,5,6,7,8,172,
2085,613,907,2.77,79,80,52,179,
2086,613,913,2.56,79,70,69,171,
2087,613,1036,10.63,79,80,52,51,50,181,
2088,614,120,0.94,14,13,
2089,614,122,0.26,14,
2090,614,125,0.49,3,
2091,614,126,0.71,3,4,
2092,614,129,1.3,3,4,5,
2093,614,132,1.99,3,4,5,6,7,
2094,614,135,2.74,3,4,5,6,7,8,
2095,614,141,4.2,3,4,5,6,7,8,9,
2096,614,143,4.73,3,4,5,6,7,8,9,10,
2097,614,154,7.29,3,4,5,6,7,8,9,11,12,
2098,614,221,3.17,109,108,107,
2099,614,229,1.36,109,108,142,
2100,614,232,1.01,109,79,
2101,614,236,1.02,3,4,28,
2102,614,242,2.36,97,98,65,149,31,
2103,614,252,5.87,97,98,65,149,31,32,
2104,614,348,6.16,109,79,80,52,51,50,
2105,614,340,3.22,109,79,80,52,51,
2106,614,337,2.29,109,79,80,52,
2107,614,335,1.66,109,79,80,
2108,614,329,0.92,3,63,
2109,614,325,0.7,14,131,
2110,614,312,4.75,14,131,49,
2111,614,413,6.26,109,79,70,69,68,
2112,614,424,2.46,109,79,70,69,
2113,614,426,1.68,109,79,70,
2114,614,437,2.14,97,98,65,66,
2115,614,442,3.88,97,98,65,66,67,
2116,614,520,4.23,14,144,85,
2117,614,536,0.42,14,144,
2118,614,546,2.4,3,4,5,6,7,123,
2119,614,550,3.08,3,4,5,6,7,8,166,
2120,614,560,6.4,3,4,5,6,7,8,166,84,
2121,614,610,5.7,109,108,107,106,
2122,614,612,0.67,109,108,
2123,614,613,0.3,109,
2124,614,614,0,
2125,614,615,0.5,97,
2126,614,616,1.16,97,98,
2127,614,617,1.39,3,4,28,29,
2128,614,618,2.07,3,4,28,29,100,
2129,614,619,2.38,3,4,28,29,100,101,
2130,614,621,6.46,3,4,5,6,7,8,9,11,
2131,614,623,6.75,3,4,5,6,7,8,166,84,105,
2132,614,727,2.55,97,98,65,66,133,
2133,614,726,1.74,14,131,132,
2134,614,810,1.95,14,131,132,156,
2135,614,812,1.5,97,98,65,
2136,614,813,1.87,97,98,65,149,
2137,614,815,1.51,3,4,5,6,
2138,614,816,2.18,109,79,80,81,
2139,614,817,2.31,109,79,80,81,153,
2140,614,818,3.26,109,79,80,81,153,154,
2141,614,819,5,109,79,80,81,153,154,155,
2142,614,901,3.16,3,4,5,6,7,8,172,
2143,614,907,3.07,109,79,80,52,179,
2144,614,913,2.86,109,79,70,69,171,
2145,614,1036,10.93,109,79,80,52,51,50,181,
2146,615,120,1.44,110,14,13,
2147,615,122,0.76,110,14,
2148,615,125,0.92,56,72,
2149,615,126,0.99,56,55,36,
2150,615,129,1.39,56,55,54,
2151,615,132,2.08,56,55,54,6,7,
2152,615,135,2.83,56,55,54,6,7,8,
2153,615,141,4.29,56,55,54,6,7,8,9,
2154,615,143,4.82,56,55,54,6,7,8,9,10,
2155,615,154,7.38,56,55,54,6,7,8,9,11,12,
2156,615,221,3.67,110,109,108,107,
2157,615,229,1.86,110,109,108,142,
2158,615,232,1.48,56,72,71,
2159,615,236,0.68,56,55,
2160,615,242,1.86,98,65,149,31,
2161,615,252,5.37,98,65,149,31,32,
2162,615,348,6.43,56,55,54,53,52,51,50,
2163,615,340,3.49,56,55,54,53,52,51,
2164,615,337,2.56,56,55,54,53,52,
2165,615,335,1.93,56,55,54,53,
2166,615,329,0.49,56,
2167,615,325,0.43,48,
2168,615,312,4.48,48,49,
2169,615,413,6.73,56,72,71,70,69,68,
2170,615,424,2.93,56,72,71,70,69,
2171,615,426,2.15,56,72,71,70,
2172,615,437,1.64,98,65,66,
2173,615,442,3.38,98,65,66,67,
2174,615,520,4.73,110,14,144,85,
2175,615,536,0.92,110,14,144,
2176,615,546,2.49,56,55,54,6,7,123,
2177,615,550,3.17,56,55,54,6,7,8,166,
2178,615,560,6.49,56,55,54,6,7,8,166,84,
2179,615,610,6.2,110,109,108,107,106,
2180,615,612,1.17,110,109,108,
2181,615,613,0.8,110,109,
2182,615,614,0.5,110,
2183,615,615,0,
2184,615,616,0.66,98,
2185,615,617,0.92,98,99,
2186,615,618,1.6,98,99,100,
2187,615,619,1.91,98,99,100,101,
2188,615,621,6.55,56,55,54,6,7,8,9,11,
2189,615,623,6.84,56,55,54,6,7,8,166,84,105,
2190,615,727,2.05,98,65,66,133,
2191,615,726,1.47,48,132,
2192,615,810,1.68,48,132,156,
2193,615,812,1,98,65,
2194,615,813,1.37,98,65,149,
2195,615,815,1.6,56,55,54,6,
2196,615,816,2.3,56,55,54,6,152,
2197,615,817,2.43,56,55,54,6,152,153,
2198,615,818,3.38,56,55,54,6,152,153,154,
2199,615,819,5.12,56,55,54,6,152,153,154,155,
2200,615,901,2.77,98,99,100,101,102,
2201,615,907,3.34,56,55,54,53,52,179,
2202,615,913,3.33,56,72,71,70,69,171,
2203,615,1036,11.2,56,55,54,53,52,51,50,181,
2204,616,120,2.1,111,110,14,13,
2205,616,122,1.42,111,110,14,
2206,616,125,0.78,73,72,
2207,616,126,0.85,73,55,36,
2208,616,129,1.25,73,55,54,
2209,616,132,1.94,73,55,54,6,7,
2210,616,135,2.53,99,100,101,102,165,
2211,616,141,3.99,99,100,101,102,165,9,
2212,616,143,4.52,99,100,101,102,165,9,10,
2213,616,154,7.08,99,100,101,102,165,9,11,12,
2214,616,221,4.33,111,110,109,108,107,
2215,616,229,2.15,73,72,71,34,
2216,616,232,1.34,73,72,71,
2217,616,236,0.54,73,55,
2218,616,242,1.2,65,149,31,
2219,616,252,4.71,65,149,31,32,
2220,616,348,6.29,73,55,54,53,52,51,50,
2221,616,340,3.35,73,55,54,53,52,51,
2222,616,337,2.42,73,55,54,53,52,
2223,616,335,1.79,73,55,54,53,
2224,616,329,0.35,73,
2225,616,325,1.09,111,48,
2226,616,312,5.14,111,48,49,
2227,616,413,6.59,73,72,71,70,69,68,
2228,616,424,2.79,73,72,71,70,69,
2229,616,426,2.01,73,72,71,70,
2230,616,437,0.98,65,66,
2231,616,442,2.72,65,66,67,
2232,616,520,5.39,111,110,14,144,85,
2233,616,536,1.58,111,110,14,144,
2234,616,546,2.35,73,55,54,6,7,123,
2235,616,550,2.87,99,100,101,102,165,166,
2236,616,560,6.19,99,100,101,102,165,166,84,
2237,616,610,6.86,111,110,109,108,107,106,
2238,616,612,1.83,111,110,109,108,
2239,616,613,1.46,111,110,109,
2240,616,614,1.16,111,110,
2241,616,615,0.66,111,
2242,616,616,0,
2243,616,617,0.26,99,
2244,616,618,0.94,99,100,
2245,616,619,1.25,99,100,101,
2246,616,621,6.25,99,100,101,102,165,9,11,
2247,616,623,6.54,99,100,101,102,165,166,84,105,
2248,616,727,1.39,65,66,133,
2249,616,726,1.33,65,157,
2250,616,810,1.54,65,157,156,
2251,616,812,0.34,65,
2252,616,813,0.71,65,149,
2253,616,815,1.46,73,55,54,6,
2254,616,816,2.16,73,55,54,6,152,
2255,616,817,2.29,73,55,54,6,152,153,
2256,616,818,3.24,73,55,54,6,152,153,154,
2257,616,819,4.98,73,55,54,6,152,153,154,155,
2258,616,901,2.11,99,100,101,102,
2259,616,907,3.2,73,55,54,53,52,179,
2260,616,913,3.19,73,72,71,70,69,171,
2261,616,1036,11.06,73,55,54,53,52,51,50,181,
2262,618,120,3.01,113,37,36,16,15,14,13,
2263,618,122,2.33,113,37,36,16,15,14,
2264,618,125,1.58,113,37,36,16,
2265,618,126,1.36,113,37,36,
2266,618,129,0.94,151,18,
2267,618,132,1.05,101,122,
2268,618,135,1.59,101,102,165,
2269,618,141,3.05,101,102,165,9,
2270,618,143,3.58,101,102,165,9,10,
2271,618,154,6.14,101,102,165,9,11,12,
2272,618,221,5.24,113,37,36,16,15,109,108,107,
2273,618,229,2.77,113,37,36,35,34,
2274,618,232,1.96,113,37,36,35,
2275,618,236,1.05,113,37,
2276,618,242,1,159,31,
2277,618,252,4.51,159,31,32,
2278,618,348,5.77,151,152,153,125,51,50,
2279,618,340,2.83,151,152,153,125,51,
2280,618,337,1.9,151,152,153,125,
2281,618,335,1.48,151,18,53,
2282,618,329,1.24,113,37,46,
2283,618,325,2.03,113,112,111,48,
2284,618,312,6.08,113,112,111,48,49,
2285,618,413,7.21,113,37,36,35,70,69,68,
2286,618,424,3.41,113,37,36,35,70,69,
2287,618,426,2.63,113,37,36,35,70,
2288,618,437,1.51,159,31,134,
2289,618,442,3.25,159,31,134,67,
2290,618,520,6.3,113,37,36,16,15,14,144,85,
2291,618,536,2.49,113,37,36,16,15,14,144,
2292,618,546,1.46,101,122,123,
2293,618,550,1.93,101,102,165,166,
2294,618,560,5.25,101,102,165,166,84,
2295,618,610,7.77,113,37,36,16,15,109,108,107,106,
2296,618,612,2.74,113,37,36,16,15,109,108,
2297,618,613,2.37,113,37,36,16,15,109,
2298,618,614,2.07,113,37,36,16,15,
2299,618,615,1.6,113,112,111,
2300,618,616,0.94,113,112,
2301,618,617,0.68,113,
2302,618,618,0,
2303,618,619,0.31,101,
2304,618,621,5.31,101,102,165,9,11,
2305,618,623,5.6,101,102,165,166,84,105,
2306,618,727,1.92,159,31,134,133,
2307,618,726,1.87,159,158,157,
2308,618,810,2.08,159,158,157,156,
2309,618,812,0.88,159,158,
2310,618,813,0.51,159,
2311,618,815,0.73,151,
2312,618,816,1.43,151,152,
2313,618,817,1.56,151,152,153,
2314,618,818,2.48,101,102,165,166,167,
2315,618,819,4.22,101,102,165,166,167,155,
2316,618,901,1.17,101,102,
2317,618,907,2.68,151,152,153,125,179,
2318,618,913,3.81,113,37,36,35,70,69,171,
2319,618,1036,10.54,151,152,153,125,51,50,181,
2320,619,120,3.32,114,113,37,36,16,15,14,13,
2321,619,122,2.64,114,113,37,36,16,15,14,
2322,619,125,1.89,114,113,37,36,16,
2323,619,126,1.67,114,113,37,36,
2324,619,129,1.25,114,151,18,
2325,619,132,0.74,122,
2326,619,135,1.28,102,165,
2327,619,141,2.74,102,165,9,
2328,619,143,3.27,102,165,9,10,
2329,619,154,5.83,102,165,9,11,12,
2330,619,221,5.55,114,113,37,36,16,15,109,108,107,
2331,619,229,3.08,114,113,37,36,35,34,
2332,619,232,2.27,114,113,37,36,35,
2333,619,236,1.36,114,113,37,
2334,619,242,1.1,135,
2335,619,252,4.61,135,32,
2336,619,348,5.72,122,123,124,125,51,50,
2337,619,340,2.78,122,123,124,125,51,
2338,619,337,1.85,122,123,124,125,
2339,619,335,1.79,114,151,18,53,
2340,619,329,1.55,114,113,37,46,
2341,619,325,2.34,114,113,112,111,48,
2342,619,312,6.39,114,113,112,111,48,49,
2343,619,413,7.52,114,113,37,36,35,70,69,68,
2344,619,424,3.72,114,113,37,36,35,70,69,
2345,619,426,2.94,114,113,37,36,35,70,
2346,619,437,1.61,135,134,
2347,619,442,3.35,135,134,67,
2348,619,520,6.61,114,113,37,36,16,15,14,144,85,
2349,619,536,2.8,114,113,37,36,16,15,14,144,
2350,619,546,1.15,122,123,
2351,619,550,1.62,102,165,166,
2352,619,560,4.94,102,165,166,84,
2353,619,610,8.08,114,113,37,36,16,15,109,108,107,106,
2354,619,612,3.05,114,113,37,36,16,15,109,108,
2355,619,613,2.68,114,113,37,36,16,15,109,
2356,619,614,2.38,114,113,37,36,16,15,
2357,619,615,1.91,114,113,112,111,
2358,619,616,1.25,114,113,112,
2359,619,617,0.99,114,113,
2360,619,618,0.31,114,
2361,619,619,0,
2362,619,621,5,102,165,9,11,
2363,619,623,5.29,102,165,166,84,105,
2364,619,727,2.02,135,134,133,
2365,619,726,2.18,114,159,158,157,
2366,619,810,2.39,114,159,158,157,156,
2367,619,812,1.19,114,159,158,
2368,619,813,0.82,114,159,
2369,619,815,1.04,114,151,
2370,619,816,1.5,122,123,90,
2371,619,817,1.51,122,123,124,
2372,619,818,2.17,102,165,166,167,
2373,619,819,3.91,102,165,166,167,155,
2374,619,901,0.86,102,
2375,619,907,2.63,122,123,124,125,179,
2376,619,913,4.12,114,113,37,36,35,70,69,171,
2377,619,1036,10.49,122,123,124,125,51,50,181,
2378,621,120,7.4,23,21,20,19,18,17,16,15,14,13,
2379,621,122,6.72,23,21,20,19,18,17,16,15,14,
2380,621,125,5.97,23,21,20,19,18,17,16,
2381,621,126,5.75,23,21,20,19,18,17,
2382,621,129,5.16,23,21,20,19,18,
2383,621,132,4.47,23,21,20,
2384,621,135,3.72,23,21,
2385,621,141,2.26,23,
2386,621,143,2.79,23,10,
2387,621,154,0.83,12,
2388,621,221,9.63,23,21,20,19,18,17,16,15,109,108,107,
2389,621,229,7.16,23,21,20,19,18,17,35,34,
2390,621,232,6.35,23,21,20,19,18,17,35,
2391,621,236,5.87,23,21,20,19,18,45,
2392,621,242,6.1,23,21,172,115,135,
2393,621,252,9.61,23,21,172,115,135,32,
2394,621,348,8.65,23,21,166,167,168,180,
2395,621,340,6.06,23,21,166,167,168,169,
2396,621,337,5.58,23,21,20,123,124,125,
2397,621,335,5.7,23,21,20,19,18,53,
2398,621,329,6.06,23,21,20,19,18,45,46,
2399,621,325,6.98,23,21,20,19,18,45,46,47,48,
2400,621,312,11.03,23,21,20,19,18,45,46,47,48,49,
2401,621,413,11.36,23,21,20,123,124,125,126,69,68,
2402,621,424,7.56,23,21,20,123,124,125,126,69,
2403,621,426,6.78,23,21,20,123,124,125,126,
2404,621,437,6.61,23,21,172,115,135,134,
2405,621,442,8.35,23,21,172,115,135,134,67,
2406,621,520,10.69,23,21,20,19,18,17,16,15,14,144,85,
2407,621,536,6.88,23,21,20,19,18,17,16,15,14,144,
2408,621,546,4.88,23,21,20,123,
2409,621,550,4.06,23,21,166,
2410,621,560,1.5,104,
2411,621,610,12.16,23,21,20,19,18,17,16,15,109,108,107,106,
2412,621,612,7.13,23,21,20,19,18,17,16,15,109,108,
2413,621,613,6.76,23,21,20,19,18,17,16,15,109,
2414,621,614,6.46,23,21,20,19,18,17,16,15,
2415,621,615,6.55,23,21,20,19,18,45,46,47,
2416,621,616,6.25,23,21,172,115,114,113,112,
2417,621,617,5.99,23,21,172,115,114,113,
2418,621,618,5.31,23,21,172,115,114,
2419,621,619,5,23,21,172,115,
2420,621,621,0,
2421,621,623,1.85,104,105,
2422,621,727,7.02,23,21,172,115,135,134,133,
2423,621,726,7.18,23,21,172,115,114,159,158,157,
2424,621,810,7.39,23,21,172,115,114,159,158,157,156,
2425,621,812,6.19,23,21,172,115,114,159,158,
2426,621,813,5.82,23,21,172,115,114,159,
2427,621,815,4.95,23,21,20,19,
2428,621,816,5.23,23,21,20,123,90,
2429,621,817,5.24,23,21,20,123,124,
2430,621,818,4.61,23,21,166,167,
2431,621,819,6.35,23,21,166,167,155,
2432,621,901,4.14,23,21,172,
2433,621,907,5.33,23,21,166,167,168,
2434,621,913,7.96,23,21,20,123,124,125,126,69,171,
2435,621,1036,13.42,23,21,166,167,168,180,181,
2436,623,120,7.69,118,92,173,20,19,18,17,16,15,14,13,
2437,623,122,7.01,118,92,173,20,19,18,17,16,15,14,
2438,623,125,6.26,118,92,173,20,19,18,17,16,
2439,623,126,6.04,118,92,173,20,19,18,17,
2440,623,129,5.45,118,92,173,20,19,18,
2441,623,132,4.76,118,92,173,20,
2442,623,135,4.01,118,92,173,
2443,623,141,4.11,118,117,23,
2444,623,143,4.64,118,117,23,10,
2445,623,154,2.68,118,117,12,
2446,623,221,9.4,118,92,91,90,89,88,34,33,
2447,623,229,6.92,118,92,91,90,89,88,34,
2448,623,232,6.11,118,92,91,90,89,88,
2449,623,236,6.16,118,92,173,20,19,18,45,
2450,623,242,6.39,118,92,173,172,115,135,
2451,623,252,9.9,118,92,173,172,115,135,32,
2452,623,348,8.26,118,92,167,168,180,
2453,623,340,5.67,118,92,167,168,169,
2454,623,337,5.29,118,92,91,124,125,
2455,623,335,5.46,118,92,91,90,89,
2456,623,329,6.35,118,92,173,20,19,18,45,46,
2457,623,325,7.27,118,92,173,20,19,18,45,46,47,48,
2458,623,312,11.32,118,92,173,20,19,18,45,46,47,48,49,
2459,623,413,11.03,118,92,167,168,169,170,68,
2460,623,424,7.23,118,92,167,168,169,170,
2461,623,426,6.49,118,92,91,124,125,126,
2462,623,437,6.9,118,92,173,172,115,135,134,
2463,623,442,8.64,118,92,173,172,115,135,134,67,
2464,623,520,10.96,118,92,91,90,89,88,87,86,85,
2465,623,536,7.15,118,92,91,90,89,88,87,86,
2466,623,546,4.59,118,92,91,
2467,623,550,3.67,118,92,
2468,623,560,0.35,118,
2469,623,610,11.93,118,92,91,90,89,88,34,33,106,
2470,623,612,7.19,118,92,91,90,89,88,87,108,
2471,623,613,6.82,118,92,91,90,89,88,87,
2472,623,614,6.75,118,92,173,20,19,18,17,16,15,
2473,623,615,6.84,118,92,173,20,19,18,45,46,47,
2474,623,616,6.54,118,92,173,172,115,114,113,112,
2475,623,617,6.28,118,92,173,172,115,114,113,
2476,623,618,5.6,118,92,173,172,115,114,
2477,623,619,5.29,118,92,173,172,115,
2478,623,621,1.85,118,117,
2479,623,623,0,
2480,623,727,7.31,118,92,173,172,115,135,134,133,
2481,623,726,7.47,118,92,173,172,115,114,159,158,157,
2482,623,810,7.68,118,92,173,172,115,114,159,158,157,156,
2483,623,812,6.48,118,92,173,172,115,114,159,158,
2484,623,813,6.11,118,92,173,172,115,114,159,
2485,623,815,5.24,118,92,173,20,19,
2486,623,816,4.94,118,92,91,90,
2487,623,817,4.95,118,92,91,124,
2488,623,818,4.22,118,92,167,
2489,623,819,5.96,118,92,167,155,
2490,623,901,4.43,118,92,173,172,
2491,623,907,4.94,118,92,167,168,
2492,623,913,7.63,118,92,167,168,169,170,171,
2493,623,1036,13.03,118,92,167,168,180,181,
2494,727,120,3.49,119,75,74,111,110,14,13,
2495,727,122,2.81,119,75,74,111,110,14,
2496,727,125,2.17,119,75,74,73,72,
2497,727,126,2.24,119,75,74,73,55,36,
2498,727,129,2.64,119,75,74,73,55,54,
2499,727,132,2.76,119,120,121,122,
2500,727,135,3.3,119,120,121,102,165,
2501,727,141,4.76,119,120,121,102,165,9,
2502,727,143,5.29,119,120,121,102,165,9,10,
2503,727,154,7.85,119,120,121,102,165,9,11,12,
2504,727,221,5.72,119,75,74,111,110,109,108,107,
2505,727,229,3.54,119,75,74,73,72,71,34,
2506,727,232,2.73,119,75,74,73,72,71,
2507,727,236,1.93,119,75,74,73,55,
2508,727,242,0.92,119,120,
2509,727,252,4.43,119,120,32,
2510,727,348,7.68,119,75,74,73,55,54,53,52,51,50,
2511,727,340,4.74,119,75,74,73,55,54,53,52,51,
2512,727,337,3.81,119,75,74,73,55,54,53,52,
2513,727,335,3.18,119,75,74,73,55,54,53,
2514,727,329,1.74,119,75,74,73,
2515,727,325,2.48,119,75,74,111,48,
2516,727,312,6.53,119,75,74,111,48,49,
2517,727,413,7.98,119,75,74,73,72,71,70,69,68,
2518,727,424,4.18,119,75,74,73,72,71,70,69,
2519,727,426,3.4,119,75,74,73,72,71,70,
2520,727,437,0.41,119,
2521,727,442,2.15,119,67,
2522,727,520,6.78,119,75,74,111,110,14,144,85,
2523,727,536,2.97,119,75,74,111,110,14,144,
2524,727,546,3.17,119,120,121,122,123,
2525,727,550,3.64,119,120,121,102,165,166,
2526,727,560,6.96,119,120,121,102,165,166,84,
2527,727,610,8.25,119,75,74,111,110,109,108,107,106,
2528,727,612,3.22,119,75,74,111,110,109,108,
2529,727,613,2.85,119,75,74,111,110,109,
2530,727,614,2.55,119,75,74,111,110,
2531,727,615,2.05,119,75,74,111,
2532,727,616,1.39,119,75,74,
2533,727,617,1.65,119,75,74,99,
2534,727,618,1.92,119,120,39,150,
2535,727,619,2.02,119,120,121,
2536,727,621,7.02,119,120,121,102,165,9,11,
2537,727,623,7.31,119,120,121,102,165,166,84,105,
2538,727,727,0,
2539,727,726,2.04,119,75,157,
2540,727,810,2.25,119,75,157,156,
2541,727,812,1.05,119,75,
2542,727,813,1.41,119,120,39,
2543,727,815,2.65,119,120,39,150,151,
2544,727,816,3.35,119,120,39,150,151,152,
2545,727,817,3.48,119,120,39,150,151,152,153,
2546,727,818,4.19,119,120,121,102,165,166,167,
2547,727,819,5.93,119,120,121,102,165,166,167,155,
2548,727,901,2.88,119,120,121,102,
2549,727,907,4.59,119,75,74,73,55,54,53,52,179,
2550,727,913,4.58,119,75,74,73,72,71,70,69,171,
2551,727,1036,12.45,119,75,74,73,55,54,53,52,51,50,181,
2552,726,120,2.16,146,145,13,
2553,726,122,1.48,146,145,
2554,726,125,2.11,148,74,73,72,
2555,726,126,2.18,148,74,73,55,36,
2556,726,129,2.58,148,74,73,55,54,
2557,726,132,2.92,148,149,150,101,122,
2558,726,135,3.46,148,149,150,101,102,165,
2559,726,141,4.92,148,149,150,101,102,165,9,
2560,726,143,5.45,148,149,150,101,102,165,9,10,
2561,726,154,8.01,148,149,150,101,102,165,9,11,12,
2562,726,221,4.5,146,145,144,143,107,
2563,726,229,2.69,146,145,144,143,142,
2564,726,232,2.67,148,74,73,72,71,
2565,726,236,1.87,148,74,73,55,
2566,726,242,1.85,148,149,31,
2567,726,252,5.36,148,149,31,32,
2568,726,348,7.62,148,74,73,55,54,53,52,51,50,
2569,726,340,4.68,148,74,73,55,54,53,52,51,
2570,726,337,3.75,148,74,73,55,54,53,52,
2571,726,335,3.12,148,74,73,55,54,53,
2572,726,329,1.68,148,74,73,
2573,726,325,1.04,146,
2574,726,312,5.09,146,49,
2575,726,413,7.77,146,145,144,143,142,141,69,68,
2576,726,424,3.97,146,145,144,143,142,141,69,
2577,726,426,3.19,146,145,144,143,142,141,
2578,726,437,1.63,148,66,
2579,726,442,3.37,148,66,67,
2580,726,520,5.45,146,145,144,85,
2581,726,536,1.64,146,145,144,
2582,726,546,3.33,148,149,150,101,122,123,
2583,726,550,3.8,148,149,150,101,102,165,166,
2584,726,560,7.12,148,149,150,101,102,165,166,84,
2585,726,610,7.03,146,145,144,143,107,106,
2586,726,612,2,146,145,144,143,
2587,726,613,1.97,146,145,144,78,
2588,726,614,1.74,146,145,2,
2589,726,615,1.47,146,57,
2590,726,616,1.33,148,74,
2591,726,617,1.59,148,74,99,
2592,726,618,1.87,148,149,150,
2593,726,619,2.18,148,149,150,101,
2594,726,621,7.18,148,149,150,101,102,165,9,11,
2595,726,623,7.47,148,149,150,101,102,165,166,84,105,
2596,726,727,2.04,148,66,133,
2597,726,726,0,
2598,726,810,0.21,156,
2599,726,812,0.99,148,
2600,726,813,1.36,148,149,
2601,726,815,2.6,148,149,150,151,
2602,726,816,3.3,148,149,150,151,152,
2603,726,817,3.43,148,149,150,151,152,153,
2604,726,818,4.35,148,149,150,101,102,165,166,167,
2605,726,819,6.09,148,149,150,101,102,165,166,167,155,
2606,726,901,3.04,148,149,150,101,102,
2607,726,907,4.53,148,74,73,55,54,53,52,179,
2608,726,913,4.37,146,145,144,143,142,141,69,171,
2609,726,1036,12.39,148,74,73,55,54,53,52,51,50,181,
2610,810,120,2.37,147,146,145,13,
2611,810,122,1.69,147,146,145,
2612,810,125,2.32,147,148,74,73,72,
2613,810,126,2.39,147,148,74,73,55,36,
2614,810,129,2.79,147,148,74,73,55,54,
2615,810,132,3.13,147,148,149,150,101,122,
2616,810,135,3.67,147,148,149,150,101,102,165,
2617,810,141,5.13,147,148,149,150,101,102,165,9,
2618,810,143,5.66,147,148,149,150,101,102,165,9,10,
2619,810,154,8.22,147,148,149,150,101,102,165,9,11,12,
2620,810,221,4.71,147,146,145,144,143,107,
2621,810,229,2.9,147,146,145,144,143,142,
2622,810,232,2.88,147,148,74,73,72,71,
2623,810,236,2.08,147,148,74,73,55,
2624,810,242,2.06,147,148,149,31,
2625,810,252,5.57,147,148,149,31,32,
2626,810,348,7.83,147,148,74,73,55,54,53,52,51,50,
2627,810,340,4.89,147,148,74,73,55,54,53,52,51,
2628,810,337,3.96,147,148,74,73,55,54,53,52,
2629,810,335,3.33,147,148,74,73,55,54,53,
2630,810,329,1.89,147,148,74,73,
2631,810,325,1.25,147,146,
2632,810,312,5.3,147,146,49,
2633,810,413,7.98,147,146,145,144,143,142,141,69,68,
2634,810,424,4.18,147,146,145,144,143,142,141,69,
2635,810,426,3.4,147,146,145,144,143,142,141,
2636,810,437,1.84,147,148,66,
2637,810,442,3.58,147,148,66,67,
2638,810,520,5.66,147,146,145,144,85,
2639,810,536,1.85,147,146,145,144,
2640,810,546,3.54,147,148,149,150,101,122,123,
2641,810,550,4.01,147,148,149,150,101,102,165,166,
2642,810,560,7.33,147,148,149,150,101,102,165,166,84,
2643,810,610,7.24,147,146,145,144,143,107,106,
2644,810,612,2.21,147,146,145,144,143,
2645,810,613,2.18,147,146,145,144,78,
2646,810,614,1.95,147,146,145,2,
2647,810,615,1.68,147,146,57,
2648,810,616,1.54,147,148,74,
2649,810,617,1.8,147,148,74,99,
2650,810,618,2.08,147,148,149,150,
2651,810,619,2.39,147,148,149,150,101,
2652,810,621,7.39,147,148,149,150,101,102,165,9,11,
2653,810,623,7.68,147,148,149,150,101,102,165,166,84,105,
2654,810,727,2.25,147,148,66,133,
2655,810,726,0.21,147,
2656,810,810,0,
2657,810,812,1.2,147,148,
2658,810,813,1.57,147,148,149,
2659,810,815,2.81,147,148,149,150,151,
2660,810,816,3.51,147,148,149,150,151,152,
2661,810,817,3.64,147,148,149,150,151,152,153,
2662,810,818,4.56,147,148,149,150,101,102,165,166,167,
2663,810,819,6.3,147,148,149,150,101,102,165,166,167,155,
2664,810,901,3.25,147,148,149,150,101,102,
2665,810,907,4.74,147,148,74,73,55,54,53,52,179,
2666,810,913,4.58,147,146,145,144,143,142,141,69,171,
2667,810,1036,12.6,147,148,74,73,55,54,53,52,51,50,181,
2668,812,120,2.44,74,111,110,14,13,
2669,812,122,1.76,74,111,110,14,
2670,812,125,1.12,74,73,72,
2671,812,126,1.19,74,73,55,36,
2672,812,129,1.59,74,73,55,54,
2673,812,132,1.93,149,150,101,122,
2674,812,135,2.47,149,150,101,102,165,
2675,812,141,3.93,149,150,101,102,165,9,
2676,812,143,4.46,149,150,101,102,165,9,10,
2677,812,154,7.02,149,150,101,102,165,9,11,12,
2678,812,221,4.67,74,111,110,109,108,107,
2679,812,229,2.49,74,73,72,71,34,
2680,812,232,1.68,74,73,72,71,
2681,812,236,0.88,74,73,55,
2682,812,242,0.86,149,31,
2683,812,252,4.37,149,31,32,
2684,812,348,6.63,74,73,55,54,53,52,51,50,
2685,812,340,3.69,74,73,55,54,53,52,51,
2686,812,337,2.76,74,73,55,54,53,52,
2687,812,335,2.13,74,73,55,54,53,
2688,812,329,0.69,74,73,
2689,812,325,1.43,74,111,48,
2690,812,312,5.48,74,111,48,49,
2691,812,413,6.93,74,73,72,71,70,69,68,
2692,812,424,3.13,74,73,72,71,70,69,
2693,812,426,2.35,74,73,72,71,70,
2694,812,437,0.64,66,
2695,812,442,2.38,66,67,
2696,812,520,5.73,74,111,110,14,144,85,
2697,812,536,1.92,74,111,110,14,144,
2698,812,546,2.34,149,150,101,122,123,
2699,812,550,2.81,149,150,101,102,165,166,
2700,812,560,6.13,149,150,101,102,165,166,84,
2701,812,610,7.2,74,111,110,109,108,107,106,
2702,812,612,2.17,74,111,110,109,108,
2703,812,613,1.8,74,111,110,109,
2704,812,614,1.5,74,111,110,
2705,812,615,1,74,111,
2706,812,616,0.34,74,
2707,812,617,0.6,74,99,
2708,812,618,0.88,149,150,
2709,812,619,1.19,149,150,101,
2710,812,621,6.19,149,150,101,102,165,9,11,
2711,812,623,6.48,149,150,101,102,165,166,84,105,
2712,812,727,1.05,66,133,
2713,812,726,0.99,157,
2714,812,810,1.2,157,156,
2715,812,812,0,
2716,812,813,0.37,149,
2717,812,815,1.61,149,150,151,
2718,812,816,2.31,149,150,151,152,
2719,812,817,2.44,149,150,151,152,153,
2720,812,818,3.36,149,150,101,102,165,166,167,
2721,812,819,5.1,149,150,101,102,165,166,167,155,
2722,812,901,2.05,149,150,101,102,
2723,812,907,3.54,74,73,55,54,53,52,179,
2724,812,913,3.53,74,73,72,71,70,69,171,
2725,812,1036,11.4,74,73,55,54,53,52,51,50,181,
2726,813,120,2.81,158,74,111,110,14,13,
2727,813,122,2.13,158,74,111,110,14,
2728,813,125,1.49,158,74,73,72,
2729,813,126,1.29,38,37,36,
2730,813,129,1.45,150,151,18,
2731,813,132,1.56,150,101,122,
2732,813,135,2.1,150,101,102,165,
2733,813,141,3.56,150,101,102,165,9,
2734,813,143,4.09,150,101,102,165,9,10,
2735,813,154,6.65,150,101,102,165,9,11,12,
2736,813,221,5.04,158,74,111,110,109,108,107,
2737,813,229,2.7,38,37,36,35,34,
2738,813,232,1.89,38,37,36,35,
2739,813,236,0.98,38,37,
2740,813,242,0.49,31,
2741,813,252,4,31,32,
2742,813,348,6.28,150,151,152,153,125,51,50,
2743,813,340,3.34,150,151,152,153,125,51,
2744,813,337,2.41,150,151,152,153,125,
2745,813,335,1.99,150,151,18,53,
2746,813,329,1.06,158,74,73,
2747,813,325,1.8,158,74,111,48,
2748,813,312,5.85,158,74,111,48,49,
2749,813,413,7.14,38,37,36,35,70,69,68,
2750,813,424,3.34,38,37,36,35,70,69,
2751,813,426,2.56,38,37,36,35,70,
2752,813,437,1,31,134,
2753,813,442,2.74,31,134,67,
2754,813,520,6.1,158,74,111,110,14,144,85,
2755,813,536,2.29,158,74,111,110,14,144,
2756,813,546,1.97,150,101,122,123,
2757,813,550,2.44,150,101,102,165,166,
2758,813,560,5.76,150,101,102,165,166,84,
2759,813,610,7.57,158,74,111,110,109,108,107,106,
2760,813,612,2.54,158,74,111,110,109,108,
2761,813,613,2.17,158,74,111,110,109,
2762,813,614,1.87,158,74,111,110,
2763,813,615,1.37,158,74,111,
2764,813,616,0.71,158,74,
2765,813,617,0.61,38,
2766,813,618,0.51,150,
2767,813,619,0.82,150,101,
2768,813,621,5.82,150,101,102,165,9,11,
2769,813,623,6.11,150,101,102,165,166,84,105,
2770,813,727,1.41,31,134,133,
2771,813,726,1.36,158,157,
2772,813,810,1.57,158,157,156,
2773,813,812,0.37,158,
2774,813,813,0,
2775,813,815,1.24,150,151,
2776,813,816,1.94,150,151,152,
2777,813,817,2.07,150,151,152,153,
2778,813,818,2.99,150,101,102,165,166,167,
2779,813,819,4.73,150,101,102,165,166,167,155,
2780,813,901,1.68,150,101,102,
2781,813,907,3.19,150,151,152,153,125,179,
2782,813,913,3.74,38,37,36,35,70,69,171,
2783,813,1036,11.05,150,151,152,153,125,51,50,181,
2784,816,120,3.05,89,88,87,86,130,13,
2785,816,122,2.37,89,88,87,86,130,
2786,816,125,1.72,161,18,17,16,
2787,816,126,1.5,161,18,17,
2788,816,129,0.91,161,18,
2789,816,132,0.76,82,137,
2790,816,135,1.51,82,137,8,
2791,816,141,2.97,82,137,8,9,
2792,816,143,3.5,82,137,8,9,10,
2793,816,154,6.06,82,137,8,9,11,12,
2794,816,221,4.46,89,88,34,33,
2795,816,229,1.98,89,88,34,
2796,816,232,1.17,89,88,
2797,816,236,1.62,161,18,45,
2798,816,242,2.43,161,160,159,31,
2799,816,252,5.94,161,160,159,31,32,
2800,816,348,4.34,153,125,51,50,
2801,816,340,1.4,153,125,51,
2802,816,337,0.47,153,125,
2803,816,335,0.52,89,
2804,816,329,1.81,161,18,45,46,
2805,816,325,2.73,161,18,45,46,47,48,
2806,816,312,6.78,161,18,45,46,47,48,49,
2807,816,413,6.25,153,125,126,69,68,
2808,816,424,2.45,153,125,126,69,
2809,816,426,1.67,153,125,126,
2810,816,437,2.94,161,160,159,31,134,
2811,816,442,4.68,161,160,159,31,134,67,
2812,816,520,6.02,89,88,87,86,85,
2813,816,536,2.21,89,88,87,86,
2814,816,546,0.35,82,
2815,816,550,1.27,82,83,
2816,816,560,4.59,82,83,84,
2817,816,610,6.99,89,88,34,33,106,
2818,816,612,2.25,89,88,87,108,
2819,816,613,1.88,89,88,87,
2820,816,614,2.18,89,88,87,96,
2821,816,615,2.3,161,18,45,46,47,
2822,816,616,2.16,161,18,45,46,64,
2823,816,617,1.99,161,18,45,29,
2824,816,618,1.43,161,160,
2825,816,619,1.5,82,137,136,
2826,816,621,5.23,82,137,8,9,11,
2827,816,623,4.94,82,83,84,105,
2828,816,727,3.35,161,160,159,31,134,133,
2829,816,726,3.3,161,160,159,158,157,
2830,816,810,3.51,161,160,159,158,157,156,
2831,816,812,2.31,161,160,159,158,
2832,816,813,1.94,161,160,159,
2833,816,815,0.7,161,
2834,816,816,0,
2835,816,817,0.13,153,
2836,816,818,1.08,153,154,
2837,816,819,2.82,153,154,155,
2838,816,901,1.93,82,137,8,172,
2839,816,907,1.25,153,125,179,
2840,816,913,2.85,153,125,126,69,171,
2841,816,1036,9.11,153,125,51,50,181,
2842,817,120,3.18,162,89,88,87,86,130,13,
2843,817,122,2.5,162,89,88,87,86,130,
2844,817,125,1.85,162,161,18,17,16,
2845,817,126,1.63,162,161,18,17,
2846,817,129,1.04,162,161,18,
2847,817,132,0.77,138,137,
2848,817,135,1.52,138,137,8,
2849,817,141,2.98,138,137,8,9,
2850,817,143,3.51,138,137,8,9,10,
2851,817,154,6.07,138,137,8,9,11,12,
2852,817,221,4.52,125,126,127,33,
2853,817,229,2.04,125,126,127,
2854,817,232,1.3,162,89,88,
2855,817,236,1.75,162,161,18,45,
2856,817,242,2.56,162,161,160,159,31,
2857,817,252,6.07,162,161,160,159,31,32,
2858,817,348,4.21,125,51,50,
2859,817,340,1.27,125,51,
2860,817,337,0.34,125,
2861,817,335,0.65,162,89,
2862,817,329,1.94,162,161,18,45,46,
2863,817,325,2.86,162,161,18,45,46,47,48,
2864,817,312,6.91,162,161,18,45,46,47,48,49,
2865,817,413,6.12,125,126,69,68,
2866,817,424,2.32,125,126,69,
2867,817,426,1.54,125,126,
2868,817,437,3.07,162,161,160,159,31,134,
2869,817,442,4.81,162,161,160,159,31,134,67,
2870,817,520,6.15,162,89,88,87,86,85,
2871,817,536,2.34,162,89,88,87,86,
2872,817,546,0.36,138,
2873,817,550,1.28,138,83,
2874,817,560,4.6,138,83,84,
2875,817,610,7.05,125,126,127,33,106,
2876,817,612,2.38,162,89,88,87,108,
2877,817,613,2.01,162,89,88,87,
2878,817,614,2.31,162,89,88,87,96,
2879,817,615,2.43,162,161,18,45,46,47,
2880,817,616,2.29,162,161,18,45,46,64,
2881,817,617,2.12,162,161,18,45,29,
2882,817,618,1.56,162,161,160,
2883,817,619,1.51,138,137,136,
2884,817,621,5.24,138,137,8,9,11,
2885,817,623,4.95,138,83,84,105,
2886,817,727,3.48,162,161,160,159,31,134,133,
2887,817,726,3.43,162,161,160,159,158,157,
2888,817,810,3.64,162,161,160,159,158,157,156,
2889,817,812,2.44,162,161,160,159,158,
2890,817,813,2.07,162,161,160,159,
2891,817,815,0.83,162,161,
2892,817,816,0.13,162,
2893,817,817,0,
2894,817,818,0.95,154,
2895,817,819,2.69,154,155,
2896,817,901,1.94,138,137,8,172,
2897,817,907,1.12,125,179,
2898,817,913,2.72,125,126,69,171,
2899,817,1036,8.98,125,51,50,181,
2900,819,120,5.87,164,163,162,89,88,87,86,130,13,
2901,819,122,5.19,164,163,162,89,88,87,86,130,
2902,819,125,4.54,164,163,162,161,18,17,16,
2903,819,126,4.32,164,163,162,161,18,17,
2904,819,129,3.73,164,163,162,161,18,
2905,819,132,3.38,164,174,173,20,
2906,819,135,2.63,164,174,173,
2907,819,141,4.09,164,174,173,9,
2908,819,143,4.62,164,174,173,9,10,
2909,819,154,7.18,164,174,173,9,11,12,
2910,819,221,7.21,164,163,125,126,127,33,
2911,819,229,4.73,164,163,125,126,127,
2912,819,232,3.99,164,163,162,89,88,
2913,819,236,4.44,164,163,162,161,18,45,
2914,819,242,5.01,164,174,173,172,115,135,
2915,819,252,8.52,164,174,173,172,115,135,32,
2916,819,348,5.78,164,168,180,
2917,819,340,3.19,164,168,169,
2918,819,337,3.03,164,163,125,
2919,819,335,3.34,164,163,162,89,
2920,819,329,4.63,164,163,162,161,18,45,46,
2921,819,325,5.55,164,163,162,161,18,45,46,47,48,
2922,819,312,9.6,164,163,162,161,18,45,46,47,48,49,
2923,819,413,8.55,164,168,169,170,68,
2924,819,424,4.75,164,168,169,170,
2925,819,426,4.23,164,163,125,126,
2926,819,437,5.52,164,174,173,172,115,135,134,
2927,819,442,7.26,164,174,173,172,115,135,134,67,
2928,819,520,8.84,164,163,162,89,88,87,86,85,
2929,819,536,5.03,164,163,162,89,88,87,86,
2930,819,546,3.05,164,163,138,
2931,819,550,2.29,164,174,
2932,819,560,5.61,164,174,84,
2933,819,610,9.74,164,163,125,126,127,33,106,
2934,819,612,5.07,164,163,162,89,88,87,108,
2935,819,613,4.7,164,163,162,89,88,87,
2936,819,614,5,164,163,162,89,88,87,96,
2937,819,615,5.12,164,163,162,161,18,45,46,47,
2938,819,616,4.98,164,163,162,161,18,45,46,64,
2939,819,617,4.81,164,163,162,161,18,45,29,
2940,819,618,4.22,164,174,173,172,115,114,
2941,819,619,3.91,164,174,173,172,115,
2942,819,621,6.35,164,174,173,9,11,
2943,819,623,5.96,164,174,84,105,
2944,819,727,5.93,164,174,173,172,115,135,134,133,
2945,819,726,6.09,164,174,173,172,115,114,159,158,157,
2946,819,810,6.3,164,174,173,172,115,114,159,158,157,156,
2947,819,812,5.1,164,174,173,172,115,114,159,158,
2948,819,813,4.73,164,174,173,172,115,114,159,
2949,819,815,3.52,164,163,162,161,
2950,819,816,2.82,164,163,162,
2951,819,817,2.69,164,163,
2952,819,818,1.74,164,
2953,819,819,0,
2954,819,901,3.05,164,174,173,172,
2955,819,907,2.46,164,168,
2956,819,913,5.15,164,168,169,170,171,
2957,819,1036,10.55,164,168,180,181,
2958,901,120,4.1,165,20,19,18,17,16,15,14,13,
2959,901,122,3.42,165,20,19,18,17,16,15,14,
2960,901,125,2.67,165,20,19,18,17,16,
2961,901,126,2.45,165,20,19,18,17,
2962,901,129,1.86,165,20,19,18,
2963,901,132,1.17,165,20,
2964,901,135,0.42,165,
2965,901,141,1.88,165,9,
2966,901,143,2.41,165,9,10,
2967,901,154,4.97,165,9,11,12,
2968,901,221,6.33,165,20,19,18,17,16,15,109,108,107,
2969,901,229,3.86,165,20,19,18,17,35,34,
2970,901,232,3.05,165,20,19,18,17,35,
2971,901,236,2.22,115,114,113,37,
2972,901,242,1.96,115,135,
2973,901,252,5.47,115,135,32,
2974,901,348,5.35,165,166,167,168,180,
2975,901,340,2.76,165,166,167,168,169,
2976,901,337,2.28,165,20,123,124,125,
2977,901,335,2.4,165,20,19,18,53,
2978,901,329,2.41,115,114,113,37,46,
2979,901,325,3.2,115,114,113,112,111,48,
2980,901,312,7.25,115,114,113,112,111,48,49,
2981,901,413,8.06,165,20,123,124,125,126,69,68,
2982,901,424,4.26,165,20,123,124,125,126,69,
2983,901,426,3.48,165,20,123,124,125,126,
2984,901,437,2.47,115,135,134,
2985,901,442,4.21,115,135,134,67,
2986,901,520,7.39,165,20,19,18,17,16,15,14,144,85,
2987,901,536,3.58,165,20,19,18,17,16,15,14,144,
2988,901,546,1.58,165,20,123,
2989,901,550,0.76,165,166,
2990,901,560,4.08,165,166,84,
2991,901,610,8.86,165,20,19,18,17,16,15,109,108,107,106,
2992,901,612,3.83,165,20,19,18,17,16,15,109,108,
2993,901,613,3.46,165,20,19,18,17,16,15,109,
2994,901,614,3.16,165,20,19,18,17,16,15,
2995,901,615,2.77,115,114,113,112,111,
2996,901,616,2.11,115,114,113,112,
2997,901,617,1.85,115,114,113,
2998,901,618,1.17,115,114,
2999,901,619,0.86,115,
3000,901,621,4.14,165,9,11,
3001,901,623,4.43,165,166,84,105,
3002,901,727,2.88,115,135,134,133,
3003,901,726,3.04,115,114,159,158,157,
3004,901,810,3.25,115,114,159,158,157,156,
3005,901,812,2.05,115,114,159,158,
3006,901,813,1.68,115,114,159,
3007,901,815,1.65,165,20,19,
3008,901,816,1.93,165,20,123,90,
3009,901,817,1.94,165,20,123,124,
3010,901,818,1.31,165,166,167,
3011,901,819,3.05,165,166,167,155,
3012,901,901,0,
3013,901,907,2.03,165,166,167,168,
3014,901,913,4.66,165,20,123,124,125,126,69,171,
3015,901,1036,10.12,165,166,167,168,180,181,
3016,907,120,3.94,182,43,88,87,86,130,13,
3017,907,122,3.26,182,43,88,87,86,130,
3018,907,125,2.62,182,43,88,62,
3019,907,126,2.54,182,43,44,17,
3020,907,129,1.95,182,43,44,
3021,907,132,1.89,182,139,138,137,
3022,907,135,1.61,175,174,173,
3023,907,141,3.07,175,174,173,9,
3024,907,143,3.6,175,174,173,9,10,
3025,907,154,6.16,175,174,173,9,11,12,
3026,907,221,4.96,182,126,127,33,
3027,907,229,2.48,182,126,127,
3028,907,232,2.06,182,43,88,
3029,907,236,2.66,182,43,44,45,
3030,907,242,3.68,182,139,162,161,160,159,31,
3031,907,252,7.19,182,139,162,161,160,159,31,32,
3032,907,348,3.32,180,
3033,907,340,0.73,169,
3034,907,337,0.78,182,
3035,907,335,1.41,182,43,
3036,907,329,2.85,182,43,44,45,46,
3037,907,325,3.7,182,43,88,87,86,130,131,
3038,907,312,7.75,182,43,88,87,86,130,131,49,
3039,907,413,6.09,169,170,68,
3040,907,424,2.29,169,170,
3041,907,426,1.98,182,126,
3042,907,437,4.18,182,43,44,45,46,64,65,66,
3043,907,442,5.92,182,43,44,45,46,64,65,66,67,
3044,907,520,6.91,182,43,88,87,86,85,
3045,907,536,3.1,182,43,88,87,86,
3046,907,546,1.48,182,139,138,
3047,907,550,1.27,175,174,
3048,907,560,4.59,175,174,84,
3049,907,610,7.49,182,126,127,33,106,
3050,907,612,3.14,182,43,88,87,108,
3051,907,613,2.77,182,43,88,87,
3052,907,614,3.07,182,43,88,87,96,
3053,907,615,3.34,182,43,44,45,46,47,
3054,907,616,3.2,182,43,44,45,46,64,
3055,907,617,3.03,182,43,44,45,29,
3056,907,618,2.68,182,139,162,161,160,
3057,907,619,2.63,182,139,138,137,136,
3058,907,621,5.33,175,174,173,9,11,
3059,907,623,4.94,175,174,84,105,
3060,907,727,4.59,182,43,44,45,46,64,65,66,133,
3061,907,726,4.53,182,43,44,45,46,64,65,157,
3062,907,810,4.74,182,43,44,45,46,64,65,157,156,
3063,907,812,3.54,182,43,44,45,46,64,65,
3064,907,813,3.19,182,139,162,161,160,159,
3065,907,815,1.95,182,139,162,161,
3066,907,816,1.25,182,139,162,
3067,907,817,1.12,182,139,
3068,907,818,0.72,175,
3069,907,819,2.46,175,155,
3070,907,901,2.03,175,174,173,172,
3071,907,907,0,
3072,907,913,2.69,169,170,171,
3073,907,1036,8.09,180,181,
3074,913,120,3.57,178,60,127,128,129,130,13,
3075,913,122,2.89,178,60,127,128,129,130,
3076,913,125,2.41,178,60,61,62,
3077,913,126,2.45,178,60,61,27,
3078,913,129,3.04,178,60,61,27,5,
3079,913,132,3.49,178,60,140,139,138,137,
3080,913,135,4.24,178,60,140,139,138,137,8,
3081,913,141,5.7,178,60,140,139,138,137,8,9,
3082,913,143,6.23,178,60,140,139,138,137,8,9,10,
3083,913,154,8.79,178,60,140,139,138,137,8,9,11,12,
3084,913,221,4.16,178,60,127,33,
3085,913,229,1.68,178,60,127,
3086,913,232,1.85,178,60,61,
3087,913,236,2.76,178,60,61,27,28,
3088,913,242,4.23,178,60,61,27,28,29,30,31,
3089,913,252,7.74,178,60,61,27,28,29,30,31,32,
3090,913,348,4.9,178,177,50,
3091,913,340,1.96,178,177,
3092,913,337,2.38,178,60,140,
3093,913,335,2.5,178,60,61,80,
3094,913,329,2.84,178,60,61,62,63,
3095,913,325,3.33,178,60,127,128,129,130,131,
3096,913,312,7.38,178,60,127,128,129,130,131,49,
3097,913,413,4.2,178,68,
3098,913,424,0.4,178,
3099,913,426,1.18,178,60,
3100,913,437,4.17,178,60,61,62,63,64,65,66,
3101,913,442,5.91,178,60,61,62,63,64,65,66,67,
3102,913,520,6.54,178,60,127,128,129,85,
3103,913,536,2.73,178,60,127,128,129,
3104,913,546,3.08,178,60,140,139,138,
3105,913,550,3.96,178,177,176,175,174,
3106,913,560,7.28,178,177,176,175,174,84,
3107,913,610,6.69,178,60,127,33,106,
3108,913,612,2.37,178,60,127,128,
3109,913,613,2.56,178,60,61,87,
3110,913,614,2.86,178,60,61,87,96,
3111,913,615,3.33,178,60,61,62,63,47,
3112,913,616,3.19,178,60,61,62,63,64,
3113,913,617,3.13,178,60,61,27,28,29,
3114,913,618,3.81,178,60,61,27,28,29,100,
3115,913,619,4.12,178,60,61,27,28,29,100,101,
3116,913,621,7.96,178,60,140,139,138,137,8,9,11,
3117,913,623,7.63,178,177,176,175,174,84,105,
3118,913,727,4.58,178,60,61,62,63,64,65,66,133,
3119,913,726,4.37,178,60,127,128,129,130,131,132,
3120,913,810,4.58,178,60,127,128,129,130,131,132,156,
3121,913,812,3.53,178,60,61,62,63,64,65,
3122,913,813,3.74,178,60,61,27,28,29,30,
3123,913,815,3.25,178,60,61,27,5,6,
3124,913,816,2.85,178,60,140,139,162,
3125,913,817,2.72,178,60,140,139,
3126,913,818,3.41,178,177,176,175,
3127,913,819,5.15,178,177,176,175,155,
3128,913,901,4.66,178,60,140,139,138,137,8,172,
3129,913,907,2.69,178,177,176,
3130,913,913,0,
3131,913,1036,9.67,178,177,50,181,
3132,1036,120,11.8,184,41,42,43,88,87,86,130,13,
3133,1036,122,11.12,184,41,42,43,88,87,86,130,
3134,1036,125,10.48,184,41,42,43,88,62,
3135,1036,126,10.4,184,41,42,43,44,17,
3136,1036,129,9.81,184,41,42,43,44,
3137,1036,132,9.75,184,41,42,139,138,137,
3138,1036,135,9.7,184,183,175,174,173,
3139,1036,141,11.16,184,183,175,174,173,9,
3140,1036,143,11.69,184,183,175,174,173,9,10,
3141,1036,154,14.25,184,183,175,174,173,9,11,12,
3142,1036,221,12.82,184,41,42,126,127,33,
3143,1036,229,10.34,184,41,42,126,127,
3144,1036,232,9.92,184,41,42,43,88,
3145,1036,236,10.52,184,41,42,43,44,45,
3146,1036,242,11.54,184,41,42,139,162,161,160,159,31,
3147,1036,252,15.05,184,41,42,139,162,161,160,159,31,32,
3148,1036,348,4.77,184,
3149,1036,340,7.71,184,41,
3150,1036,337,8.64,184,41,42,
3151,1036,335,9.27,184,41,42,43,
3152,1036,329,10.71,184,41,42,43,44,45,46,
3153,1036,325,11.56,184,41,42,43,88,87,86,130,131,
3154,1036,312,15.61,184,41,42,43,88,87,86,130,131,49,
3155,1036,413,13.07,184,41,170,68,
3156,1036,424,9.27,184,41,170,
3157,1036,426,9.84,184,41,42,126,
3158,1036,437,12.04,184,41,42,43,44,45,46,64,65,66,
3159,1036,442,13.78,184,41,42,43,44,45,46,64,65,66,67,
3160,1036,520,14.77,184,41,42,43,88,87,86,85,
3161,1036,536,10.96,184,41,42,43,88,87,86,
3162,1036,546,9.34,184,41,42,139,138,
3163,1036,550,9.36,184,183,175,174,
3164,1036,560,12.68,184,183,175,174,84,
3165,1036,610,15.35,184,41,42,126,127,33,106,
3166,1036,612,11,184,41,42,43,88,87,108,
3167,1036,613,10.63,184,41,42,43,88,87,
3168,1036,614,10.93,184,41,42,43,88,87,96,
3169,1036,615,11.2,184,41,42,43,44,45,46,47,
3170,1036,616,11.06,184,41,42,43,44,45,46,64,
3171,1036,617,10.89,184,41,42,43,44,45,29,
3172,1036,618,10.54,184,41,42,139,162,161,160,
3173,1036,619,10.49,184,41,42,139,138,137,136,
3174,1036,621,13.42,184,183,175,174,173,9,11,
3175,1036,623,13.03,184,183,175,174,84,105,
3176,1036,727,12.45,184,41,42,43,44,45,46,64,65,66,133,
3177,1036,726,12.39,184,41,42,43,44,45,46,64,65,157,
3178,1036,810,12.6,184,41,42,43,44,45,46,64,65,157,156,
3179,1036,812,11.4,184,41,42,43,44,45,46,64,65,
3180,1036,813,11.05,184,41,42,139,162,161,160,159,
3181,1036,815,9.81,184,41,42,139,162,161,
3182,1036,816,9.11,184,41,42,139,162,
3183,1036,817,8.98,184,41,42,139,
3184,1036,818,8.81,184,183,175,
3185,1036,819,10.55,184,183,175,155,
3186,1036,901,10.12,184,183,175,174,173,172,
3187,1036,907,8.09,184,183,
3188,1036,913,9.67,184,41,170,171,
3189,1036,1036,0,
