ID,From_dcenter,To_community,cost
0,120,120,0,
1,120,122,0.68,1,
2,120,125,1.43,1,2,3,
3,120,126,1.65,1,2,3,4,
4,120,129,2.24,1,2,3,4,5,
5,120,132,2.93,1,2,3,4,5,6,7,
6,120,135,3.68,1,2,3,4,5,6,7,8,
7,120,141,5.14,1,2,3,4,5,6,7,8,9,
8,120,143,5.67,1,2,3,4,5,6,7,8,9,10,
9,120,154,8.23,1,2,3,4,5,6,7,8,9,11,12,
10,120,221,3.7,1,144,143,107,
11,120,229,1.89,1,144,143,142,
12,120,232,1.88,1,144,78,79,
13,120,236,1.96,1,2,3,4,28,
14,120,242,3.3,1,2,97,98,65,149,31,
15,120,252,6.81,1,2,97,98,65,149,31,32,
16,120,348,7.03,1,144,78,79,80,52,51,50,
17,120,340,4.09,1,144,78,79,80,52,51,
18,120,337,3.16,1,144,78,79,80,52,
19,120,335,2.53,1,144,78,79,80,
20,120,329,1.86,1,2,3,63,
21,120,325,1.12,1,131,
22,120,312,5.17,1,131,49,
23,120,413,6.97,1,144,143,142,141,69,68,
24,120,424,3.17,1,144,143,142,141,69,
25,120,426,2.39,1,144,143,142,141,
26,120,437,3.08,1,2,97,98,65,66,
27,120,442,4.82,1,2,97,98,65,66,67,
28,120,520,4.65,1,144,85,
29,120,536,0.84,1,144,
30,120,546,3.34,1,2,3,4,5,6,7,123,
31,120,550,4.02,1,2,3,4,5,6,7,8,166,
32,120,560,7.34,1,2,3,4,5,6,7,8,166,84,
33,120,610,6.23,1,144,143,107,106,
34,120,612,1.2,1,144,143,
35,120,613,1.17,1,144,78,
36,120,614,0.94,1,2,
37,120,615,1.44,1,2,97,
38,120,616,2.1,1,2,97,98,
39,120,617,2.33,1,2,3,4,28,29,
40,120,618,3.01,1,2,3,4,28,29,100,
41,120,619,3.32,1,2,3,4,28,29,100,101,
42,120,621,7.4,1,2,3,4,5,6,7,8,9,11,
43,120,623,7.69,1,2,3,4,5,6,7,8,166,84,105,
44,120,727,3.49,1,2,97,98,65,66,133,
45,120,726,2.16,1,131,132,
46,120,810,2.37,1,131,132,156,
47,120,812,2.44,1,2,97,98,65,
48,120,813,2.81,1,2,97,98,65,149,
49,120,815,2.45,1,2,3,4,5,6,
50,120,816,3.05,1,144,78,79,80,81,
51,120,817,3.18,1,144,78,79,80,81,153,
52,120,818,4.13,1,144,78,79,80,81,153,154,
53,120,819,5.87,1,144,78,79,80,81,153,154,155,
54,120,901,4.1,1,2,3,4,5,6,7,8,172,
55,120,907,3.94,1,144,78,79,80,52,179,
56,120,913,3.57,1,144,143,142,141,69,171,
57,120,1036,11.8,1,144,78,79,80,52,51,50,181,
58,122,120,0.68,13,
59,122,122,0,
60,122,125,0.75,2,3,
61,122,126,0.97,2,3,4,
62,122,129,1.56,2,3,4,5,
63,122,132,2.25,2,3,4,5,6,7,
64,122,135,3,2,3,4,5,6,7,8,
65,122,141,4.46,2,3,4,5,6,7,8,9,
66,122,143,4.99,2,3,4,5,6,7,8,9,10,
67,122,154,7.55,2,3,4,5,6,7,8,9,11,12,
68,122,221,3.02,144,143,107,
69,122,229,1.21,144,143,142,
70,122,232,1.2,144,78,79,
71,122,236,1.28,2,3,4,28,
72,122,242,2.62,2,97,98,65,149,31,
73,122,252,6.13,2,97,98,65,149,31,32,
74,122,348,6.35,144,78,79,80,52,51,50,
75,122,340,3.41,144,78,79,80,52,51,
76,122,337,2.48,144,78,79,80,52,
77,122,335,1.85,144,78,79,80,
78,122,329,1.18,2,3,63,
79,122,325,0.44,131,
80,122,312,4.49,131,49,
81,122,413,6.29,144,143,142,141,69,68,
82,122,424,2.49,144,143,142,141,69,
83,122,426,1.71,144,143,142,141,
84,122,437,2.4,2,97,98,65,66,
85,122,442,4.14,2,97,98,65,66,67,
86,122,520,3.97,144,85,
87,122,536,0.16,144,
88,122,546,2.66,2,3,4,5,6,7,123,
89,122,550,3.34,2,3,4,5,6,7,8,166,
90,122,560,6.66,2,3,4,5,6,7,8,166,84,
91,122,610,5.55,144,143,107,106,
92,122,612,0.52,144,143,
93,122,613,0.49,144,78,
94,122,614,0.26,2,
95,122,615,0.76,2,97,
96,122,616,1.42,2,97,98,
97,122,617,1.65,2,3,4,28,29,
98,122,618,2.33,2,3,4,28,29,100,
99,122,619,2.64,2,3,4,28,29,100,101,
100,122,621,6.72,2,3,4,5,6,7,8,9,11,
101,122,623,7.01,2,3,4,5,6,7,8,166,84,105,
102,122,727,2.81,2,97,98,65,66,133,
103,122,726,1.48,131,132,
104,122,810,1.69,131,132,156,
105,122,812,1.76,2,97,98,65,
106,122,813,2.13,2,97,98,65,149,
107,122,815,1.77,2,3,4,5,6,
108,122,816,2.37,144,78,79,80,81,
109,122,817,2.5,144,78,79,80,81,153,
110,122,818,3.45,144,78,79,80,81,153,154,
111,122,819,5.19,144,78,79,80,81,153,154,155,
112,122,901,3.42,2,3,4,5,6,7,8,172,
113,122,907,3.26,144,78,79,80,52,179,
114,122,913,2.89,144,143,142,141,69,171,
115,122,1036,11.12,144,78,79,80,52,51,50,181,
116,125,120,1.43,15,14,13,
117,125,122,0.75,15,14,
118,125,125,0,
119,125,126,0.22,4,
120,125,129,0.81,4,5,
121,125,132,1.5,4,5,6,7,
122,125,135,2.25,4,5,6,7,8,
123,125,141,3.71,4,5,6,7,8,9,
124,125,143,4.24,4,5,6,7,8,9,10,
125,125,154,6.8,4,5,6,7,8,9,11,12,
126,125,221,3.66,15,109,108,107,
127,125,229,1.37,71,34,
128,125,232,0.56,71,
129,125,236,0.53,4,28,
130,125,242,1.98,63,64,65,149,31,
131,125,252,5.49,63,64,65,149,31,32,
132,125,348,5.71,71,80,52,51,50,
133,125,340,2.77,71,80,52,51,
134,125,337,1.84,71,80,52,
135,125,335,1.21,71,80,
136,125,329,0.43,63,
137,125,325,1.19,15,14,131,
138,125,312,5.24,15,14,131,49,
139,125,413,5.81,71,70,69,68,
140,125,424,2.01,71,70,69,
141,125,426,1.23,71,70,
142,125,437,1.76,63,64,65,66,
143,125,442,3.5,63,64,65,66,67,
144,125,520,4.72,15,14,144,85,
145,125,536,0.91,15,14,144,
146,125,546,1.91,4,5,6,7,123,
147,125,550,2.59,4,5,6,7,8,166,
148,125,560,5.91,4,5,6,7,8,166,84,
149,125,610,6.19,15,109,108,107,106,
150,125,612,1.16,15,109,108,
151,125,613,0.79,15,109,
152,125,614,0.49,15,
153,125,615,0.92,63,47,
154,125,616,0.78,63,64,
155,125,617,0.9,4,28,29,
156,125,618,1.58,4,28,29,100,
157,125,619,1.89,4,28,29,100,101,
158,125,621,5.97,4,5,6,7,8,9,11,
159,125,623,6.26,4,5,6,7,8,166,84,105,
160,125,727,2.17,63,64,65,66,133,
161,125,726,2.11,63,64,65,157,
162,125,810,2.32,63,64,65,157,156,
163,125,812,1.12,63,64,65,
164,125,813,1.49,63,64,65,149,
165,125,815,1.02,4,5,6,
166,125,816,1.72,4,5,6,152,
167,125,817,1.85,4,5,6,152,153,
168,125,818,2.8,4,5,6,152,153,154,
169,125,819,4.54,4,5,6,152,153,154,155,
170,125,901,2.67,4,5,6,7,8,172,
171,125,907,2.62,71,80,52,179,
172,125,913,2.41,71,70,69,171,
173,125,1036,10.48,71,80,52,51,50,181,
174,126,120,1.65,16,15,14,13,
175,126,122,0.97,16,15,14,
176,126,125,0.22,16,
177,126,126,0,
178,126,129,0.59,5,
179,126,132,1.28,5,6,7,
180,126,135,2.03,5,6,7,8,
181,126,141,3.49,5,6,7,8,9,
182,126,143,4.02,5,6,7,8,9,10,
183,126,154,6.58,5,6,7,8,9,11,12,
184,126,221,3.88,16,15,109,108,107,
185,126,229,1.41,35,34,
186,126,232,0.6,35,
187,126,236,0.31,28,
188,126,242,1.78,28,29,30,31,
189,126,252,5.29,28,29,30,31,32,
190,126,348,5.63,5,53,52,51,50,
191,126,340,2.69,5,53,52,51,
192,126,337,1.76,5,53,52,
193,126,335,1.13,5,53,
194,126,329,0.5,28,46,
195,126,325,1.41,16,15,14,131,
196,126,312,5.46,16,15,14,131,49,
197,126,413,5.85,35,70,69,68,
198,126,424,2.05,35,70,69,
199,126,426,1.27,35,70,
200,126,437,1.83,28,46,64,65,66,
201,126,442,3.57,28,46,64,65,66,67,
202,126,520,4.94,16,15,14,144,85,
203,126,536,1.13,16,15,14,144,
204,126,546,1.69,5,6,7,123,
205,126,550,2.37,5,6,7,8,166,
206,126,560,5.69,5,6,7,8,166,84,
207,126,610,6.41,16,15,109,108,107,106,
208,126,612,1.38,16,15,109,108,
209,126,613,1.01,16,15,109,
210,126,614,0.71,16,15,
211,126,615,0.99,28,46,47,
212,126,616,0.85,28,46,64,
213,126,617,0.68,28,29,
214,126,618,1.36,28,29,100,
215,126,619,1.67,28,29,100,101,
216,126,621,5.75,5,6,7,8,9,11,
217,126,623,6.04,5,6,7,8,166,84,105,
218,126,727,2.24,28,46,64,65,66,133,
219,126,726,2.18,28,46,64,65,157,
220,126,810,2.39,28,46,64,65,157,156,
221,126,812,1.19,28,46,64,65,
222,126,813,1.29,28,29,30,
223,126,815,0.8,5,6,
224,126,816,1.5,5,6,152,
225,126,817,1.63,5,6,152,153,
226,126,818,2.58,5,6,152,153,154,
227,126,819,4.32,5,6,152,153,154,155,
228,126,901,2.45,5,6,7,8,172,
229,126,907,2.54,5,53,52,179,
230,126,913,2.45,35,70,69,171,
231,126,1036,10.4,5,53,52,51,50,181,
232,129,120,2.24,17,16,15,14,13,
233,129,122,1.56,17,16,15,14,
234,129,125,0.81,17,16,
235,129,126,0.59,17,
236,129,129,0,
237,129,132,0.69,6,7,
238,129,135,1.44,6,7,8,
239,129,141,2.9,6,7,8,9,
240,129,143,3.43,6,7,8,9,10,
241,129,154,5.99,6,7,8,9,11,12,
242,129,221,4.47,17,16,15,109,108,107,
243,129,229,2,17,35,34,
244,129,232,1.19,17,35,
245,129,236,0.71,45,
246,129,242,1.94,6,160,159,31,
247,129,252,5.45,6,160,159,31,32,
248,129,348,5.04,53,52,51,50,
249,129,340,2.1,53,52,51,
250,129,337,1.17,53,52,
251,129,335,0.54,53,
252,129,329,0.9,45,46,
253,129,325,1.82,45,46,47,48,
254,129,312,5.87,45,46,47,48,49,
255,129,413,6.44,17,35,70,69,68,
256,129,424,2.64,17,35,70,69,
257,129,426,1.86,17,35,70,
258,129,437,2.23,45,46,64,65,66,
259,129,442,3.97,45,46,64,65,66,67,
260,129,520,5.53,17,16,15,14,144,85,
261,129,536,1.72,17,16,15,14,144,
262,129,546,1.1,6,7,123,
263,129,550,1.78,6,7,8,166,
264,129,560,5.1,6,7,8,166,84,
265,129,610,7,17,16,15,109,108,107,106,
266,129,612,1.97,17,16,15,109,108,
267,129,613,1.6,17,16,15,109,
268,129,614,1.3,17,16,15,
269,129,615,1.39,45,46,47,
270,129,616,1.25,45,46,64,
271,129,617,1.08,45,29,
272,129,618,0.94,6,160,
273,129,619,1.25,6,160,101,
274,129,621,5.16,6,7,8,9,11,
275,129,623,5.45,6,7,8,166,84,105,
276,129,727,2.64,45,46,64,65,66,133,
277,129,726,2.58,45,46,64,65,157,
278,129,810,2.79,45,46,64,65,157,156,
279,129,812,1.59,45,46,64,65,
280,129,813,1.45,6,160,159,
281,129,815,0.21,6,
282,129,816,0.91,6,152,
283,129,817,1.04,6,152,153,
284,129,818,1.99,6,152,153,154,
285,129,819,3.73,6,152,153,154,155,
286,129,901,1.86,6,7,8,172,
287,129,907,1.95,53,52,179,
288,129,913,3.04,17,35,70,69,171,
289,129,1036,9.81,53,52,51,50,181,
290,132,120,2.93,19,18,17,16,15,14,13,
291,132,122,2.25,19,18,17,16,15,14,
292,132,125,1.5,19,18,17,16,
293,132,126,1.28,19,18,17,
294,132,129,0.69,19,18,
295,132,132,0,
296,132,135,0.75,8,
297,132,141,2.21,8,9,
298,132,143,2.74,8,9,10,
299,132,154,5.3,8,9,11,12,
300,132,221,5.16,19,18,17,16,15,109,108,107,
301,132,229,2.69,19,18,17,35,34,
302,132,232,1.88,19,18,17,35,
303,132,236,1.4,19,18,45,
304,132,242,1.84,136,135,
305,132,252,5.35,136,135,32,
306,132,348,4.98,123,124,125,51,50,
307,132,340,2.04,123,124,125,51,
308,132,337,1.11,123,124,125,
309,132,335,1.23,19,18,53,
310,132,329,1.59,19,18,45,46,
311,132,325,2.51,19,18,45,46,47,48,
312,132,312,6.56,19,18,45,46,47,48,49,
313,132,413,6.89,123,124,125,126,69,68,
314,132,424,3.09,123,124,125,126,69,
315,132,426,2.31,123,124,125,126,
316,132,437,2.35,136,135,134,
317,132,442,4.09,136,135,134,67,
318,132,520,6.22,19,18,17,16,15,14,144,85,
319,132,536,2.41,19,18,17,16,15,14,144,
320,132,546,0.41,123,
321,132,550,1.09,8,166,
322,132,560,4.41,8,166,84,
323,132,610,7.69,19,18,17,16,15,109,108,107,106,
324,132,612,2.66,19,18,17,16,15,109,108,
325,132,613,2.29,19,18,17,16,15,109,
326,132,614,1.99,19,18,17,16,15,
327,132,615,2.08,19,18,45,46,47,
328,132,616,1.94,19,18,45,46,64,
329,132,617,1.73,136,114,113,
330,132,618,1.05,136,114,
331,132,619,0.74,136,
332,132,621,4.47,8,9,11,
333,132,623,4.76,8,166,84,105,
334,132,727,2.76,136,135,134,133,
335,132,726,2.92,136,114,159,158,157,
336,132,810,3.13,136,114,159,158,157,156,
337,132,812,1.93,136,114,159,158,
338,132,813,1.56,136,114,159,
339,132,815,0.48,19,
340,132,816,0.76,123,90,
341,132,817,0.77,123,124,
342,132,818,1.64,8,166,167,
343,132,819,3.38,8,166,167,155,
344,132,901,1.17,8,172,
345,132,907,1.89,123,124,125,179,
346,132,913,3.49,123,124,125,126,69,171,
347,132,1036,9.75,123,124,125,51,50,181,
348,135,120,3.68,20,19,18,17,16,15,14,13,
349,135,122,3,20,19,18,17,16,15,14,
350,135,125,2.25,20,19,18,17,16,
351,135,126,2.03,20,19,18,17,
352,135,129,1.44,20,19,18,
353,135,132,0.75,20,
354,135,135,0,
355,135,141,1.46,9,
356,135,143,1.99,9,10,
357,135,154,4.55,9,11,12,
358,135,221,5.91,20,19,18,17,16,15,109,108,107,
359,135,229,3.44,20,19,18,17,35,34,
360,135,232,2.63,20,19,18,17,35,
361,135,236,2.15,20,19,18,45,
362,135,242,2.38,172,115,135,
363,135,252,5.89,172,115,135,32,
364,135,348,4.93,166,167,168,180,
365,135,340,2.34,166,167,168,169,
366,135,337,1.86,20,123,124,125,
367,135,335,1.98,20,19,18,53,
368,135,329,2.34,20,19,18,45,46,
369,135,325,3.26,20,19,18,45,46,47,48,
370,135,312,7.31,20,19,18,45,46,47,48,49,
371,135,413,7.64,20,123,124,125,126,69,68,
372,135,424,3.84,20,123,124,125,126,69,
373,135,426,3.06,20,123,124,125,126,
374,135,437,2.89,172,115,135,134,
375,135,442,4.63,172,115,135,134,67,
376,135,520,6.97,20,19,18,17,16,15,14,144,85,
377,135,536,3.16,20,19,18,17,16,15,14,144,
378,135,546,1.16,20,123,
379,135,550,0.34,166,
380,135,560,3.66,166,84,
381,135,610,8.44,20,19,18,17,16,15,109,108,107,106,
382,135,612,3.41,20,19,18,17,16,15,109,108,
383,135,613,3.04,20,19,18,17,16,15,109,
384,135,614,2.74,20,19,18,17,16,15,
385,135,615,2.83,20,19,18,45,46,47,
386,135,616,2.53,172,115,114,113,112,
387,135,617,2.27,172,115,114,113,
388,135,618,1.59,172,115,114,
389,135,619,1.28,172,115,
390,135,621,3.72,9,11,
391,135,623,4.01,166,84,105,
392,135,727,3.3,172,115,135,134,133,
393,135,726,3.46,172,115,114,159,158,157,
394,135,810,3.67,172,115,114,159,158,157,156,
395,135,812,2.47,172,115,114,159,158,
396,135,813,2.1,172,115,114,159,
397,135,815,1.23,20,19,
398,135,816,1.51,20,123,90,
399,135,817,1.52,20,123,124,
400,135,818,0.89,166,167,
401,135,819,2.63,166,167,155,
402,135,901,0.42,172,
403,135,907,1.61,166,167,168,
404,135,913,4.24,20,123,124,125,126,69,171,
405,135,1036,9.7,166,167,168,180,181,
406,154,120,8.23,24,23,21,20,19,18,17,16,15,14,13,
407,154,122,7.55,24,23,21,20,19,18,17,16,15,14,
408,154,125,6.8,24,23,21,20,19,18,17,16,
409,154,126,6.58,24,23,21,20,19,18,17,
410,154,129,5.99,24,23,21,20,19,18,
411,154,132,5.3,24,23,21,20,
412,154,135,4.55,24,23,21,
413,154,141,3.09,24,23,
414,154,143,3.62,24,23,10,
415,154,154,0,
416,154,221,10.46,24,23,21,20,19,18,17,16,15,109,108,107,
417,154,229,7.99,24,23,21,20,19,18,17,35,34,
418,154,232,7.18,24,23,21,20,19,18,17,35,
419,154,236,6.7,24,23,21,20,19,18,45,
420,154,242,6.93,24,23,21,172,115,135,
421,154,252,10.44,24,23,21,172,115,135,32,
422,154,348,9.48,24,23,21,166,167,168,180,
423,154,340,6.89,24,23,21,166,167,168,169,
424,154,337,6.41,24,23,21,20,123,124,125,
425,154,335,6.53,24,23,21,20,19,18,53,
426,154,329,6.89,24,23,21,20,19,18,45,46,
427,154,325,7.81,24,23,21,20,19,18,45,46,47,48,
428,154,312,11.86,24,23,21,20,19,18,45,46,47,48,49,
429,154,413,12.19,24,23,21,20,123,124,125,126,69,68,
430,154,424,8.39,24,23,21,20,123,124,125,126,69,
431,154,426,7.61,24,23,21,20,123,124,125,126,
432,154,437,7.44,24,23,21,172,115,135,134,
433,154,442,9.18,24,23,21,172,115,135,134,67,
434,154,520,11.52,24,23,21,20,19,18,17,16,15,14,144,85,
435,154,536,7.71,24,23,21,20,19,18,17,16,15,14,144,
436,154,546,5.71,24,23,21,20,123,
437,154,550,4.89,24,23,21,166,
438,154,560,2.33,24,104,
439,154,610,12.99,24,23,21,20,19,18,17,16,15,109,108,107,106,
440,154,612,7.96,24,23,21,20,19,18,17,16,15,109,108,
441,154,613,7.59,24,23,21,20,19,18,17,16,15,109,
442,154,614,7.29,24,23,21,20,19,18,17,16,15,
443,154,615,7.38,24,23,21,20,19,18,45,46,47,
444,154,616,7.08,24,23,21,172,115,114,113,112,
445,154,617,6.82,24,23,21,172,115,114,113,
446,154,618,6.14,24,23,21,172,115,114,
447,154,619,5.83,24,23,21,172,115,
448,154,621,0.83,24,
449,154,623,2.68,24,104,105,
450,154,727,7.85,24,23,21,172,115,135,134,133,
451,154,726,8.01,24,23,21,172,115,114,159,158,157,
452,154,810,8.22,24,23,21,172,115,114,159,158,157,156,
453,154,812,7.02,24,23,21,172,115,114,159,158,
454,154,813,6.65,24,23,21,172,115,114,159,
455,154,815,5.78,24,23,21,20,19,
456,154,816,6.06,24,23,21,20,123,90,
457,154,817,6.07,24,23,21,20,123,124,
458,154,818,5.44,24,23,21,166,167,
459,154,819,7.18,24,23,21,166,167,155,
460,154,901,4.97,24,23,21,172,
461,154,907,6.16,24,23,21,166,167,168,
462,154,913,8.79,24,23,21,20,123,124,125,126,69,171,
463,154,1036,14.25,24,23,21,166,167,168,180,181,
464,229,120,1.89,128,129,130,13,
465,229,122,1.21,128,129,130,
466,229,125,1.37,26,62,
467,229,126,1.41,26,27,
468,229,129,2,26,27,5,
469,229,132,2.69,26,27,5,6,7,
470,229,135,3.44,26,27,5,6,7,8,
471,229,141,4.9,26,27,5,6,7,8,9,
472,229,143,5.43,26,27,5,6,7,8,9,10,
473,229,154,7.99,26,27,5,6,7,8,9,11,12,
474,229,221,2.48,33,
475,229,229,0,
476,229,232,0.81,26,
477,229,236,1.72,26,27,28,
478,229,242,3.19,26,27,28,29,30,31,
479,229,252,6.7,26,27,28,29,30,31,32,
480,229,348,5.57,141,140,51,50,
481,229,340,2.63,141,140,51,
482,229,337,1.7,141,140,
483,229,335,1.46,26,80,
484,229,329,1.8,26,62,63,
485,229,325,1.65,128,129,130,131,
486,229,312,5.7,128,129,130,131,49,
487,229,413,5.08,141,69,68,
488,229,424,1.28,141,69,
489,229,426,0.5,141,
490,229,437,3.13,26,62,63,64,65,66,
491,229,442,4.87,26,62,63,64,65,66,67,
492,229,520,4.86,128,129,85,
493,229,536,1.05,128,129,
494,229,546,2.33,26,80,81,82,
495,229,550,3.25,26,80,81,82,83,
496,229,560,6.57,26,80,81,82,83,84,
497,229,610,5.01,33,106,
498,229,612,0.69,128,
499,229,613,1.06,128,95,
500,229,614,1.36,128,95,96,
501,229,615,1.86,128,95,96,97,
502,229,616,2.15,26,62,63,64,
503,229,617,2.09,26,27,28,29,
504,229,618,2.77,26,27,28,29,100,
505,229,619,3.08,26,27,28,29,100,101,
506,229,621,7.16,26,27,5,6,7,8,9,11,
507,229,623,6.92,26,80,81,82,83,84,105,
508,229,727,3.54,26,62,63,64,65,66,133,
509,229,726,2.69,128,129,130,131,132,
510,229,810,2.9,128,129,130,131,132,156,
511,229,812,2.49,26,62,63,64,65,
512,229,813,2.7,26,27,28,29,30,
513,229,815,2.21,26,27,5,6,
514,229,816,1.98,26,80,81,
515,229,817,2.04,141,140,139,
516,229,818,2.99,141,140,139,154,
517,229,819,4.73,141,140,139,154,155,
518,229,901,3.86,26,27,5,6,7,8,172,
519,229,907,2.48,141,140,179,
520,229,913,1.68,141,69,171,
521,229,1036,10.34,141,140,51,50,181,
522,232,120,1.88,87,86,130,13,
523,232,122,1.2,87,86,130,
524,232,125,0.56,62,
525,232,126,0.6,27,
526,232,129,1.19,27,5,
527,232,132,1.88,27,5,6,7,
528,232,135,2.63,27,5,6,7,8,
529,232,141,4.09,27,5,6,7,8,9,
530,232,143,4.62,27,5,6,7,8,9,10,
531,232,154,7.18,27,5,6,7,8,9,11,12,
532,232,221,3.29,34,33,
533,232,229,0.81,34,
534,232,232,0,
535,232,236,0.91,27,28,
536,232,242,2.38,27,28,29,30,31,
537,232,252,5.89,27,28,29,30,31,32,
538,232,348,5.15,80,52,51,50,
539,232,340,2.21,80,52,51,
540,232,337,1.28,80,52,
541,232,335,0.65,80,
542,232,329,0.99,62,63,
543,232,325,1.64,87,86,130,131,
544,232,312,5.69,87,86,130,131,49,
545,232,413,5.25,70,69,68,
546,232,424,1.45,70,69,
547,232,426,0.67,70,
548,232,437,2.32,62,63,64,65,66,
549,232,442,4.06,62,63,64,65,66,67,
550,232,520,4.85,87,86,85,
551,232,536,1.04,87,86,
552,232,546,1.52,80,81,82,
553,232,550,2.44,80,81,82,83,
554,232,560,5.76,80,81,82,83,84,
555,232,610,5.82,34,33,106,
556,232,612,1.08,87,108,
557,232,613,0.71,87,
558,232,614,1.01,87,96,
559,232,615,1.48,62,63,47,
560,232,616,1.34,62,63,64,
561,232,617,1.28,27,28,29,
562,232,618,1.96,27,28,29,100,
563,232,619,2.27,27,28,29,100,101,
564,232,621,6.35,27,5,6,7,8,9,11,
565,232,623,6.11,80,81,82,83,84,105,
566,232,727,2.73,62,63,64,65,66,133,
567,232,726,2.67,62,63,64,65,157,
568,232,810,2.88,62,63,64,65,157,156,
569,232,812,1.68,62,63,64,65,
570,232,813,1.89,27,28,29,30,
571,232,815,1.4,27,5,6,
572,232,816,1.17,80,81,
573,232,817,1.3,80,81,153,
574,232,818,2.25,80,81,153,154,
575,232,819,3.99,80,81,153,154,155,
576,232,901,3.05,27,5,6,7,8,172,
577,232,907,2.06,80,52,179,
578,232,913,1.85,70,69,171,
579,232,1036,9.92,80,52,51,50,181,
580,236,120,1.96,36,16,15,14,13,
581,236,122,1.28,36,16,15,14,
582,236,125,0.53,36,16,
583,236,126,0.31,36,
584,236,129,0.71,54,
585,236,132,1.4,54,6,7,
586,236,135,2.15,54,6,7,8,
587,236,141,3.61,54,6,7,8,9,
588,236,143,4.14,54,6,7,8,9,10,
589,236,154,6.7,54,6,7,8,9,11,12,
590,236,221,4.19,36,16,15,109,108,107,
591,236,229,1.72,36,35,34,
592,236,232,0.91,36,35,
593,236,236,0,
594,236,242,1.47,29,30,31,
595,236,252,4.98,29,30,31,32,
596,236,348,5.75,54,53,52,51,50,
597,236,340,2.81,54,53,52,51,
598,236,337,1.88,54,53,52,
599,236,335,1.25,54,53,
600,236,329,0.19,46,
601,236,325,1.11,46,47,48,
602,236,312,5.16,46,47,48,49,
603,236,413,6.16,36,35,70,69,68,
604,236,424,2.36,36,35,70,69,
605,236,426,1.58,36,35,70,
606,236,437,1.52,46,64,65,66,
607,236,442,3.26,46,64,65,66,67,
608,236,520,5.25,36,16,15,14,144,85,
609,236,536,1.44,36,16,15,14,144,
610,236,546,1.81,54,6,7,123,
611,236,550,2.49,54,6,7,8,166,
612,236,560,5.81,54,6,7,8,166,84,
613,236,610,6.72,36,16,15,109,108,107,106,
614,236,612,1.69,36,16,15,109,108,
615,236,613,1.32,36,16,15,109,
616,236,614,1.02,36,16,15,
617,236,615,0.68,46,47,
618,236,616,0.54,46,64,
619,236,617,0.37,29,
620,236,618,1.05,29,100,
621,236,619,1.36,29,100,101,
622,236,621,5.87,54,6,7,8,9,11,
623,236,623,6.16,54,6,7,8,166,84,105,
624,236,727,1.93,46,64,65,66,133,
625,236,726,1.87,46,64,65,157,
626,236,810,2.08,46,64,65,157,156,
627,236,812,0.88,46,64,65,
628,236,813,0.98,29,30,
629,236,815,0.92,54,6,
630,236,816,1.62,54,6,152,
631,236,817,1.75,54,6,152,153,
632,236,818,2.7,54,6,152,153,154,
633,236,819,4.44,54,6,152,153,154,155,
634,236,901,2.22,29,100,101,102,
635,236,907,2.66,54,53,52,179,
636,236,913,2.76,36,35,70,69,171,
637,236,1036,10.52,54,53,52,51,50,181,
638,242,120,3.3,39,158,74,111,110,14,13,
639,242,122,2.62,39,158,74,111,110,14,
640,242,125,1.98,39,158,74,73,72,
641,242,126,1.78,39,38,37,36,
642,242,129,1.94,39,150,151,18,
643,242,132,1.84,121,122,
644,242,135,2.38,121,102,165,
645,242,141,3.84,121,102,165,9,
646,242,143,4.37,121,102,165,9,10,
647,242,154,6.93,121,102,165,9,11,12,
648,242,221,5.53,39,158,74,111,110,109,108,107,
649,242,229,3.19,39,38,37,36,35,34,
650,242,232,2.38,39,38,37,36,35,
651,242,236,1.47,39,38,37,
652,242,242,0,
653,242,252,3.51,32,
654,242,348,6.77,39,150,151,152,153,125,51,50,
655,242,340,3.83,39,150,151,152,153,125,51,
656,242,337,2.9,39,150,151,152,153,125,
657,242,335,2.48,39,150,151,18,53,
658,242,329,1.55,39,158,74,73,
659,242,325,2.29,39,158,74,111,48,
660,242,312,6.34,39,158,74,111,48,49,
661,242,413,7.63,39,38,37,36,35,70,69,68,
662,242,424,3.83,39,38,37,36,35,70,69,
663,242,426,3.05,39,38,37,36,35,70,
664,242,437,0.51,134,
665,242,442,2.25,134,67,
666,242,520,6.59,39,158,74,111,110,14,144,85,
667,242,536,2.78,39,158,74,111,110,14,144,
668,242,546,2.25,121,122,123,
669,242,550,2.72,121,102,165,166,
670,242,560,6.04,121,102,165,166,84,
671,242,610,8.06,39,158,74,111,110,109,108,107,106,
672,242,612,3.03,39,158,74,111,110,109,108,
673,242,613,2.66,39,158,74,111,110,109,
674,242,614,2.36,39,158,74,111,110,
675,242,615,1.86,39,158,74,111,
676,242,616,1.2,39,158,74,
677,242,617,1.1,39,38,
678,242,618,1,39,150,
679,242,619,1.1,121,
680,242,621,6.1,121,102,165,9,11,
681,242,623,6.39,121,102,165,166,84,105,
682,242,727,0.92,134,133,
683,242,726,1.85,39,158,157,
684,242,810,2.06,39,158,157,156,
685,242,812,0.86,39,158,
686,242,813,0.49,39,
687,242,815,1.73,39,150,151,
688,242,816,2.43,39,150,151,152,
689,242,817,2.56,39,150,151,152,153,
690,242,818,3.27,121,102,165,166,167,
691,242,819,5.01,121,102,165,166,167,155,
692,242,901,1.96,121,102,
693,242,907,3.68,39,150,151,152,153,125,179,
694,242,913,4.23,39,38,37,36,35,70,69,171,
695,242,1036,11.54,39,150,151,152,153,125,51,50,181,
696,252,120,6.81,40,39,158,74,111,110,14,13,
697,252,122,6.13,40,39,158,74,111,110,14,
698,252,125,5.49,40,39,158,74,73,72,
699,252,126,5.29,40,39,38,37,36,
700,252,129,5.45,40,39,150,151,18,
701,252,132,5.35,40,121,122,
702,252,135,5.89,40,121,102,165,
703,252,141,7.35,40,121,102,165,9,
704,252,143,7.88,40,121,102,165,9,10,
705,252,154,10.44,40,121,102,165,9,11,12,
706,252,221,9.04,40,39,158,74,111,110,109,108,107,
707,252,229,6.7,40,39,38,37,36,35,34,
708,252,232,5.89,40,39,38,37,36,35,
709,252,236,4.98,40,39,38,37,
710,252,242,3.51,40,
711,252,252,0,
712,252,348,10.28,40,39,150,151,152,153,125,51,50,
713,252,340,7.34,40,39,150,151,152,153,125,51,
714,252,337,6.41,40,39,150,151,152,153,125,
715,252,335,5.99,40,39,150,151,18,53,
716,252,329,5.06,40,39,158,74,73,
717,252,325,5.8,40,39,158,74,111,48,
718,252,312,9.85,40,39,158,74,111,48,49,
719,252,413,11.14,40,39,38,37,36,35,70,69,68,
720,252,424,7.34,40,39,38,37,36,35,70,69,
721,252,426,6.56,40,39,38,37,36,35,70,
722,252,437,4.02,40,134,
723,252,442,5.76,40,134,67,
724,252,520,10.1,40,39,158,74,111,110,14,144,85,
725,252,536,6.29,40,39,158,74,111,110,14,144,
726,252,546,5.76,40,121,122,123,
727,252,550,6.23,40,121,102,165,166,
728,252,560,9.55,40,121,102,165,166,84,
729,252,610,11.57,40,39,158,74,111,110,109,108,107,106,
730,252,612,6.54,40,39,158,74,111,110,109,108,
731,252,613,6.17,40,39,158,74,111,110,109,
732,252,614,5.87,40,39,158,74,111,110,
733,252,615,5.37,40,39,158,74,111,
734,252,616,4.71,40,39,158,74,
735,252,617,4.61,40,39,38,
736,252,618,4.51,40,39,150,
737,252,619,4.61,40,121,
738,252,621,9.61,40,121,102,165,9,11,
739,252,623,9.9,40,121,102,165,166,84,105,
740,252,727,4.43,40,134,133,
741,252,726,5.36,40,39,158,157,
742,252,810,5.57,40,39,158,157,156,
743,252,812,4.37,40,39,158,
744,252,813,4,40,39,
745,252,815,5.24,40,39,150,151,
746,252,816,5.94,40,39,150,151,152,
747,252,817,6.07,40,39,150,151,152,153,
748,252,818,6.78,40,121,102,165,166,167,
749,252,819,8.52,40,121,102,165,166,167,155,
750,252,901,5.47,40,121,102,
751,252,907,7.19,40,39,150,151,152,153,125,179,
752,252,913,7.74,40,39,38,37,36,35,70,69,171,
753,252,1036,15.05,40,39,150,151,152,153,125,51,50,181,
754,348,120,7.03,41,42,43,88,87,86,130,13,
755,348,122,6.35,41,42,43,88,87,86,130,
756,348,125,5.71,41,42,43,88,62,
757,348,126,5.63,41,42,43,44,17,
758,348,129,5.04,41,42,43,44,
759,348,132,4.98,41,42,139,138,137,
760,348,135,4.93,183,175,174,173,
761,348,141,6.39,183,175,174,173,9,
762,348,143,6.92,183,175,174,173,9,10,
763,348,154,9.48,183,175,174,173,9,11,12,
764,348,221,8.05,41,42,126,127,33,
765,348,229,5.57,41,42,126,127,
766,348,232,5.15,41,42,43,88,
767,348,236,5.75,41,42,43,44,45,
768,348,242,6.77,41,42,139,162,161,160,159,31,
769,348,252,10.28,41,42,139,162,161,160,159,31,32,
770,348,348,0,
771,348,340,2.94,41,
772,348,337,3.87,41,42,
773,348,335,4.5,41,42,43,
774,348,329,5.94,41,42,43,44,45,46,
775,348,325,6.79,41,42,43,88,87,86,130,131,
776,348,312,10.84,41,42,43,88,87,86,130,131,49,
777,348,413,8.3,41,170,68,
778,348,424,4.5,41,170,
779,348,426,5.07,41,42,126,
780,348,437,7.27,41,42,43,44,45,46,64,65,66,
781,348,442,9.01,41,42,43,44,45,46,64,65,66,67,
782,348,520,10,41,42,43,88,87,86,85,
783,348,536,6.19,41,42,43,88,87,86,
784,348,546,4.57,41,42,139,138,
785,348,550,4.59,183,175,174,
786,348,560,7.91,183,175,174,84,
787,348,610,10.58,41,42,126,127,33,106,
788,348,612,6.23,41,42,43,88,87,108,
789,348,613,5.86,41,42,43,88,87,
790,348,614,6.16,41,42,43,88,87,96,
791,348,615,6.43,41,42,43,44,45,46,47,
792,348,616,6.29,41,42,43,44,45,46,64,
793,348,617,6.12,41,42,43,44,45,29,
794,348,618,5.77,41,42,139,162,161,160,
795,348,619,5.72,41,42,139,138,137,136,
796,348,621,8.65,183,175,174,173,9,11,
797,348,623,8.26,183,175,174,84,105,
798,348,727,7.68,41,42,43,44,45,46,64,65,66,133,
799,348,726,7.62,41,42,43,44,45,46,64,65,157,
800,348,810,7.83,41,42,43,44,45,46,64,65,157,156,
801,348,812,6.63,41,42,43,44,45,46,64,65,
802,348,813,6.28,41,42,139,162,161,160,159,
803,348,815,5.04,41,42,139,162,161,
804,348,816,4.34,41,42,139,162,
805,348,817,4.21,41,42,139,
806,348,818,4.04,183,175,
807,348,819,5.78,183,175,155,
808,348,901,5.35,183,175,174,173,172,
809,348,907,3.32,183,
810,348,913,4.9,41,170,171,
811,348,1036,4.77,181,
812,340,120,4.09,42,43,88,87,86,130,13,
813,340,122,3.41,42,43,88,87,86,130,
814,340,125,2.77,42,43,88,62,
815,340,126,2.69,42,43,44,17,
816,340,129,2.1,42,43,44,
817,340,132,2.04,42,139,138,137,
818,340,135,2.34,176,175,174,173,
819,340,141,3.8,176,175,174,173,9,
820,340,143,4.33,176,175,174,173,9,10,
821,340,154,6.89,176,175,174,173,9,11,12,
822,340,221,5.11,42,126,127,33,
823,340,229,2.63,42,126,127,
824,340,232,2.21,42,43,88,
825,340,236,2.81,42,43,44,45,
826,340,242,3.83,42,139,162,161,160,159,31,
827,340,252,7.34,42,139,162,161,160,159,31,32,
828,340,348,2.94,50,
829,340,340,0,
830,340,337,0.93,42,
831,340,335,1.56,42,43,
832,340,329,3,42,43,44,45,46,
833,340,325,3.85,42,43,88,87,86,130,131,
834,340,312,7.9,42,43,88,87,86,130,131,49,
835,340,413,5.36,170,68,
836,340,424,1.56,170,
837,340,426,2.13,42,126,
838,340,437,4.33,42,43,44,45,46,64,65,66,
839,340,442,6.07,42,43,44,45,46,64,65,66,67,
840,340,520,7.06,42,43,88,87,86,85,
841,340,536,3.25,42,43,88,87,86,
842,340,546,1.63,42,139,138,
843,340,550,2,176,175,174,
844,340,560,5.32,176,175,174,84,
845,340,610,7.64,42,126,127,33,106,
846,340,612,3.29,42,43,88,87,108,
847,340,613,2.92,42,43,88,87,
848,340,614,3.22,42,43,88,87,96,
849,340,615,3.49,42,43,44,45,46,47,
850,340,616,3.35,42,43,44,45,46,64,
851,340,617,3.18,42,43,44,45,29,
852,340,618,2.83,42,139,162,161,160,
853,340,619,2.78,42,139,138,137,136,
854,340,621,6.06,176,175,174,173,9,11,
855,340,623,5.67,176,175,174,84,105,
856,340,727,4.74,42,43,44,45,46,64,65,66,133,
857,340,726,4.68,42,43,44,45,46,64,65,157,
858,340,810,4.89,42,43,44,45,46,64,65,157,156,
859,340,812,3.69,42,43,44,45,46,64,65,
860,340,813,3.34,42,139,162,161,160,159,
861,340,815,2.1,42,139,162,161,
862,340,816,1.4,42,139,162,
863,340,817,1.27,42,139,
864,340,818,1.45,176,175,
865,340,819,3.19,176,175,155,
866,340,901,2.76,176,175,174,173,172,
867,340,907,0.73,176,
868,340,913,1.96,170,171,
869,340,1036,7.71,50,181,
870,337,120,3.16,43,88,87,86,130,13,
871,337,122,2.48,43,88,87,86,130,
872,337,125,1.84,43,88,62,
873,337,126,1.76,43,44,17,
874,337,129,1.17,43,44,
875,337,132,1.11,139,138,137,
876,337,135,1.86,139,138,137,8,
877,337,141,3.32,139,138,137,8,9,
878,337,143,3.85,139,138,137,8,9,10,
879,337,154,6.41,139,138,137,8,9,11,12,
880,337,221,4.18,126,127,33,
881,337,229,1.7,126,127,
882,337,232,1.28,43,88,
883,337,236,1.88,43,44,45,
884,337,242,2.9,139,162,161,160,159,31,
885,337,252,6.41,139,162,161,160,159,31,32,
886,337,348,3.87,51,50,
887,337,340,0.93,51,
888,337,337,0,
889,337,335,0.63,43,
890,337,329,2.07,43,44,45,46,
891,337,325,2.92,43,88,87,86,130,131,
892,337,312,6.97,43,88,87,86,130,131,49,
893,337,413,5.78,126,69,68,
894,337,424,1.98,126,69,
895,337,426,1.2,126,
896,337,437,3.4,43,44,45,46,64,65,66,
897,337,442,5.14,43,44,45,46,64,65,66,67,
898,337,520,6.13,43,88,87,86,85,
899,337,536,2.32,43,88,87,86,
900,337,546,0.7,139,138,
901,337,550,1.62,139,138,83,
902,337,560,4.94,139,138,83,84,
903,337,610,6.71,126,127,33,106,
904,337,612,2.36,43,88,87,108,
905,337,613,1.99,43,88,87,
906,337,614,2.29,43,88,87,96,
907,337,615,2.56,43,44,45,46,47,
908,337,616,2.42,43,44,45,46,64,
909,337,617,2.25,43,44,45,29,
910,337,618,1.9,139,162,161,160,
911,337,619,1.85,139,138,137,136,
912,337,621,5.58,139,138,137,8,9,11,
913,337,623,5.29,139,138,83,84,105,
914,337,727,3.81,43,44,45,46,64,65,66,133,
915,337,726,3.75,43,44,45,46,64,65,157,
916,337,810,3.96,43,44,45,46,64,65,157,156,
917,337,812,2.76,43,44,45,46,64,65,
918,337,813,2.41,139,162,161,160,159,
919,337,815,1.17,139,162,161,
920,337,816,0.47,139,162,
921,337,817,0.34,139,
922,337,818,1.29,139,154,
923,337,819,3.03,139,154,155,
924,337,901,2.28,139,138,137,8,172,
925,337,907,0.78,179,
926,337,913,2.38,126,69,171,
927,337,1036,8.64,51,50,181,
928,335,120,2.53,88,87,86,130,13,
929,335,122,1.85,88,87,86,130,
930,335,125,1.21,88,62,
931,335,126,1.13,44,17,
932,335,129,0.54,44,
933,335,132,1.23,44,6,7,
934,335,135,1.98,44,6,7,8,
935,335,141,3.44,44,6,7,8,9,
936,335,143,3.97,44,6,7,8,9,10,
937,335,154,6.53,44,6,7,8,9,11,12,
938,335,221,3.94,88,34,33,
939,335,229,1.46,88,34,
940,335,232,0.65,88,
941,335,236,1.25,44,45,
942,335,242,2.48,44,6,160,159,31,
943,335,252,5.99,44,6,160,159,31,32,
944,335,348,4.5,52,51,50,
945,335,340,1.56,52,51,
946,335,337,0.63,52,
947,335,335,0,
948,335,329,1.44,44,45,46,
949,335,325,2.29,88,87,86,130,131,
950,335,312,6.34,88,87,86,130,131,49,
951,335,413,5.9,88,70,69,68,
952,335,424,2.1,88,70,69,
953,335,426,1.32,88,70,
954,335,437,2.77,44,45,46,64,65,66,
955,335,442,4.51,44,45,46,64,65,66,67,
956,335,520,5.5,88,87,86,85,
957,335,536,1.69,88,87,86,
958,335,546,0.87,81,82,
959,335,550,1.79,81,82,83,
960,335,560,5.11,81,82,83,84,
961,335,610,6.47,88,34,33,106,
962,335,612,1.73,88,87,108,
963,335,613,1.36,88,87,
964,335,614,1.66,88,87,96,
965,335,615,1.93,44,45,46,47,
966,335,616,1.79,44,45,46,64,
967,335,617,1.62,44,45,29,
968,335,618,1.48,44,6,160,
969,335,619,1.79,44,6,160,101,
970,335,621,5.7,44,6,7,8,9,11,
971,335,623,5.46,81,82,83,84,105,
972,335,727,3.18,44,45,46,64,65,66,133,
973,335,726,3.12,44,45,46,64,65,157,
974,335,810,3.33,44,45,46,64,65,157,156,
975,335,812,2.13,44,45,46,64,65,
976,335,813,1.99,44,6,160,159,
977,335,815,0.75,44,6,
978,335,816,0.52,81,
979,335,817,0.65,81,153,
980,335,818,1.6,81,153,154,
981,335,819,3.34,81,153,154,155,
982,335,901,2.4,44,6,7,8,172,
983,335,907,1.41,52,179,
984,335,913,2.5,88,70,69,171,
985,335,1036,9.27,52,51,50,181,
986,325,120,1.12,145,13,
987,325,122,0.44,145,
988,325,125,1.19,145,2,3,
989,325,126,1.41,145,2,3,4,
990,325,129,1.82,57,56,55,54,
991,325,132,2.51,57,56,55,54,6,7,
992,325,135,3.26,57,56,55,54,6,7,8,
993,325,141,4.72,57,56,55,54,6,7,8,9,
994,325,143,5.25,57,56,55,54,6,7,8,9,10,
995,325,154,7.81,57,56,55,54,6,7,8,9,11,12,
996,325,221,3.46,145,144,143,107,
997,325,229,1.65,145,144,143,142,
998,325,232,1.64,145,144,78,79,
999,325,236,1.11,57,56,55,
1000,325,242,2.29,57,98,65,149,31,
1001,325,252,5.8,57,98,65,149,31,32,
1002,325,348,6.79,145,144,78,79,80,52,51,50,
1003,325,340,3.85,145,144,78,79,80,52,51,
1004,325,337,2.92,145,144,78,79,80,52,
1005,325,335,2.29,145,144,78,79,80,
1006,325,329,0.92,57,56,
1007,325,325,0,
1008,325,312,4.05,49,
1009,325,413,6.73,145,144,143,142,141,69,68,
1010,325,424,2.93,145,144,143,142,141,69,
1011,325,426,2.15,145,144,143,142,141,
1012,325,437,2.07,57,98,65,66,
1013,325,442,3.81,57,98,65,66,67,
1014,325,520,4.41,145,144,85,
1015,325,536,0.6,145,144,
1016,325,546,2.92,57,56,55,54,6,7,123,
1017,325,550,3.6,57,56,55,54,6,7,8,166,
1018,325,560,6.92,57,56,55,54,6,7,8,166,84,
1019,325,610,5.99,145,144,143,107,106,
1020,325,612,0.96,145,144,143,
1021,325,613,0.93,145,144,78,
1022,325,614,0.7,145,2,
1023,325,615,0.43,57,
1024,325,616,1.09,57,98,
1025,325,617,1.35,57,98,99,
1026,325,618,2.03,57,98,99,100,
1027,325,619,2.34,57,98,99,100,101,
1028,325,621,6.98,57,56,55,54,6,7,8,9,11,
1029,325,623,7.27,57,56,55,54,6,7,8,166,84,105,
1030,325,727,2.48,57,98,65,66,133,
1031,325,726,1.04,132,
1032,325,810,1.25,132,156,
1033,325,812,1.43,57,98,65,
1034,325,813,1.8,57,98,65,149,
1035,325,815,2.03,57,56,55,54,6,
1036,325,816,2.73,57,56,55,54,6,152,
1037,325,817,2.86,57,56,55,54,6,152,153,
1038,325,818,3.81,57,56,55,54,6,152,153,154,
1039,325,819,5.55,57,56,55,54,6,152,153,154,155,
1040,325,901,3.2,57,98,99,100,101,102,
1041,325,907,3.7,145,144,78,79,80,52,179,
1042,325,913,3.33,145,144,143,142,141,69,171,
1043,325,1036,11.56,145,144,78,79,80,52,51,50,181,
1044,312,120,5.17,58,145,13,
1045,312,122,4.49,58,145,
1046,312,125,5.24,58,145,2,3,
1047,312,126,5.46,58,145,2,3,4,
1048,312,129,5.87,58,57,56,55,54,
1049,312,132,6.56,58,57,56,55,54,6,7,
1050,312,135,7.31,58,57,56,55,54,6,7,8,
1051,312,141,8.77,58,57,56,55,54,6,7,8,9,
1052,312,143,9.3,58,57,56,55,54,6,7,8,9,10,
1053,312,154,11.86,58,57,56,55,54,6,7,8,9,11,12,
1054,312,221,7.51,58,145,144,143,107,
1055,312,229,5.7,58,145,144,143,142,
1056,312,232,5.69,58,145,144,78,79,
1057,312,236,5.16,58,57,56,55,
1058,312,242,6.34,58,57,98,65,149,31,
1059,312,252,9.85,58,57,98,65,149,31,32,
1060,312,348,10.84,58,145,144,78,79,80,52,51,50,
1061,312,340,7.9,58,145,144,78,79,80,52,51,
1062,312,337,6.97,58,145,144,78,79,80,52,
1063,312,335,6.34,58,145,144,78,79,80,
1064,312,329,4.97,58,57,56,
1065,312,325,4.05,58,
1066,312,312,0,
1067,312,413,10.78,58,145,144,143,142,141,69,68,
1068,312,424,6.98,58,145,144,143,142,141,69,
1069,312,426,6.2,58,145,144,143,142,141,
1070,312,437,6.12,58,57,98,65,66,
1071,312,442,7.86,58,57,98,65,66,67,
1072,312,520,8.46,58,145,144,85,
1073,312,536,4.65,58,145,144,
1074,312,546,6.97,58,57,56,55,54,6,7,123,
1075,312,550,7.65,58,57,56,55,54,6,7,8,166,
1076,312,560,10.97,58,57,56,55,54,6,7,8,166,84,
1077,312,610,10.04,58,145,144,143,107,106,
1078,312,612,5.01,58,145,144,143,
1079,312,613,4.98,58,145,144,78,
1080,312,614,4.75,58,145,2,
1081,312,615,4.48,58,57,
1082,312,616,5.14,58,57,98,
1083,312,617,5.4,58,57,98,99,
1084,312,618,6.08,58,57,98,99,100,
1085,312,619,6.39,58,57,98,99,100,101,
1086,312,621,11.03,58,57,56,55,54,6,7,8,9,11,
1087,312,623,11.32,58,57,56,55,54,6,7,8,166,84,105,
1088,312,727,6.53,58,57,98,65,66,133,
1089,312,726,5.09,58,132,
1090,312,810,5.3,58,132,156,
1091,312,812,5.48,58,57,98,65,
1092,312,813,5.85,58,57,98,65,149,
1093,312,815,6.08,58,57,56,55,54,6,
1094,312,816,6.78,58,57,56,55,54,6,152,
1095,312,817,6.91,58,57,56,55,54,6,152,153,
1096,312,818,7.86,58,57,56,55,54,6,152,153,154,
1097,312,819,9.6,58,57,56,55,54,6,152,153,154,155,
1098,312,901,7.25,58,57,98,99,100,101,102,
1099,312,907,7.75,58,145,144,78,79,80,52,179,
1100,312,913,7.38,58,145,144,143,142,141,69,171,
1101,312,1036,15.61,58,145,144,78,79,80,52,51,50,181,
1102,413,120,6.97,59,60,127,128,129,130,13,
1103,413,122,6.29,59,60,127,128,129,130,
1104,413,125,5.81,59,60,61,62,
1105,413,126,5.85,59,60,61,27,
1106,413,129,6.44,59,60,61,27,5,
1107,413,132,6.89,59,60,140,139,138,137,
1108,413,135,7.64,59,60,140,139,138,137,8,
1109,413,141,9.1,59,60,140,139,138,137,8,9,
1110,413,143,9.63,59,60,140,139,138,137,8,9,10,
1111,413,154,12.19,59,60,140,139,138,137,8,9,11,12,
1112,413,221,7.56,59,60,127,33,
1113,413,229,5.08,59,60,127,
1114,413,232,5.25,59,60,61,
1115,413,236,6.16,59,60,61,27,28,
1116,413,242,7.63,59,60,61,27,28,29,30,31,
1117,413,252,11.14,59,60,61,27,28,29,30,31,32,
1118,413,348,8.3,59,177,50,
1119,413,340,5.36,59,177,
1120,413,337,5.78,59,60,140,
1121,413,335,5.9,59,60,61,80,
1122,413,329,6.24,59,60,61,62,63,
1123,413,325,6.73,59,60,127,128,129,130,131,
1124,413,312,10.78,59,60,127,128,129,130,131,49,
1125,413,413,0,
1126,413,424,3.8,59,
1127,413,426,4.58,59,60,
1128,413,437,7.57,59,60,61,62,63,64,65,66,
1129,413,442,9.31,59,60,61,62,63,64,65,66,67,
1130,413,520,9.94,59,60,127,128,129,85,
1131,413,536,6.13,59,60,127,128,129,
1132,413,546,6.48,59,60,140,139,138,
1133,413,550,7.36,59,177,176,175,174,
1134,413,560,10.68,59,177,176,175,174,84,
1135,413,610,10.09,59,60,127,33,106,
1136,413,612,5.77,59,60,127,128,
1137,413,613,5.96,59,60,61,87,
1138,413,614,6.26,59,60,61,87,96,
1139,413,615,6.73,59,60,61,62,63,47,
1140,413,616,6.59,59,60,61,62,63,64,
1141,413,617,6.53,59,60,61,27,28,29,
1142,413,618,7.21,59,60,61,27,28,29,100,
1143,413,619,7.52,59,60,61,27,28,29,100,101,
1144,413,621,11.36,59,60,140,139,138,137,8,9,11,
1145,413,623,11.03,59,177,176,175,174,84,105,
1146,413,727,7.98,59,60,61,62,63,64,65,66,133,
1147,413,726,7.77,59,60,127,128,129,130,131,132,
1148,413,810,7.98,59,60,127,128,129,130,131,132,156,
1149,413,812,6.93,59,60,61,62,63,64,65,
1150,413,813,7.14,59,60,61,27,28,29,30,
1151,413,815,6.65,59,60,61,27,5,6,
1152,413,816,6.25,59,60,140,139,162,
1153,413,817,6.12,59,60,140,139,
1154,413,818,6.81,59,177,176,175,
1155,413,819,8.55,59,177,176,175,155,
1156,413,901,8.06,59,60,140,139,138,137,8,172,
1157,413,907,6.09,59,177,176,
1158,413,913,4.2,59,171,
1159,413,1036,13.07,59,177,50,181,
1160,424,120,3.17,60,127,128,129,130,13,
1161,424,122,2.49,60,127,128,129,130,
1162,424,125,2.01,60,61,62,
1163,424,126,2.05,60,61,27,
1164,424,129,2.64,60,61,27,5,
1165,424,132,3.09,60,140,139,138,137,
1166,424,135,3.84,60,140,139,138,137,8,
1167,424,141,5.3,60,140,139,138,137,8,9,
1168,424,143,5.83,60,140,139,138,137,8,9,10,
1169,424,154,8.39,60,140,139,138,137,8,9,11,12,
1170,424,221,3.76,60,127,33,
1171,424,229,1.28,60,127,
1172,424,232,1.45,60,61,
1173,424,236,2.36,60,61,27,28,
1174,424,242,3.83,60,61,27,28,29,30,31,
1175,424,252,7.34,60,61,27,28,29,30,31,32,
1176,424,348,4.5,177,50,
1177,424,340,1.56,177,
1178,424,337,1.98,60,140,
1179,424,335,2.1,60,61,80,
1180,424,329,2.44,60,61,62,63,
1181,424,325,2.93,60,127,128,129,130,131,
1182,424,312,6.98,60,127,128,129,130,131,49,
1183,424,413,3.8,68,
1184,424,424,0,
1185,424,426,0.78,60,
1186,424,437,3.77,60,61,62,63,64,65,66,
1187,424,442,5.51,60,61,62,63,64,65,66,67,
1188,424,520,6.14,60,127,128,129,85,
1189,424,536,2.33,60,127,128,129,
1190,424,546,2.68,60,140,139,138,
1191,424,550,3.56,177,176,175,174,
1192,424,560,6.88,177,176,175,174,84,
1193,424,610,6.29,60,127,33,106,
1194,424,612,1.97,60,127,128,
1195,424,613,2.16,60,61,87,
1196,424,614,2.46,60,61,87,96,
1197,424,615,2.93,60,61,62,63,47,
1198,424,616,2.79,60,61,62,63,64,
1199,424,617,2.73,60,61,27,28,29,
1200,424,618,3.41,60,61,27,28,29,100,
1201,424,619,3.72,60,61,27,28,29,100,101,
1202,424,621,7.56,60,140,139,138,137,8,9,11,
1203,424,623,7.23,177,176,175,174,84,105,
1204,424,727,4.18,60,61,62,63,64,65,66,133,
1205,424,726,3.97,60,127,128,129,130,131,132,
1206,424,810,4.18,60,127,128,129,130,131,132,156,
1207,424,812,3.13,60,61,62,63,64,65,
1208,424,813,3.34,60,61,27,28,29,30,
1209,424,815,2.85,60,61,27,5,6,
1210,424,816,2.45,60,140,139,162,
1211,424,817,2.32,60,140,139,
1212,424,818,3.01,177,176,175,
1213,424,819,4.75,177,176,175,155,
1214,424,901,4.26,60,140,139,138,137,8,172,
1215,424,907,2.29,177,176,
1216,424,913,0.4,171,
1217,424,1036,9.27,177,50,181,
1218,426,120,2.39,127,128,129,130,13,
1219,426,122,1.71,127,128,129,130,
1220,426,125,1.23,61,62,
1221,426,126,1.27,61,27,
1222,426,129,1.86,61,27,5,
1223,426,132,2.31,140,139,138,137,
1224,426,135,3.06,140,139,138,137,8,
1225,426,141,4.52,140,139,138,137,8,9,
1226,426,143,5.05,140,139,138,137,8,9,10,
1227,426,154,7.61,140,139,138,137,8,9,11,12,
1228,426,221,2.98,127,33,
1229,426,229,0.5,127,
1230,426,232,0.67,61,
1231,426,236,1.58,61,27,28,
1232,426,242,3.05,61,27,28,29,30,31,
1233,426,252,6.56,61,27,28,29,30,31,32,
1234,426,348,5.07,140,51,50,
1235,426,340,2.13,140,51,
1236,426,337,1.2,140,
1237,426,335,1.32,61,80,
1238,426,329,1.66,61,62,63,
1239,426,325,2.15,127,128,129,130,131,
1240,426,312,6.2,127,128,129,130,131,49,
1241,426,413,4.58,69,68,
1242,426,424,0.78,69,
1243,426,426,0,
1244,426,437,2.99,61,62,63,64,65,66,
1245,426,442,4.73,61,62,63,64,65,66,67,
1246,426,520,5.36,127,128,129,85,
1247,426,536,1.55,127,128,129,
1248,426,546,1.9,140,139,138,
1249,426,550,2.82,140,139,138,83,
1250,426,560,6.14,140,139,138,83,84,
1251,426,610,5.51,127,33,106,
1252,426,612,1.19,127,128,
1253,426,613,1.38,61,87,
1254,426,614,1.68,61,87,96,
1255,426,615,2.15,61,62,63,47,
1256,426,616,2.01,61,62,63,64,
1257,426,617,1.95,61,27,28,29,
1258,426,618,2.63,61,27,28,29,100,
1259,426,619,2.94,61,27,28,29,100,101,
1260,426,621,6.78,140,139,138,137,8,9,11,
1261,426,623,6.49,140,139,138,83,84,105,
1262,426,727,3.4,61,62,63,64,65,66,133,
1263,426,726,3.19,127,128,129,130,131,132,
1264,426,810,3.4,127,128,129,130,131,132,156,
1265,426,812,2.35,61,62,63,64,65,
1266,426,813,2.56,61,27,28,29,30,
1267,426,815,2.07,61,27,5,6,
1268,426,816,1.67,140,139,162,
1269,426,817,1.54,140,139,
1270,426,818,2.49,140,139,154,
1271,426,819,4.23,140,139,154,155,
1272,426,901,3.48,140,139,138,137,8,172,
1273,426,907,1.98,140,179,
1274,426,913,1.18,69,171,
1275,426,1036,9.84,140,51,50,181,
1276,437,120,3.08,75,74,111,110,14,13,
1277,437,122,2.4,75,74,111,110,14,
1278,437,125,1.76,75,74,73,72,
1279,437,126,1.83,75,74,73,55,36,
1280,437,129,2.23,75,74,73,55,54,
1281,437,132,2.35,120,121,122,
1282,437,135,2.89,120,121,102,165,
1283,437,141,4.35,120,121,102,165,9,
1284,437,143,4.88,120,121,102,165,9,10,
1285,437,154,7.44,120,121,102,165,9,11,12,
1286,437,221,5.31,75,74,111,110,109,108,107,
1287,437,229,3.13,75,74,73,72,71,34,
1288,437,232,2.32,75,74,73,72,71,
1289,437,236,1.52,75,74,73,55,
1290,437,242,0.51,120,
1291,437,252,4.02,120,32,
1292,437,348,7.27,75,74,73,55,54,53,52,51,50,
1293,437,340,4.33,75,74,73,55,54,53,52,51,
1294,437,337,3.4,75,74,73,55,54,53,52,
1295,437,335,2.77,75,74,73,55,54,53,
1296,437,329,1.33,75,74,73,
1297,437,325,2.07,75,74,111,48,
1298,437,312,6.12,75,74,111,48,49,
1299,437,413,7.57,75,74,73,72,71,70,69,68,
1300,437,424,3.77,75,74,73,72,71,70,69,
1301,437,426,2.99,75,74,73,72,71,70,
1302,437,437,0,
1303,437,442,1.74,67,
1304,437,520,6.37,75,74,111,110,14,144,85,
1305,437,536,2.56,75,74,111,110,14,144,
1306,437,546,2.76,120,121,122,123,
1307,437,550,3.23,120,121,102,165,166,
1308,437,560,6.55,120,121,102,165,166,84,
1309,437,610,7.84,75,74,111,110,109,108,107,106,
1310,437,612,2.81,75,74,111,110,109,108,
1311,437,613,2.44,75,74,111,110,109,
1312,437,614,2.14,75,74,111,110,
1313,437,615,1.64,75,74,111,
1314,437,616,0.98,75,74,
1315,437,617,1.24,75,74,99,
1316,437,618,1.51,120,39,150,
1317,437,619,1.61,120,121,
1318,437,621,6.61,120,121,102,165,9,11,
1319,437,623,6.9,120,121,102,165,166,84,105,
1320,437,727,0.41,133,
1321,437,726,1.63,75,157,
1322,437,810,1.84,75,157,156,
1323,437,812,0.64,75,
1324,437,813,1,120,39,
1325,437,815,2.24,120,39,150,151,
1326,437,816,2.94,120,39,150,151,152,
1327,437,817,3.07,120,39,150,151,152,153,
1328,437,818,3.78,120,121,102,165,166,167,
1329,437,819,5.52,120,121,102,165,166,167,155,
1330,437,901,2.47,120,121,102,
1331,437,907,4.18,75,74,73,55,54,53,52,179,
1332,437,913,4.17,75,74,73,72,71,70,69,171,
1333,437,1036,12.04,75,74,73,55,54,53,52,51,50,181,
1334,442,120,4.82,76,75,74,111,110,14,13,
1335,442,122,4.14,76,75,74,111,110,14,
1336,442,125,3.5,76,75,74,73,72,
1337,442,126,3.57,76,75,74,73,55,36,
1338,442,129,3.97,76,75,74,73,55,54,
1339,442,132,4.09,76,120,121,122,
1340,442,135,4.63,76,120,121,102,165,
1341,442,141,6.09,76,120,121,102,165,9,
1342,442,143,6.62,76,120,121,102,165,9,10,
1343,442,154,9.18,76,120,121,102,165,9,11,12,
1344,442,221,7.05,76,75,74,111,110,109,108,107,
1345,442,229,4.87,76,75,74,73,72,71,34,
1346,442,232,4.06,76,75,74,73,72,71,
1347,442,236,3.26,76,75,74,73,55,
1348,442,242,2.25,76,120,
1349,442,252,5.76,76,120,32,
1350,442,348,9.01,76,75,74,73,55,54,53,52,51,50,
1351,442,340,6.07,76,75,74,73,55,54,53,52,51,
1352,442,337,5.14,76,75,74,73,55,54,53,52,
1353,442,335,4.51,76,75,74,73,55,54,53,
1354,442,329,3.07,76,75,74,73,
1355,442,325,3.81,76,75,74,111,48,
1356,442,312,7.86,76,75,74,111,48,49,
1357,442,413,9.31,76,75,74,73,72,71,70,69,68,
1358,442,424,5.51,76,75,74,73,72,71,70,69,
1359,442,426,4.73,76,75,74,73,72,71,70,
1360,442,437,1.74,76,
1361,442,442,0,
1362,442,520,8.11,76,75,74,111,110,14,144,85,
1363,442,536,4.3,76,75,74,111,110,14,144,
1364,442,546,4.5,76,120,121,122,123,
1365,442,550,4.97,76,120,121,102,165,166,
1366,442,560,8.29,76,120,121,102,165,166,84,
1367,442,610,9.58,76,75,74,111,110,109,108,107,106,
1368,442,612,4.55,76,75,74,111,110,109,108,
1369,442,613,4.18,76,75,74,111,110,109,
1370,442,614,3.88,76,75,74,111,110,
1371,442,615,3.38,76,75,74,111,
1372,442,616,2.72,76,75,74,
1373,442,617,2.98,76,75,74,99,
1374,442,618,3.25,76,120,39,150,
1375,442,619,3.35,76,120,121,
1376,442,621,8.35,76,120,121,102,165,9,11,
1377,442,623,8.64,76,120,121,102,165,166,84,105,
1378,442,727,2.15,76,133,
1379,442,726,3.37,76,75,157,
1380,442,810,3.58,76,75,157,156,
1381,442,812,2.38,76,75,
1382,442,813,2.74,76,120,39,
1383,442,815,3.98,76,120,39,150,151,
1384,442,816,4.68,76,120,39,150,151,152,
1385,442,817,4.81,76,120,39,150,151,152,153,
1386,442,818,5.52,76,120,121,102,165,166,167,
1387,442,819,7.26,76,120,121,102,165,166,167,155,
1388,442,901,4.21,76,120,121,102,
1389,442,907,5.92,76,75,74,73,55,54,53,52,179,
1390,442,913,5.91,76,75,74,73,72,71,70,69,171,
1391,442,1036,13.78,76,75,74,73,55,54,53,52,51,50,181,
1392,520,120,4.65,77,130,13,
1393,520,122,3.97,77,130,
1394,520,125,4.72,77,130,2,3,
1395,520,126,4.94,77,130,2,3,4,
1396,520,129,5.53,77,130,2,3,4,5,
1397,520,132,6.22,77,130,2,3,4,5,6,7,
1398,520,135,6.97,77,130,2,3,4,5,6,7,8,
1399,520,141,8.43,77,130,2,3,4,5,6,7,8,9,
1400,520,143,8.96,77,130,2,3,4,5,6,7,8,9,10,
1401,520,154,11.52,77,130,2,3,4,5,6,7,8,9,11,12,
1402,520,221,6.67,77,143,107,
1403,520,229,4.86,77,143,142,
1404,520,232,4.85,77,78,79,
1405,520,236,5.25,77,130,2,3,4,28,
1406,520,242,6.59,77,130,2,97,98,65,149,31,
1407,520,252,10.1,77,130,2,97,98,65,149,31,32,
1408,520,348,10,77,78,79,80,52,51,50,
1409,520,340,7.06,77,78,79,80,52,51,
1410,520,337,6.13,77,78,79,80,52,
1411,520,335,5.5,77,78,79,80,
1412,520,329,5.15,77,130,2,3,63,
1413,520,325,4.41,77,130,131,
1414,520,312,8.46,77,130,131,49,
1415,520,413,9.94,77,143,142,141,69,68,
1416,520,424,6.14,77,143,142,141,69,
1417,520,426,5.36,77,143,142,141,
1418,520,437,6.37,77,130,2,97,98,65,66,
1419,520,442,8.11,77,130,2,97,98,65,66,67,
1420,520,520,0,
1421,520,536,3.81,77,
1422,520,546,6.37,77,78,79,80,81,82,
1423,520,550,7.29,77,78,79,80,81,82,83,
1424,520,560,10.61,77,78,79,80,81,82,83,84,
1425,520,610,9.2,77,143,107,106,
1426,520,612,4.17,77,143,
1427,520,613,4.14,77,78,
1428,520,614,4.23,77,130,2,
1429,520,615,4.73,77,130,2,97,
1430,520,616,5.39,77,130,2,97,98,
1431,520,617,5.62,77,130,2,3,4,28,29,
1432,520,618,6.3,77,130,2,3,4,28,29,100,
1433,520,619,6.61,77,130,2,3,4,28,29,100,101,
1434,520,621,10.69,77,130,2,3,4,5,6,7,8,9,11,
1435,520,623,10.96,77,78,79,80,81,82,83,84,105,
1436,520,727,6.78,77,130,2,97,98,65,66,133,
1437,520,726,5.45,77,130,131,132,
1438,520,810,5.66,77,130,131,132,156,
1439,520,812,5.73,77,130,2,97,98,65,
1440,520,813,6.1,77,130,2,97,98,65,149,
1441,520,815,5.74,77,130,2,3,4,5,6,
1442,520,816,6.02,77,78,79,80,81,
1443,520,817,6.15,77,78,79,80,81,153,
1444,520,818,7.1,77,78,79,80,81,153,154,
1445,520,819,8.84,77,78,79,80,81,153,154,155,
1446,520,901,7.39,77,130,2,3,4,5,6,7,8,172,
1447,520,907,6.91,77,78,79,80,52,179,
1448,520,913,6.54,77,143,142,141,69,171,
1449,520,1036,14.77,77,78,79,80,52,51,50,181,
1450,536,120,0.84,130,13,
1451,536,122,0.16,130,
1452,536,125,0.91,130,2,3,
1453,536,126,1.13,130,2,3,4,
1454,536,129,1.72,130,2,3,4,5,
1455,536,132,2.41,130,2,3,4,5,6,7,
1456,536,135,3.16,130,2,3,4,5,6,7,8,
1457,536,141,4.62,130,2,3,4,5,6,7,8,9,
1458,536,143,5.15,130,2,3,4,5,6,7,8,9,10,
1459,536,154,7.71,130,2,3,4,5,6,7,8,9,11,12,
1460,536,221,2.86,143,107,
1461,536,229,1.05,143,142,
1462,536,232,1.04,78,79,
1463,536,236,1.44,130,2,3,4,28,
1464,536,242,2.78,130,2,97,98,65,149,31,
1465,536,252,6.29,130,2,97,98,65,149,31,32,
1466,536,348,6.19,78,79,80,52,51,50,
1467,536,340,3.25,78,79,80,52,51,
1468,536,337,2.32,78,79,80,52,
1469,536,335,1.69,78,79,80,
1470,536,329,1.34,130,2,3,63,
1471,536,325,0.6,130,131,
1472,536,312,4.65,130,131,49,
1473,536,413,6.13,143,142,141,69,68,
1474,536,424,2.33,143,142,141,69,
1475,536,426,1.55,143,142,141,
1476,536,437,2.56,130,2,97,98,65,66,
1477,536,442,4.3,130,2,97,98,65,66,67,
1478,536,520,3.81,85,
1479,536,536,0,
1480,536,546,2.56,78,79,80,81,82,
1481,536,550,3.48,78,79,80,81,82,83,
1482,536,560,6.8,78,79,80,81,82,83,84,
1483,536,610,5.39,143,107,106,
1484,536,612,0.36,143,
1485,536,613,0.33,78,
1486,536,614,0.42,130,2,
1487,536,615,0.92,130,2,97,
1488,536,616,1.58,130,2,97,98,
1489,536,617,1.81,130,2,3,4,28,29,
1490,536,618,2.49,130,2,3,4,28,29,100,
1491,536,619,2.8,130,2,3,4,28,29,100,101,
1492,536,621,6.88,130,2,3,4,5,6,7,8,9,11,
1493,536,623,7.15,78,79,80,81,82,83,84,105,
1494,536,727,2.97,130,2,97,98,65,66,133,
1495,536,726,1.64,130,131,132,
1496,536,810,1.85,130,131,132,156,
1497,536,812,1.92,130,2,97,98,65,
1498,536,813,2.29,130,2,97,98,65,149,
1499,536,815,1.93,130,2,3,4,5,6,
1500,536,816,2.21,78,79,80,81,
1501,536,817,2.34,78,79,80,81,153,
1502,536,818,3.29,78,79,80,81,153,154,
1503,536,819,5.03,78,79,80,81,153,154,155,
1504,536,901,3.58,130,2,3,4,5,6,7,8,172,
1505,536,907,3.1,78,79,80,52,179,
1506,536,913,2.73,143,142,141,69,171,
1507,536,1036,10.96,78,79,80,52,51,50,181,
1508,546,120,3.34,137,19,18,17,16,15,14,13,
1509,546,122,2.66,137,19,18,17,16,15,14,
1510,546,125,1.91,137,19,18,17,16,
1511,546,126,1.69,137,19,18,17,
1512,546,129,1.1,137,19,18,
1513,546,132,0.41,137,
1514,546,135,1.16,137,8,
1515,546,141,2.62,137,8,9,
1516,546,143,3.15,137,8,9,10,
1517,546,154,5.71,137,8,9,11,12,
1518,546,221,4.81,90,89,88,34,33,
1519,546,229,2.33,90,89,88,34,
1520,546,232,1.52,90,89,88,
1521,546,236,1.81,137,19,18,45,
1522,546,242,2.25,137,136,135,
1523,546,252,5.76,137,136,135,32,
1524,546,348,4.57,124,125,51,50,
1525,546,340,1.63,124,125,51,
1526,546,337,0.7,124,125,
1527,546,335,0.87,90,89,
1528,546,329,2,137,19,18,45,46,
1529,546,325,2.92,137,19,18,45,46,47,48,
1530,546,312,6.97,137,19,18,45,46,47,48,49,
1531,546,413,6.48,124,125,126,69,68,
1532,546,424,2.68,124,125,126,69,
1533,546,426,1.9,124,125,126,
1534,546,437,2.76,137,136,135,134,
1535,546,442,4.5,137,136,135,134,67,
1536,546,520,6.37,90,89,88,87,86,85,
1537,546,536,2.56,90,89,88,87,86,
1538,546,546,0,
1539,546,550,0.92,83,
1540,546,560,4.24,83,84,
1541,546,610,7.34,90,89,88,34,33,106,
1542,546,612,2.6,90,89,88,87,108,
1543,546,613,2.23,90,89,88,87,
1544,546,614,2.4,137,19,18,17,16,15,
1545,546,615,2.49,137,19,18,45,46,47,
1546,546,616,2.35,137,19,18,45,46,64,
1547,546,617,2.14,137,136,114,113,
1548,546,618,1.46,137,136,114,
1549,546,619,1.15,137,136,
1550,546,621,4.88,137,8,9,11,
1551,546,623,4.59,83,84,105,
1552,546,727,3.17,137,136,135,134,133,
1553,546,726,3.33,137,136,114,159,158,157,
1554,546,810,3.54,137,136,114,159,158,157,156,
1555,546,812,2.34,137,136,114,159,158,
1556,546,813,1.97,137,136,114,159,
1557,546,815,0.89,137,19,
1558,546,816,0.35,90,
1559,546,817,0.36,124,
1560,546,818,1.31,124,154,
1561,546,819,3.05,124,154,155,
1562,546,901,1.58,137,8,172,
1563,546,907,1.48,124,125,179,
1564,546,913,3.08,124,125,126,69,171,
1565,546,1036,9.34,124,125,51,50,181,
1566,550,120,4.02,173,20,19,18,17,16,15,14,13,
1567,550,122,3.34,173,20,19,18,17,16,15,14,
1568,550,125,2.59,173,20,19,18,17,16,
1569,550,126,2.37,173,20,19,18,17,
1570,550,129,1.78,173,20,19,18,
1571,550,132,1.09,173,20,
1572,550,135,0.34,173,
1573,550,141,1.8,173,9,
1574,550,143,2.33,173,9,10,
1575,550,154,4.89,173,9,11,12,
1576,550,221,5.73,91,90,89,88,34,33,
1577,550,229,3.25,91,90,89,88,34,
1578,550,232,2.44,91,90,89,88,
1579,550,236,2.49,173,20,19,18,45,
1580,550,242,2.72,173,172,115,135,
1581,550,252,6.23,173,172,115,135,32,
1582,550,348,4.59,167,168,180,
1583,550,340,2,167,168,169,
1584,550,337,1.62,91,124,125,
1585,550,335,1.79,91,90,89,
1586,550,329,2.68,173,20,19,18,45,46,
1587,550,325,3.6,173,20,19,18,45,46,47,48,
1588,550,312,7.65,173,20,19,18,45,46,47,48,49,
1589,550,413,7.36,167,168,169,170,68,
1590,550,424,3.56,167,168,169,170,
1591,550,426,2.82,91,124,125,126,
1592,550,437,3.23,173,172,115,135,134,
1593,550,442,4.97,173,172,115,135,134,67,
1594,550,520,7.29,91,90,89,88,87,86,85,
1595,550,536,3.48,91,90,89,88,87,86,
1596,550,546,0.92,91,
1597,550,550,0,
1598,550,560,3.32,84,
1599,550,610,8.26,91,90,89,88,34,33,106,
1600,550,612,3.52,91,90,89,88,87,108,
1601,550,613,3.15,91,90,89,88,87,
1602,550,614,3.08,173,20,19,18,17,16,15,
1603,550,615,3.17,173,20,19,18,45,46,47,
1604,550,616,2.87,173,172,115,114,113,112,
1605,550,617,2.61,173,172,115,114,113,
1606,550,618,1.93,173,172,115,114,
1607,550,619,1.62,173,172,115,
1608,550,621,4.06,173,9,11,
1609,550,623,3.67,84,105,
1610,550,727,3.64,173,172,115,135,134,133,
1611,550,726,3.8,173,172,115,114,159,158,157,
1612,550,810,4.01,173,172,115,114,159,158,157,156,
1613,550,812,2.81,173,172,115,114,159,158,
1614,550,813,2.44,173,172,115,114,159,
1615,550,815,1.57,173,20,19,
1616,550,816,1.27,91,90,
1617,550,817,1.28,91,124,
1618,550,818,0.55,167,
1619,550,819,2.29,167,155,
1620,550,901,0.76,173,172,
1621,550,907,1.27,167,168,
1622,550,913,3.96,167,168,169,170,171,
1623,550,1036,9.36,167,168,180,181,
1624,560,120,7.34,92,173,20,19,18,17,16,15,14,13,
1625,560,122,6.66,92,173,20,19,18,17,16,15,14,
1626,560,125,5.91,92,173,20,19,18,17,16,
1627,560,126,5.69,92,173,20,19,18,17,
1628,560,129,5.1,92,173,20,19,18,
1629,560,132,4.41,92,173,20,
1630,560,135,3.66,92,173,
1631,560,141,3.76,117,23,
1632,560,143,4.29,117,23,10,
1633,560,154,2.33,117,12,
1634,560,221,9.05,92,91,90,89,88,34,33,
1635,560,229,6.57,92,91,90,89,88,34,
1636,560,232,5.76,92,91,90,89,88,
1637,560,236,5.81,92,173,20,19,18,45,
1638,560,242,6.04,92,173,172,115,135,
1639,560,252,9.55,92,173,172,115,135,32,
1640,560,348,7.91,92,167,168,180,
1641,560,340,5.32,92,167,168,169,
1642,560,337,4.94,92,91,124,125,
1643,560,335,5.11,92,91,90,89,
1644,560,329,6,92,173,20,19,18,45,46,
1645,560,325,6.92,92,173,20,19,18,45,46,47,48,
1646,560,312,10.97,92,173,20,19,18,45,46,47,48,49,
1647,560,413,10.68,92,167,168,169,170,68,
1648,560,424,6.88,92,167,168,169,170,
1649,560,426,6.14,92,91,124,125,126,
1650,560,437,6.55,92,173,172,115,135,134,
1651,560,442,8.29,92,173,172,115,135,134,67,
1652,560,520,10.61,92,91,90,89,88,87,86,85,
1653,560,536,6.8,92,91,90,89,88,87,86,
1654,560,546,4.24,92,91,
1655,560,550,3.32,92,
1656,560,560,0,
1657,560,610,11.58,92,91,90,89,88,34,33,106,
1658,560,612,6.84,92,91,90,89,88,87,108,
1659,560,613,6.47,92,91,90,89,88,87,
1660,560,614,6.4,92,173,20,19,18,17,16,15,
1661,560,615,6.49,92,173,20,19,18,45,46,47,
1662,560,616,6.19,92,173,172,115,114,113,112,
1663,560,617,5.93,92,173,172,115,114,113,
1664,560,618,5.25,92,173,172,115,114,
1665,560,619,4.94,92,173,172,115,
1666,560,621,1.5,117,
1667,560,623,0.35,105,
1668,560,727,6.96,92,173,172,115,135,134,133,
1669,560,726,7.12,92,173,172,115,114,159,158,157,
1670,560,810,7.33,92,173,172,115,114,159,158,157,156,
1671,560,812,6.13,92,173,172,115,114,159,158,
1672,560,813,5.76,92,173,172,115,114,159,
1673,560,815,4.89,92,173,20,19,
1674,560,816,4.59,92,91,90,
1675,560,817,4.6,92,91,124,
1676,560,818,3.87,92,167,
1677,560,819,5.61,92,167,155,
1678,560,901,4.08,92,173,172,
1679,560,907,4.59,92,167,168,
1680,560,913,7.28,92,167,168,169,170,171,
1681,560,1036,12.68,92,167,168,180,181,
1682,610,120,6.23,93,94,129,130,13,
1683,610,122,5.55,93,94,129,130,
1684,610,125,6.19,93,94,95,96,3,
1685,610,126,6.41,93,94,95,96,3,4,
1686,610,129,7,93,94,95,96,3,4,5,
1687,610,132,7.69,93,94,95,96,3,4,5,6,7,
1688,610,135,8.44,93,94,95,96,3,4,5,6,7,8,
1689,610,141,9.9,93,94,95,96,3,4,5,6,7,8,9,
1690,610,143,10.43,93,94,95,96,3,4,5,6,7,8,9,10,
1691,610,154,12.99,93,94,95,96,3,4,5,6,7,8,9,11,12,
1692,610,221,2.53,93,
1693,610,229,5.01,93,25,
1694,610,232,5.82,93,25,26,
1695,610,236,6.72,93,94,95,96,3,4,28,
1696,610,242,8.06,93,94,95,96,97,98,65,149,31,
1697,610,252,11.57,93,94,95,96,97,98,65,149,31,32,
1698,610,348,10.58,93,25,141,140,51,50,
1699,610,340,7.64,93,25,141,140,51,
1700,610,337,6.71,93,25,141,140,
1701,610,335,6.47,93,25,26,80,
1702,610,329,6.62,93,94,95,96,3,63,
1703,610,325,5.99,93,94,129,130,131,
1704,610,312,10.04,93,94,129,130,131,49,
1705,610,413,10.09,93,25,141,69,68,
1706,610,424,6.29,93,25,141,69,
1707,610,426,5.51,93,25,141,
1708,610,437,7.84,93,94,95,96,97,98,65,66,
1709,610,442,9.58,93,94,95,96,97,98,65,66,67,
1710,610,520,9.2,93,94,129,85,
1711,610,536,5.39,93,94,129,
1712,610,546,7.34,93,25,26,80,81,82,
1713,610,550,8.26,93,25,26,80,81,82,83,
1714,610,560,11.58,93,25,26,80,81,82,83,84,
1715,610,610,0,
1716,610,612,5.03,93,94,
1717,610,613,5.4,93,94,95,
1718,610,614,5.7,93,94,95,96,
1719,610,615,6.2,93,94,95,96,97,
1720,610,616,6.86,93,94,95,96,97,98,
1721,610,617,7.09,93,94,95,96,3,4,28,29,
1722,610,618,7.77,93,94,95,96,3,4,28,29,100,
1723,610,619,8.08,93,94,95,96,3,4,28,29,100,101,
1724,610,621,12.16,93,94,95,96,3,4,5,6,7,8,9,11,
1725,610,623,11.93,93,25,26,80,81,82,83,84,105,
1726,610,727,8.25,93,94,95,96,97,98,65,66,133,
1727,610,726,7.03,93,94,129,130,131,132,
1728,610,810,7.24,93,94,129,130,131,132,156,
1729,610,812,7.2,93,94,95,96,97,98,65,
1730,610,813,7.57,93,94,95,96,97,98,65,149,
1731,610,815,7.21,93,94,95,96,3,4,5,6,
1732,610,816,6.99,93,25,26,80,81,
1733,610,817,7.05,93,25,141,140,139,
1734,610,818,8,93,25,141,140,139,154,
1735,610,819,9.74,93,25,141,140,139,154,155,
1736,610,901,8.86,93,94,95,96,3,4,5,6,7,8,172,
1737,610,907,7.49,93,25,141,140,179,
1738,610,913,6.69,93,25,141,69,171,
1739,610,1036,15.35,93,25,141,140,51,50,181,
1740,613,120,1.17,86,130,13,
1741,613,122,0.49,86,130,
1742,613,125,0.79,96,3,
1743,613,126,1.01,96,3,4,
1744,613,129,1.6,96,3,4,5,
1745,613,132,2.29,96,3,4,5,6,7,
1746,613,135,3.04,96,3,4,5,6,7,8,
1747,613,141,4.5,96,3,4,5,6,7,8,9,
1748,613,143,5.03,96,3,4,5,6,7,8,9,10,
1749,613,154,7.59,96,3,4,5,6,7,8,9,11,12,
1750,613,221,2.87,108,107,
1751,613,229,1.06,108,142,
1752,613,232,0.71,79,
1753,613,236,1.32,96,3,4,28,
1754,613,242,2.66,96,97,98,65,149,31,
1755,613,252,6.17,96,97,98,65,149,31,32,
1756,613,348,5.86,79,80,52,51,50,
1757,613,340,2.92,79,80,52,51,
1758,613,337,1.99,79,80,52,
1759,613,335,1.36,79,80,
1760,613,329,1.22,96,3,63,
1761,613,325,0.93,86,130,131,
1762,613,312,4.98,86,130,131,49,
1763,613,413,5.96,79,70,69,68,
1764,613,424,2.16,79,70,69,
1765,613,426,1.38,79,70,
1766,613,437,2.44,96,97,98,65,66,
1767,613,442,4.18,96,97,98,65,66,67,
1768,613,520,4.14,86,85,
1769,613,536,0.33,86,
1770,613,546,2.23,79,80,81,82,
1771,613,550,3.15,79,80,81,82,83,
1772,613,560,6.47,79,80,81,82,83,84,
1773,613,610,5.4,108,107,106,
1774,613,612,0.37,108,
1775,613,613,0,
1776,613,614,0.3,96,
1777,613,615,0.8,96,97,
1778,613,616,1.46,96,97,98,
1779,613,617,1.69,96,3,4,28,29,
1780,613,618,2.37,96,3,4,28,29,100,
1781,613,619,2.68,96,3,4,28,29,100,101,
1782,613,621,6.76,96,3,4,5,6,7,8,9,11,
1783,613,623,6.82,79,80,81,82,83,84,105,
1784,613,727,2.85,96,97,98,65,66,133,
1785,613,726,1.97,86,130,131,132,
1786,613,810,2.18,86,130,131,132,156,
1787,613,812,1.8,96,97,98,65,
1788,613,813,2.17,96,97,98,65,149,
1789,613,815,1.81,96,3,4,5,6,
1790,613,816,1.88,79,80,81,
1791,613,817,2.01,79,80,81,153,
1792,613,818,2.96,79,80,81,153,154,
1793,613,819,4.7,79,80,81,153,154,155,
1794,613,901,3.46,96,3,4,5,6,7,8,172,
1795,613,907,2.77,79,80,52,179,
1796,613,913,2.56,79,70,69,171,
1797,613,1036,10.63,79,80,52,51,50,181,
1798,614,120,0.94,14,13,
1799,614,122,0.26,14,
1800,614,125,0.49,3,
1801,614,126,0.71,3,4,
1802,614,129,1.3,3,4,5,
1803,614,132,1.99,3,4,5,6,7,
1804,614,135,2.74,3,4,5,6,7,8,
1805,614,141,4.2,3,4,5,6,7,8,9,
1806,614,143,4.73,3,4,5,6,7,8,9,10,
1807,614,154,7.29,3,4,5,6,7,8,9,11,12,
1808,614,221,3.17,109,108,107,
1809,614,229,1.36,109,108,142,
1810,614,232,1.01,109,79,
1811,614,236,1.02,3,4,28,
1812,614,242,2.36,97,98,65,149,31,
1813,614,252,5.87,97,98,65,149,31,32,
1814,614,348,6.16,109,79,80,52,51,50,
1815,614,340,3.22,109,79,80,52,51,
1816,614,337,2.29,109,79,80,52,
1817,614,335,1.66,109,79,80,
1818,614,329,0.92,3,63,
1819,614,325,0.7,14,131,
1820,614,312,4.75,14,131,49,
1821,614,413,6.26,109,79,70,69,68,
1822,614,424,2.46,109,79,70,69,
1823,614,426,1.68,109,79,70,
1824,614,437,2.14,97,98,65,66,
1825,614,442,3.88,97,98,65,66,67,
1826,614,520,4.23,14,144,85,
1827,614,536,0.42,14,144,
1828,614,546,2.4,3,4,5,6,7,123,
1829,614,550,3.08,3,4,5,6,7,8,166,
1830,614,560,6.4,3,4,5,6,7,8,166,84,
1831,614,610,5.7,109,108,107,106,
1832,614,612,0.67,109,108,
1833,614,613,0.3,109,
1834,614,614,0,
1835,614,615,0.5,97,
1836,614,616,1.16,97,98,
1837,614,617,1.39,3,4,28,29,
1838,614,618,2.07,3,4,28,29,100,
1839,614,619,2.38,3,4,28,29,100,101,
1840,614,621,6.46,3,4,5,6,7,8,9,11,
1841,614,623,6.75,3,4,5,6,7,8,166,84,105,
1842,614,727,2.55,97,98,65,66,133,
1843,614,726,1.74,14,131,132,
1844,614,810,1.95,14,131,132,156,
1845,614,812,1.5,97,98,65,
1846,614,813,1.87,97,98,65,149,
1847,614,815,1.51,3,4,5,6,
1848,614,816,2.18,109,79,80,81,
1849,614,817,2.31,109,79,80,81,153,
1850,614,818,3.26,109,79,80,81,153,154,
1851,614,819,5,109,79,80,81,153,154,155,
1852,614,901,3.16,3,4,5,6,7,8,172,
1853,614,907,3.07,109,79,80,52,179,
1854,614,913,2.86,109,79,70,69,171,
1855,614,1036,10.93,109,79,80,52,51,50,181,
1856,615,120,1.44,110,14,13,
1857,615,122,0.76,110,14,
1858,615,125,0.92,56,72,
1859,615,126,0.99,56,55,36,
1860,615,129,1.39,56,55,54,
1861,615,132,2.08,56,55,54,6,7,
1862,615,135,2.83,56,55,54,6,7,8,
1863,615,141,4.29,56,55,54,6,7,8,9,
1864,615,143,4.82,56,55,54,6,7,8,9,10,
1865,615,154,7.38,56,55,54,6,7,8,9,11,12,
1866,615,221,3.67,110,109,108,107,
1867,615,229,1.86,110,109,108,142,
1868,615,232,1.48,56,72,71,
1869,615,236,0.68,56,55,
1870,615,242,1.86,98,65,149,31,
1871,615,252,5.37,98,65,149,31,32,
1872,615,348,6.43,56,55,54,53,52,51,50,
1873,615,340,3.49,56,55,54,53,52,51,
1874,615,337,2.56,56,55,54,53,52,
1875,615,335,1.93,56,55,54,53,
1876,615,329,0.49,56,
1877,615,325,0.43,48,
1878,615,312,4.48,48,49,
1879,615,413,6.73,56,72,71,70,69,68,
1880,615,424,2.93,56,72,71,70,69,
1881,615,426,2.15,56,72,71,70,
1882,615,437,1.64,98,65,66,
1883,615,442,3.38,98,65,66,67,
1884,615,520,4.73,110,14,144,85,
1885,615,536,0.92,110,14,144,
1886,615,546,2.49,56,55,54,6,7,123,
1887,615,550,3.17,56,55,54,6,7,8,166,
1888,615,560,6.49,56,55,54,6,7,8,166,84,
1889,615,610,6.2,110,109,108,107,106,
1890,615,612,1.17,110,109,108,
1891,615,613,0.8,110,109,
1892,615,614,0.5,110,
1893,615,615,0,
1894,615,616,0.66,98,
1895,615,617,0.92,98,99,
1896,615,618,1.6,98,99,100,
1897,615,619,1.91,98,99,100,101,
1898,615,621,6.55,56,55,54,6,7,8,9,11,
1899,615,623,6.84,56,55,54,6,7,8,166,84,105,
1900,615,727,2.05,98,65,66,133,
1901,615,726,1.47,48,132,
1902,615,810,1.68,48,132,156,
1903,615,812,1,98,65,
1904,615,813,1.37,98,65,149,
1905,615,815,1.6,56,55,54,6,
1906,615,816,2.3,56,55,54,6,152,
1907,615,817,2.43,56,55,54,6,152,153,
1908,615,818,3.38,56,55,54,6,152,153,154,
1909,615,819,5.12,56,55,54,6,152,153,154,155,
1910,615,901,2.77,98,99,100,101,102,
1911,615,907,3.34,56,55,54,53,52,179,
1912,615,913,3.33,56,72,71,70,69,171,
1913,615,1036,11.2,56,55,54,53,52,51,50,181,
1914,616,120,2.1,111,110,14,13,
1915,616,122,1.42,111,110,14,
1916,616,125,0.78,73,72,
1917,616,126,0.85,73,55,36,
1918,616,129,1.25,73,55,54,
1919,616,132,1.94,73,55,54,6,7,
1920,616,135,2.53,99,100,101,102,165,
1921,616,141,3.99,99,100,101,102,165,9,
1922,616,143,4.52,99,100,101,102,165,9,10,
1923,616,154,7.08,99,100,101,102,165,9,11,12,
1924,616,221,4.33,111,110,109,108,107,
1925,616,229,2.15,73,72,71,34,
1926,616,232,1.34,73,72,71,
1927,616,236,0.54,73,55,
1928,616,242,1.2,65,149,31,
1929,616,252,4.71,65,149,31,32,
1930,616,348,6.29,73,55,54,53,52,51,50,
1931,616,340,3.35,73,55,54,53,52,51,
1932,616,337,2.42,73,55,54,53,52,
1933,616,335,1.79,73,55,54,53,
1934,616,329,0.35,73,
1935,616,325,1.09,111,48,
1936,616,312,5.14,111,48,49,
1937,616,413,6.59,73,72,71,70,69,68,
1938,616,424,2.79,73,72,71,70,69,
1939,616,426,2.01,73,72,71,70,
1940,616,437,0.98,65,66,
1941,616,442,2.72,65,66,67,
1942,616,520,5.39,111,110,14,144,85,
1943,616,536,1.58,111,110,14,144,
1944,616,546,2.35,73,55,54,6,7,123,
1945,616,550,2.87,99,100,101,102,165,166,
1946,616,560,6.19,99,100,101,102,165,166,84,
1947,616,610,6.86,111,110,109,108,107,106,
1948,616,612,1.83,111,110,109,108,
1949,616,613,1.46,111,110,109,
1950,616,614,1.16,111,110,
1951,616,615,0.66,111,
1952,616,616,0,
1953,616,617,0.26,99,
1954,616,618,0.94,99,100,
1955,616,619,1.25,99,100,101,
1956,616,621,6.25,99,100,101,102,165,9,11,
1957,616,623,6.54,99,100,101,102,165,166,84,105,
1958,616,727,1.39,65,66,133,
1959,616,726,1.33,65,157,
1960,616,810,1.54,65,157,156,
1961,616,812,0.34,65,
1962,616,813,0.71,65,149,
1963,616,815,1.46,73,55,54,6,
1964,616,816,2.16,73,55,54,6,152,
1965,616,817,2.29,73,55,54,6,152,153,
1966,616,818,3.24,73,55,54,6,152,153,154,
1967,616,819,4.98,73,55,54,6,152,153,154,155,
1968,616,901,2.11,99,100,101,102,
1969,616,907,3.2,73,55,54,53,52,179,
1970,616,913,3.19,73,72,71,70,69,171,
1971,616,1036,11.06,73,55,54,53,52,51,50,181,
1972,617,120,2.33,37,36,16,15,14,13,
1973,617,122,1.65,37,36,16,15,14,
1974,617,125,0.9,37,36,16,
1975,617,126,0.68,37,36,
1976,617,129,1.08,37,54,
1977,617,132,1.73,100,101,122,
1978,617,135,2.27,100,101,102,165,
1979,617,141,3.73,100,101,102,165,9,
1980,617,143,4.26,100,101,102,165,9,10,
1981,617,154,6.82,100,101,102,165,9,11,12,
1982,617,221,4.56,37,36,16,15,109,108,107,
1983,617,229,2.09,37,36,35,34,
1984,617,232,1.28,37,36,35,
1985,617,236,0.37,37,
1986,617,242,1.1,30,31,
1987,617,252,4.61,30,31,32,
1988,617,348,6.12,37,54,53,52,51,50,
1989,617,340,3.18,37,54,53,52,51,
1990,617,337,2.25,37,54,53,52,
1991,617,335,1.62,37,54,53,
1992,617,329,0.56,37,46,
1993,617,325,1.35,112,111,48,
1994,617,312,5.4,112,111,48,49,
1995,617,413,6.53,37,36,35,70,69,68,
1996,617,424,2.73,37,36,35,70,69,
1997,617,426,1.95,37,36,35,70,
1998,617,437,1.24,112,65,66,
1999,617,442,2.98,112,65,66,67,
2000,617,520,5.62,37,36,16,15,14,144,85,
2001,617,536,1.81,37,36,16,15,14,144,
2002,617,546,2.14,100,101,122,123,
2003,617,550,2.61,100,101,102,165,166,
2004,617,560,5.93,100,101,102,165,166,84,
2005,617,610,7.09,37,36,16,15,109,108,107,106,
2006,617,612,2.06,37,36,16,15,109,108,
2007,617,613,1.69,37,36,16,15,109,
2008,617,614,1.39,37,36,16,15,
2009,617,615,0.92,112,111,
2010,617,616,0.26,112,
2011,617,617,0,
2012,617,618,0.68,100,
2013,617,619,0.99,100,101,
2014,617,621,5.99,100,101,102,165,9,11,
2015,617,623,6.28,100,101,102,165,166,84,105,
2016,617,727,1.65,112,65,66,133,
2017,617,726,1.59,112,65,157,
2018,617,810,1.8,112,65,157,156,
2019,617,812,0.6,112,65,
2020,617,813,0.61,30,
2021,617,815,1.29,37,54,6,
2022,617,816,1.99,37,54,6,152,
2023,617,817,2.12,37,54,6,152,153,
2024,617,818,3.07,37,54,6,152,153,154,
2025,617,819,4.81,37,54,6,152,153,154,155,
2026,617,901,1.85,100,101,102,
2027,617,907,3.03,37,54,53,52,179,
2028,617,913,3.13,37,36,35,70,69,171,
2029,617,1036,10.89,37,54,53,52,51,50,181,
2030,619,120,3.32,114,113,37,36,16,15,14,13,
2031,619,122,2.64,114,113,37,36,16,15,14,
2032,619,125,1.89,114,113,37,36,16,
2033,619,126,1.67,114,113,37,36,
2034,619,129,1.25,114,151,18,
2035,619,132,0.74,122,
2036,619,135,1.28,102,165,
2037,619,141,2.74,102,165,9,
2038,619,143,3.27,102,165,9,10,
2039,619,154,5.83,102,165,9,11,12,
2040,619,221,5.55,114,113,37,36,16,15,109,108,107,
2041,619,229,3.08,114,113,37,36,35,34,
2042,619,232,2.27,114,113,37,36,35,
2043,619,236,1.36,114,113,37,
2044,619,242,1.1,135,
2045,619,252,4.61,135,32,
2046,619,348,5.72,122,123,124,125,51,50,
2047,619,340,2.78,122,123,124,125,51,
2048,619,337,1.85,122,123,124,125,
2049,619,335,1.79,114,151,18,53,
2050,619,329,1.55,114,113,37,46,
2051,619,325,2.34,114,113,112,111,48,
2052,619,312,6.39,114,113,112,111,48,49,
2053,619,413,7.52,114,113,37,36,35,70,69,68,
2054,619,424,3.72,114,113,37,36,35,70,69,
2055,619,426,2.94,114,113,37,36,35,70,
2056,619,437,1.61,135,134,
2057,619,442,3.35,135,134,67,
2058,619,520,6.61,114,113,37,36,16,15,14,144,85,
2059,619,536,2.8,114,113,37,36,16,15,14,144,
2060,619,546,1.15,122,123,
2061,619,550,1.62,102,165,166,
2062,619,560,4.94,102,165,166,84,
2063,619,610,8.08,114,113,37,36,16,15,109,108,107,106,
2064,619,612,3.05,114,113,37,36,16,15,109,108,
2065,619,613,2.68,114,113,37,36,16,15,109,
2066,619,614,2.38,114,113,37,36,16,15,
2067,619,615,1.91,114,113,112,111,
2068,619,616,1.25,114,113,112,
2069,619,617,0.99,114,113,
2070,619,618,0.31,114,
2071,619,619,0,
2072,619,621,5,102,165,9,11,
2073,619,623,5.29,102,165,166,84,105,
2074,619,727,2.02,135,134,133,
2075,619,726,2.18,114,159,158,157,
2076,619,810,2.39,114,159,158,157,156,
2077,619,812,1.19,114,159,158,
2078,619,813,0.82,114,159,
2079,619,815,1.04,114,151,
2080,619,816,1.5,122,123,90,
2081,619,817,1.51,122,123,124,
2082,619,818,2.17,102,165,166,167,
2083,619,819,3.91,102,165,166,167,155,
2084,619,901,0.86,102,
2085,619,907,2.63,122,123,124,125,179,
2086,619,913,4.12,114,113,37,36,35,70,69,171,
2087,619,1036,10.49,122,123,124,125,51,50,181,
2088,621,120,7.4,23,21,20,19,18,17,16,15,14,13,
2089,621,122,6.72,23,21,20,19,18,17,16,15,14,
2090,621,125,5.97,23,21,20,19,18,17,16,
2091,621,126,5.75,23,21,20,19,18,17,
2092,621,129,5.16,23,21,20,19,18,
2093,621,132,4.47,23,21,20,
2094,621,135,3.72,23,21,
2095,621,141,2.26,23,
2096,621,143,2.79,23,10,
2097,621,154,0.83,12,
2098,621,221,9.63,23,21,20,19,18,17,16,15,109,108,107,
2099,621,229,7.16,23,21,20,19,18,17,35,34,
2100,621,232,6.35,23,21,20,19,18,17,35,
2101,621,236,5.87,23,21,20,19,18,45,
2102,621,242,6.1,23,21,172,115,135,
2103,621,252,9.61,23,21,172,115,135,32,
2104,621,348,8.65,23,21,166,167,168,180,
2105,621,340,6.06,23,21,166,167,168,169,
2106,621,337,5.58,23,21,20,123,124,125,
2107,621,335,5.7,23,21,20,19,18,53,
2108,621,329,6.06,23,21,20,19,18,45,46,
2109,621,325,6.98,23,21,20,19,18,45,46,47,48,
2110,621,312,11.03,23,21,20,19,18,45,46,47,48,49,
2111,621,413,11.36,23,21,20,123,124,125,126,69,68,
2112,621,424,7.56,23,21,20,123,124,125,126,69,
2113,621,426,6.78,23,21,20,123,124,125,126,
2114,621,437,6.61,23,21,172,115,135,134,
2115,621,442,8.35,23,21,172,115,135,134,67,
2116,621,520,10.69,23,21,20,19,18,17,16,15,14,144,85,
2117,621,536,6.88,23,21,20,19,18,17,16,15,14,144,
2118,621,546,4.88,23,21,20,123,
2119,621,550,4.06,23,21,166,
2120,621,560,1.5,104,
2121,621,610,12.16,23,21,20,19,18,17,16,15,109,108,107,106,
2122,621,612,7.13,23,21,20,19,18,17,16,15,109,108,
2123,621,613,6.76,23,21,20,19,18,17,16,15,109,
2124,621,614,6.46,23,21,20,19,18,17,16,15,
2125,621,615,6.55,23,21,20,19,18,45,46,47,
2126,621,616,6.25,23,21,172,115,114,113,112,
2127,621,617,5.99,23,21,172,115,114,113,
2128,621,618,5.31,23,21,172,115,114,
2129,621,619,5,23,21,172,115,
2130,621,621,0,
2131,621,623,1.85,104,105,
2132,621,727,7.02,23,21,172,115,135,134,133,
2133,621,726,7.18,23,21,172,115,114,159,158,157,
2134,621,810,7.39,23,21,172,115,114,159,158,157,156,
2135,621,812,6.19,23,21,172,115,114,159,158,
2136,621,813,5.82,23,21,172,115,114,159,
2137,621,815,4.95,23,21,20,19,
2138,621,816,5.23,23,21,20,123,90,
2139,621,817,5.24,23,21,20,123,124,
2140,621,818,4.61,23,21,166,167,
2141,621,819,6.35,23,21,166,167,155,
2142,621,901,4.14,23,21,172,
2143,621,907,5.33,23,21,166,167,168,
2144,621,913,7.96,23,21,20,123,124,125,126,69,171,
2145,621,1036,13.42,23,21,166,167,168,180,181,
2146,623,120,7.69,118,92,173,20,19,18,17,16,15,14,13,
2147,623,122,7.01,118,92,173,20,19,18,17,16,15,14,
2148,623,125,6.26,118,92,173,20,19,18,17,16,
2149,623,126,6.04,118,92,173,20,19,18,17,
2150,623,129,5.45,118,92,173,20,19,18,
2151,623,132,4.76,118,92,173,20,
2152,623,135,4.01,118,92,173,
2153,623,141,4.11,118,117,23,
2154,623,143,4.64,118,117,23,10,
2155,623,154,2.68,118,117,12,
2156,623,221,9.4,118,92,91,90,89,88,34,33,
2157,623,229,6.92,118,92,91,90,89,88,34,
2158,623,232,6.11,118,92,91,90,89,88,
2159,623,236,6.16,118,92,173,20,19,18,45,
2160,623,242,6.39,118,92,173,172,115,135,
2161,623,252,9.9,118,92,173,172,115,135,32,
2162,623,348,8.26,118,92,167,168,180,
2163,623,340,5.67,118,92,167,168,169,
2164,623,337,5.29,118,92,91,124,125,
2165,623,335,5.46,118,92,91,90,89,
2166,623,329,6.35,118,92,173,20,19,18,45,46,
2167,623,325,7.27,118,92,173,20,19,18,45,46,47,48,
2168,623,312,11.32,118,92,173,20,19,18,45,46,47,48,49,
2169,623,413,11.03,118,92,167,168,169,170,68,
2170,623,424,7.23,118,92,167,168,169,170,
2171,623,426,6.49,118,92,91,124,125,126,
2172,623,437,6.9,118,92,173,172,115,135,134,
2173,623,442,8.64,118,92,173,172,115,135,134,67,
2174,623,520,10.96,118,92,91,90,89,88,87,86,85,
2175,623,536,7.15,118,92,91,90,89,88,87,86,
2176,623,546,4.59,118,92,91,
2177,623,550,3.67,118,92,
2178,623,560,0.35,118,
2179,623,610,11.93,118,92,91,90,89,88,34,33,106,
2180,623,612,7.19,118,92,91,90,89,88,87,108,
2181,623,613,6.82,118,92,91,90,89,88,87,
2182,623,614,6.75,118,92,173,20,19,18,17,16,15,
2183,623,615,6.84,118,92,173,20,19,18,45,46,47,
2184,623,616,6.54,118,92,173,172,115,114,113,112,
2185,623,617,6.28,118,92,173,172,115,114,113,
2186,623,618,5.6,118,92,173,172,115,114,
2187,623,619,5.29,118,92,173,172,115,
2188,623,621,1.85,118,117,
2189,623,623,0,
2190,623,727,7.31,118,92,173,172,115,135,134,133,
2191,623,726,7.47,118,92,173,172,115,114,159,158,157,
2192,623,810,7.68,118,92,173,172,115,114,159,158,157,156,
2193,623,812,6.48,118,92,173,172,115,114,159,158,
2194,623,813,6.11,118,92,173,172,115,114,159,
2195,623,815,5.24,118,92,173,20,19,
2196,623,816,4.94,118,92,91,90,
2197,623,817,4.95,118,92,91,124,
2198,623,818,4.22,118,92,167,
2199,623,819,5.96,118,92,167,155,
2200,623,901,4.43,118,92,173,172,
2201,623,907,4.94,118,92,167,168,
2202,623,913,7.63,118,92,167,168,169,170,171,
2203,623,1036,13.03,118,92,167,168,180,181,
2204,727,120,3.49,119,75,74,111,110,14,13,
2205,727,122,2.81,119,75,74,111,110,14,
2206,727,125,2.17,119,75,74,73,72,
2207,727,126,2.24,119,75,74,73,55,36,
2208,727,129,2.64,119,75,74,73,55,54,
2209,727,132,2.76,119,120,121,122,
2210,727,135,3.3,119,120,121,102,165,
2211,727,141,4.76,119,120,121,102,165,9,
2212,727,143,5.29,119,120,121,102,165,9,10,
2213,727,154,7.85,119,120,121,102,165,9,11,12,
2214,727,221,5.72,119,75,74,111,110,109,108,107,
2215,727,229,3.54,119,75,74,73,72,71,34,
2216,727,232,2.73,119,75,74,73,72,71,
2217,727,236,1.93,119,75,74,73,55,
2218,727,242,0.92,119,120,
2219,727,252,4.43,119,120,32,
2220,727,348,7.68,119,75,74,73,55,54,53,52,51,50,
2221,727,340,4.74,119,75,74,73,55,54,53,52,51,
2222,727,337,3.81,119,75,74,73,55,54,53,52,
2223,727,335,3.18,119,75,74,73,55,54,53,
2224,727,329,1.74,119,75,74,73,
2225,727,325,2.48,119,75,74,111,48,
2226,727,312,6.53,119,75,74,111,48,49,
2227,727,413,7.98,119,75,74,73,72,71,70,69,68,
2228,727,424,4.18,119,75,74,73,72,71,70,69,
2229,727,426,3.4,119,75,74,73,72,71,70,
2230,727,437,0.41,119,
2231,727,442,2.15,119,67,
2232,727,520,6.78,119,75,74,111,110,14,144,85,
2233,727,536,2.97,119,75,74,111,110,14,144,
2234,727,546,3.17,119,120,121,122,123,
2235,727,550,3.64,119,120,121,102,165,166,
2236,727,560,6.96,119,120,121,102,165,166,84,
2237,727,610,8.25,119,75,74,111,110,109,108,107,106,
2238,727,612,3.22,119,75,74,111,110,109,108,
2239,727,613,2.85,119,75,74,111,110,109,
2240,727,614,2.55,119,75,74,111,110,
2241,727,615,2.05,119,75,74,111,
2242,727,616,1.39,119,75,74,
2243,727,617,1.65,119,75,74,99,
2244,727,618,1.92,119,120,39,150,
2245,727,619,2.02,119,120,121,
2246,727,621,7.02,119,120,121,102,165,9,11,
2247,727,623,7.31,119,120,121,102,165,166,84,105,
2248,727,727,0,
2249,727,726,2.04,119,75,157,
2250,727,810,2.25,119,75,157,156,
2251,727,812,1.05,119,75,
2252,727,813,1.41,119,120,39,
2253,727,815,2.65,119,120,39,150,151,
2254,727,816,3.35,119,120,39,150,151,152,
2255,727,817,3.48,119,120,39,150,151,152,153,
2256,727,818,4.19,119,120,121,102,165,166,167,
2257,727,819,5.93,119,120,121,102,165,166,167,155,
2258,727,901,2.88,119,120,121,102,
2259,727,907,4.59,119,75,74,73,55,54,53,52,179,
2260,727,913,4.58,119,75,74,73,72,71,70,69,171,
2261,727,1036,12.45,119,75,74,73,55,54,53,52,51,50,181,
2262,810,120,2.37,147,146,145,13,
2263,810,122,1.69,147,146,145,
2264,810,125,2.32,147,148,74,73,72,
2265,810,126,2.39,147,148,74,73,55,36,
2266,810,129,2.79,147,148,74,73,55,54,
2267,810,132,3.13,147,148,149,150,101,122,
2268,810,135,3.67,147,148,149,150,101,102,165,
2269,810,141,5.13,147,148,149,150,101,102,165,9,
2270,810,143,5.66,147,148,149,150,101,102,165,9,10,
2271,810,154,8.22,147,148,149,150,101,102,165,9,11,12,
2272,810,221,4.71,147,146,145,144,143,107,
2273,810,229,2.9,147,146,145,144,143,142,
2274,810,232,2.88,147,148,74,73,72,71,
2275,810,236,2.08,147,148,74,73,55,
2276,810,242,2.06,147,148,149,31,
2277,810,252,5.57,147,148,149,31,32,
2278,810,348,7.83,147,148,74,73,55,54,53,52,51,50,
2279,810,340,4.89,147,148,74,73,55,54,53,52,51,
2280,810,337,3.96,147,148,74,73,55,54,53,52,
2281,810,335,3.33,147,148,74,73,55,54,53,
2282,810,329,1.89,147,148,74,73,
2283,810,325,1.25,147,146,
2284,810,312,5.3,147,146,49,
2285,810,413,7.98,147,146,145,144,143,142,141,69,68,
2286,810,424,4.18,147,146,145,144,143,142,141,69,
2287,810,426,3.4,147,146,145,144,143,142,141,
2288,810,437,1.84,147,148,66,
2289,810,442,3.58,147,148,66,67,
2290,810,520,5.66,147,146,145,144,85,
2291,810,536,1.85,147,146,145,144,
2292,810,546,3.54,147,148,149,150,101,122,123,
2293,810,550,4.01,147,148,149,150,101,102,165,166,
2294,810,560,7.33,147,148,149,150,101,102,165,166,84,
2295,810,610,7.24,147,146,145,144,143,107,106,
2296,810,612,2.21,147,146,145,144,143,
2297,810,613,2.18,147,146,145,144,78,
2298,810,614,1.95,147,146,145,2,
2299,810,615,1.68,147,146,57,
2300,810,616,1.54,147,148,74,
2301,810,617,1.8,147,148,74,99,
2302,810,618,2.08,147,148,149,150,
2303,810,619,2.39,147,148,149,150,101,
2304,810,621,7.39,147,148,149,150,101,102,165,9,11,
2305,810,623,7.68,147,148,149,150,101,102,165,166,84,105,
2306,810,727,2.25,147,148,66,133,
2307,810,726,0.21,147,
2308,810,810,0,
2309,810,812,1.2,147,148,
2310,810,813,1.57,147,148,149,
2311,810,815,2.81,147,148,149,150,151,
2312,810,816,3.51,147,148,149,150,151,152,
2313,810,817,3.64,147,148,149,150,151,152,153,
2314,810,818,4.56,147,148,149,150,101,102,165,166,167,
2315,810,819,6.3,147,148,149,150,101,102,165,166,167,155,
2316,810,901,3.25,147,148,149,150,101,102,
2317,810,907,4.74,147,148,74,73,55,54,53,52,179,
2318,810,913,4.58,147,146,145,144,143,142,141,69,171,
2319,810,1036,12.6,147,148,74,73,55,54,53,52,51,50,181,
2320,812,120,2.44,74,111,110,14,13,
2321,812,122,1.76,74,111,110,14,
2322,812,125,1.12,74,73,72,
2323,812,126,1.19,74,73,55,36,
2324,812,129,1.59,74,73,55,54,
2325,812,132,1.93,149,150,101,122,
2326,812,135,2.47,149,150,101,102,165,
2327,812,141,3.93,149,150,101,102,165,9,
2328,812,143,4.46,149,150,101,102,165,9,10,
2329,812,154,7.02,149,150,101,102,165,9,11,12,
2330,812,221,4.67,74,111,110,109,108,107,
2331,812,229,2.49,74,73,72,71,34,
2332,812,232,1.68,74,73,72,71,
2333,812,236,0.88,74,73,55,
2334,812,242,0.86,149,31,
2335,812,252,4.37,149,31,32,
2336,812,348,6.63,74,73,55,54,53,52,51,50,
2337,812,340,3.69,74,73,55,54,53,52,51,
2338,812,337,2.76,74,73,55,54,53,52,
2339,812,335,2.13,74,73,55,54,53,
2340,812,329,0.69,74,73,
2341,812,325,1.43,74,111,48,
2342,812,312,5.48,74,111,48,49,
2343,812,413,6.93,74,73,72,71,70,69,68,
2344,812,424,3.13,74,73,72,71,70,69,
2345,812,426,2.35,74,73,72,71,70,
2346,812,437,0.64,66,
2347,812,442,2.38,66,67,
2348,812,520,5.73,74,111,110,14,144,85,
2349,812,536,1.92,74,111,110,14,144,
2350,812,546,2.34,149,150,101,122,123,
2351,812,550,2.81,149,150,101,102,165,166,
2352,812,560,6.13,149,150,101,102,165,166,84,
2353,812,610,7.2,74,111,110,109,108,107,106,
2354,812,612,2.17,74,111,110,109,108,
2355,812,613,1.8,74,111,110,109,
2356,812,614,1.5,74,111,110,
2357,812,615,1,74,111,
2358,812,616,0.34,74,
2359,812,617,0.6,74,99,
2360,812,618,0.88,149,150,
2361,812,619,1.19,149,150,101,
2362,812,621,6.19,149,150,101,102,165,9,11,
2363,812,623,6.48,149,150,101,102,165,166,84,105,
2364,812,727,1.05,66,133,
2365,812,726,0.99,157,
2366,812,810,1.2,157,156,
2367,812,812,0,
2368,812,813,0.37,149,
2369,812,815,1.61,149,150,151,
2370,812,816,2.31,149,150,151,152,
2371,812,817,2.44,149,150,151,152,153,
2372,812,818,3.36,149,150,101,102,165,166,167,
2373,812,819,5.1,149,150,101,102,165,166,167,155,
2374,812,901,2.05,149,150,101,102,
2375,812,907,3.54,74,73,55,54,53,52,179,
2376,812,913,3.53,74,73,72,71,70,69,171,
2377,812,1036,11.4,74,73,55,54,53,52,51,50,181,
2378,813,120,2.81,158,74,111,110,14,13,
2379,813,122,2.13,158,74,111,110,14,
2380,813,125,1.49,158,74,73,72,
2381,813,126,1.29,38,37,36,
2382,813,129,1.45,150,151,18,
2383,813,132,1.56,150,101,122,
2384,813,135,2.1,150,101,102,165,
2385,813,141,3.56,150,101,102,165,9,
2386,813,143,4.09,150,101,102,165,9,10,
2387,813,154,6.65,150,101,102,165,9,11,12,
2388,813,221,5.04,158,74,111,110,109,108,107,
2389,813,229,2.7,38,37,36,35,34,
2390,813,232,1.89,38,37,36,35,
2391,813,236,0.98,38,37,
2392,813,242,0.49,31,
2393,813,252,4,31,32,
2394,813,348,6.28,150,151,152,153,125,51,50,
2395,813,340,3.34,150,151,152,153,125,51,
2396,813,337,2.41,150,151,152,153,125,
2397,813,335,1.99,150,151,18,53,
2398,813,329,1.06,158,74,73,
2399,813,325,1.8,158,74,111,48,
2400,813,312,5.85,158,74,111,48,49,
2401,813,413,7.14,38,37,36,35,70,69,68,
2402,813,424,3.34,38,37,36,35,70,69,
2403,813,426,2.56,38,37,36,35,70,
2404,813,437,1,31,134,
2405,813,442,2.74,31,134,67,
2406,813,520,6.1,158,74,111,110,14,144,85,
2407,813,536,2.29,158,74,111,110,14,144,
2408,813,546,1.97,150,101,122,123,
2409,813,550,2.44,150,101,102,165,166,
2410,813,560,5.76,150,101,102,165,166,84,
2411,813,610,7.57,158,74,111,110,109,108,107,106,
2412,813,612,2.54,158,74,111,110,109,108,
2413,813,613,2.17,158,74,111,110,109,
2414,813,614,1.87,158,74,111,110,
2415,813,615,1.37,158,74,111,
2416,813,616,0.71,158,74,
2417,813,617,0.61,38,
2418,813,618,0.51,150,
2419,813,619,0.82,150,101,
2420,813,621,5.82,150,101,102,165,9,11,
2421,813,623,6.11,150,101,102,165,166,84,105,
2422,813,727,1.41,31,134,133,
2423,813,726,1.36,158,157,
2424,813,810,1.57,158,157,156,
2425,813,812,0.37,158,
2426,813,813,0,
2427,813,815,1.24,150,151,
2428,813,816,1.94,150,151,152,
2429,813,817,2.07,150,151,152,153,
2430,813,818,2.99,150,101,102,165,166,167,
2431,813,819,4.73,150,101,102,165,166,167,155,
2432,813,901,1.68,150,101,102,
2433,813,907,3.19,150,151,152,153,125,179,
2434,813,913,3.74,38,37,36,35,70,69,171,
2435,813,1036,11.05,150,151,152,153,125,51,50,181,
2436,815,120,2.45,18,17,16,15,14,13,
2437,815,122,1.77,18,17,16,15,14,
2438,815,125,1.02,18,17,16,
2439,815,126,0.8,18,17,
2440,815,129,0.21,18,
2441,815,132,0.48,7,
2442,815,135,1.23,7,8,
2443,815,141,2.69,7,8,9,
2444,815,143,3.22,7,8,9,10,
2445,815,154,5.78,7,8,9,11,12,
2446,815,221,4.68,18,17,16,15,109,108,107,
2447,815,229,2.21,18,17,35,34,
2448,815,232,1.4,18,17,35,
2449,815,236,0.92,18,45,
2450,815,242,1.73,160,159,31,
2451,815,252,5.24,160,159,31,32,
2452,815,348,5.04,152,153,125,51,50,
2453,815,340,2.1,152,153,125,51,
2454,815,337,1.17,152,153,125,
2455,815,335,0.75,18,53,
2456,815,329,1.11,18,45,46,
2457,815,325,2.03,18,45,46,47,48,
2458,815,312,6.08,18,45,46,47,48,49,
2459,815,413,6.65,18,17,35,70,69,68,
2460,815,424,2.85,18,17,35,70,69,
2461,815,426,2.07,18,17,35,70,
2462,815,437,2.24,160,159,31,134,
2463,815,442,3.98,160,159,31,134,67,
2464,815,520,5.74,18,17,16,15,14,144,85,
2465,815,536,1.93,18,17,16,15,14,144,
2466,815,546,0.89,7,123,
2467,815,550,1.57,7,8,166,
2468,815,560,4.89,7,8,166,84,
2469,815,610,7.21,18,17,16,15,109,108,107,106,
2470,815,612,2.18,18,17,16,15,109,108,
2471,815,613,1.81,18,17,16,15,109,
2472,815,614,1.51,18,17,16,15,
2473,815,615,1.6,18,45,46,47,
2474,815,616,1.46,18,45,46,64,
2475,815,617,1.29,18,45,29,
2476,815,618,0.73,160,
2477,815,619,1.04,160,101,
2478,815,621,4.95,7,8,9,11,
2479,815,623,5.24,7,8,166,84,105,
2480,815,727,2.65,160,159,31,134,133,
2481,815,726,2.6,160,159,158,157,
2482,815,810,2.81,160,159,158,157,156,
2483,815,812,1.61,160,159,158,
2484,815,813,1.24,160,159,
2485,815,815,0,
2486,815,816,0.7,152,
2487,815,817,0.83,152,153,
2488,815,818,1.78,152,153,154,
2489,815,819,3.52,152,153,154,155,
2490,815,901,1.65,7,8,172,
2491,815,907,1.95,152,153,125,179,
2492,815,913,3.25,18,17,35,70,69,171,
2493,815,1036,9.81,152,153,125,51,50,181,
2494,816,120,3.05,89,88,87,86,130,13,
2495,816,122,2.37,89,88,87,86,130,
2496,816,125,1.72,161,18,17,16,
2497,816,126,1.5,161,18,17,
2498,816,129,0.91,161,18,
2499,816,132,0.76,82,137,
2500,816,135,1.51,82,137,8,
2501,816,141,2.97,82,137,8,9,
2502,816,143,3.5,82,137,8,9,10,
2503,816,154,6.06,82,137,8,9,11,12,
2504,816,221,4.46,89,88,34,33,
2505,816,229,1.98,89,88,34,
2506,816,232,1.17,89,88,
2507,816,236,1.62,161,18,45,
2508,816,242,2.43,161,160,159,31,
2509,816,252,5.94,161,160,159,31,32,
2510,816,348,4.34,153,125,51,50,
2511,816,340,1.4,153,125,51,
2512,816,337,0.47,153,125,
2513,816,335,0.52,89,
2514,816,329,1.81,161,18,45,46,
2515,816,325,2.73,161,18,45,46,47,48,
2516,816,312,6.78,161,18,45,46,47,48,49,
2517,816,413,6.25,153,125,126,69,68,
2518,816,424,2.45,153,125,126,69,
2519,816,426,1.67,153,125,126,
2520,816,437,2.94,161,160,159,31,134,
2521,816,442,4.68,161,160,159,31,134,67,
2522,816,520,6.02,89,88,87,86,85,
2523,816,536,2.21,89,88,87,86,
2524,816,546,0.35,82,
2525,816,550,1.27,82,83,
2526,816,560,4.59,82,83,84,
2527,816,610,6.99,89,88,34,33,106,
2528,816,612,2.25,89,88,87,108,
2529,816,613,1.88,89,88,87,
2530,816,614,2.18,89,88,87,96,
2531,816,615,2.3,161,18,45,46,47,
2532,816,616,2.16,161,18,45,46,64,
2533,816,617,1.99,161,18,45,29,
2534,816,618,1.43,161,160,
2535,816,619,1.5,82,137,136,
2536,816,621,5.23,82,137,8,9,11,
2537,816,623,4.94,82,83,84,105,
2538,816,727,3.35,161,160,159,31,134,133,
2539,816,726,3.3,161,160,159,158,157,
2540,816,810,3.51,161,160,159,158,157,156,
2541,816,812,2.31,161,160,159,158,
2542,816,813,1.94,161,160,159,
2543,816,815,0.7,161,
2544,816,816,0,
2545,816,817,0.13,153,
2546,816,818,1.08,153,154,
2547,816,819,2.82,153,154,155,
2548,816,901,1.93,82,137,8,172,
2549,816,907,1.25,153,125,179,
2550,816,913,2.85,153,125,126,69,171,
2551,816,1036,9.11,153,125,51,50,181,
2552,817,120,3.18,162,89,88,87,86,130,13,
2553,817,122,2.5,162,89,88,87,86,130,
2554,817,125,1.85,162,161,18,17,16,
2555,817,126,1.63,162,161,18,17,
2556,817,129,1.04,162,161,18,
2557,817,132,0.77,138,137,
2558,817,135,1.52,138,137,8,
2559,817,141,2.98,138,137,8,9,
2560,817,143,3.51,138,137,8,9,10,
2561,817,154,6.07,138,137,8,9,11,12,
2562,817,221,4.52,125,126,127,33,
2563,817,229,2.04,125,126,127,
2564,817,232,1.3,162,89,88,
2565,817,236,1.75,162,161,18,45,
2566,817,242,2.56,162,161,160,159,31,
2567,817,252,6.07,162,161,160,159,31,32,
2568,817,348,4.21,125,51,50,
2569,817,340,1.27,125,51,
2570,817,337,0.34,125,
2571,817,335,0.65,162,89,
2572,817,329,1.94,162,161,18,45,46,
2573,817,325,2.86,162,161,18,45,46,47,48,
2574,817,312,6.91,162,161,18,45,46,47,48,49,
2575,817,413,6.12,125,126,69,68,
2576,817,424,2.32,125,126,69,
2577,817,426,1.54,125,126,
2578,817,437,3.07,162,161,160,159,31,134,
2579,817,442,4.81,162,161,160,159,31,134,67,
2580,817,520,6.15,162,89,88,87,86,85,
2581,817,536,2.34,162,89,88,87,86,
2582,817,546,0.36,138,
2583,817,550,1.28,138,83,
2584,817,560,4.6,138,83,84,
2585,817,610,7.05,125,126,127,33,106,
2586,817,612,2.38,162,89,88,87,108,
2587,817,613,2.01,162,89,88,87,
2588,817,614,2.31,162,89,88,87,96,
2589,817,615,2.43,162,161,18,45,46,47,
2590,817,616,2.29,162,161,18,45,46,64,
2591,817,617,2.12,162,161,18,45,29,
2592,817,618,1.56,162,161,160,
2593,817,619,1.51,138,137,136,
2594,817,621,5.24,138,137,8,9,11,
2595,817,623,4.95,138,83,84,105,
2596,817,727,3.48,162,161,160,159,31,134,133,
2597,817,726,3.43,162,161,160,159,158,157,
2598,817,810,3.64,162,161,160,159,158,157,156,
2599,817,812,2.44,162,161,160,159,158,
2600,817,813,2.07,162,161,160,159,
2601,817,815,0.83,162,161,
2602,817,816,0.13,162,
2603,817,817,0,
2604,817,818,0.95,154,
2605,817,819,2.69,154,155,
2606,817,901,1.94,138,137,8,172,
2607,817,907,1.12,125,179,
2608,817,913,2.72,125,126,69,171,
2609,817,1036,8.98,125,51,50,181,
2610,819,120,5.87,164,163,162,89,88,87,86,130,13,
2611,819,122,5.19,164,163,162,89,88,87,86,130,
2612,819,125,4.54,164,163,162,161,18,17,16,
2613,819,126,4.32,164,163,162,161,18,17,
2614,819,129,3.73,164,163,162,161,18,
2615,819,132,3.38,164,174,173,20,
2616,819,135,2.63,164,174,173,
2617,819,141,4.09,164,174,173,9,
2618,819,143,4.62,164,174,173,9,10,
2619,819,154,7.18,164,174,173,9,11,12,
2620,819,221,7.21,164,163,125,126,127,33,
2621,819,229,4.73,164,163,125,126,127,
2622,819,232,3.99,164,163,162,89,88,
2623,819,236,4.44,164,163,162,161,18,45,
2624,819,242,5.01,164,174,173,172,115,135,
2625,819,252,8.52,164,174,173,172,115,135,32,
2626,819,348,5.78,164,168,180,
2627,819,340,3.19,164,168,169,
2628,819,337,3.03,164,163,125,
2629,819,335,3.34,164,163,162,89,
2630,819,329,4.63,164,163,162,161,18,45,46,
2631,819,325,5.55,164,163,162,161,18,45,46,47,48,
2632,819,312,9.6,164,163,162,161,18,45,46,47,48,49,
2633,819,413,8.55,164,168,169,170,68,
2634,819,424,4.75,164,168,169,170,
2635,819,426,4.23,164,163,125,126,
2636,819,437,5.52,164,174,173,172,115,135,134,
2637,819,442,7.26,164,174,173,172,115,135,134,67,
2638,819,520,8.84,164,163,162,89,88,87,86,85,
2639,819,536,5.03,164,163,162,89,88,87,86,
2640,819,546,3.05,164,163,138,
2641,819,550,2.29,164,174,
2642,819,560,5.61,164,174,84,
2643,819,610,9.74,164,163,125,126,127,33,106,
2644,819,612,5.07,164,163,162,89,88,87,108,
2645,819,613,4.7,164,163,162,89,88,87,
2646,819,614,5,164,163,162,89,88,87,96,
2647,819,615,5.12,164,163,162,161,18,45,46,47,
2648,819,616,4.98,164,163,162,161,18,45,46,64,
2649,819,617,4.81,164,163,162,161,18,45,29,
2650,819,618,4.22,164,174,173,172,115,114,
2651,819,619,3.91,164,174,173,172,115,
2652,819,621,6.35,164,174,173,9,11,
2653,819,623,5.96,164,174,84,105,
2654,819,727,5.93,164,174,173,172,115,135,134,133,
2655,819,726,6.09,164,174,173,172,115,114,159,158,157,
2656,819,810,6.3,164,174,173,172,115,114,159,158,157,156,
2657,819,812,5.1,164,174,173,172,115,114,159,158,
2658,819,813,4.73,164,174,173,172,115,114,159,
2659,819,815,3.52,164,163,162,161,
2660,819,816,2.82,164,163,162,
2661,819,817,2.69,164,163,
2662,819,818,1.74,164,
2663,819,819,0,
2664,819,901,3.05,164,174,173,172,
2665,819,907,2.46,164,168,
2666,819,913,5.15,164,168,169,170,171,
2667,819,1036,10.55,164,168,180,181,
2668,901,120,4.1,165,20,19,18,17,16,15,14,13,
2669,901,122,3.42,165,20,19,18,17,16,15,14,
2670,901,125,2.67,165,20,19,18,17,16,
2671,901,126,2.45,165,20,19,18,17,
2672,901,129,1.86,165,20,19,18,
2673,901,132,1.17,165,20,
2674,901,135,0.42,165,
2675,901,141,1.88,165,9,
2676,901,143,2.41,165,9,10,
2677,901,154,4.97,165,9,11,12,
2678,901,221,6.33,165,20,19,18,17,16,15,109,108,107,
2679,901,229,3.86,165,20,19,18,17,35,34,
2680,901,232,3.05,165,20,19,18,17,35,
2681,901,236,2.22,115,114,113,37,
2682,901,242,1.96,115,135,
2683,901,252,5.47,115,135,32,
2684,901,348,5.35,165,166,167,168,180,
2685,901,340,2.76,165,166,167,168,169,
2686,901,337,2.28,165,20,123,124,125,
2687,901,335,2.4,165,20,19,18,53,
2688,901,329,2.41,115,114,113,37,46,
2689,901,325,3.2,115,114,113,112,111,48,
2690,901,312,7.25,115,114,113,112,111,48,49,
2691,901,413,8.06,165,20,123,124,125,126,69,68,
2692,901,424,4.26,165,20,123,124,125,126,69,
2693,901,426,3.48,165,20,123,124,125,126,
2694,901,437,2.47,115,135,134,
2695,901,442,4.21,115,135,134,67,
2696,901,520,7.39,165,20,19,18,17,16,15,14,144,85,
2697,901,536,3.58,165,20,19,18,17,16,15,14,144,
2698,901,546,1.58,165,20,123,
2699,901,550,0.76,165,166,
2700,901,560,4.08,165,166,84,
2701,901,610,8.86,165,20,19,18,17,16,15,109,108,107,106,
2702,901,612,3.83,165,20,19,18,17,16,15,109,108,
2703,901,613,3.46,165,20,19,18,17,16,15,109,
2704,901,614,3.16,165,20,19,18,17,16,15,
2705,901,615,2.77,115,114,113,112,111,
2706,901,616,2.11,115,114,113,112,
2707,901,617,1.85,115,114,113,
2708,901,618,1.17,115,114,
2709,901,619,0.86,115,
2710,901,621,4.14,165,9,11,
2711,901,623,4.43,165,166,84,105,
2712,901,727,2.88,115,135,134,133,
2713,901,726,3.04,115,114,159,158,157,
2714,901,810,3.25,115,114,159,158,157,156,
2715,901,812,2.05,115,114,159,158,
2716,901,813,1.68,115,114,159,
2717,901,815,1.65,165,20,19,
2718,901,816,1.93,165,20,123,90,
2719,901,817,1.94,165,20,123,124,
2720,901,818,1.31,165,166,167,
2721,901,819,3.05,165,166,167,155,
2722,901,901,0,
2723,901,907,2.03,165,166,167,168,
2724,901,913,4.66,165,20,123,124,125,126,69,171,
2725,901,1036,10.12,165,166,167,168,180,181,
2726,907,120,3.94,182,43,88,87,86,130,13,
2727,907,122,3.26,182,43,88,87,86,130,
2728,907,125,2.62,182,43,88,62,
2729,907,126,2.54,182,43,44,17,
2730,907,129,1.95,182,43,44,
2731,907,132,1.89,182,139,138,137,
2732,907,135,1.61,175,174,173,
2733,907,141,3.07,175,174,173,9,
2734,907,143,3.6,175,174,173,9,10,
2735,907,154,6.16,175,174,173,9,11,12,
2736,907,221,4.96,182,126,127,33,
2737,907,229,2.48,182,126,127,
2738,907,232,2.06,182,43,88,
2739,907,236,2.66,182,43,44,45,
2740,907,242,3.68,182,139,162,161,160,159,31,
2741,907,252,7.19,182,139,162,161,160,159,31,32,
2742,907,348,3.32,180,
2743,907,340,0.73,169,
2744,907,337,0.78,182,
2745,907,335,1.41,182,43,
2746,907,329,2.85,182,43,44,45,46,
2747,907,325,3.7,182,43,88,87,86,130,131,
2748,907,312,7.75,182,43,88,87,86,130,131,49,
2749,907,413,6.09,169,170,68,
2750,907,424,2.29,169,170,
2751,907,426,1.98,182,126,
2752,907,437,4.18,182,43,44,45,46,64,65,66,
2753,907,442,5.92,182,43,44,45,46,64,65,66,67,
2754,907,520,6.91,182,43,88,87,86,85,
2755,907,536,3.1,182,43,88,87,86,
2756,907,546,1.48,182,139,138,
2757,907,550,1.27,175,174,
2758,907,560,4.59,175,174,84,
2759,907,610,7.49,182,126,127,33,106,
2760,907,612,3.14,182,43,88,87,108,
2761,907,613,2.77,182,43,88,87,
2762,907,614,3.07,182,43,88,87,96,
2763,907,615,3.34,182,43,44,45,46,47,
2764,907,616,3.2,182,43,44,45,46,64,
2765,907,617,3.03,182,43,44,45,29,
2766,907,618,2.68,182,139,162,161,160,
2767,907,619,2.63,182,139,138,137,136,
2768,907,621,5.33,175,174,173,9,11,
2769,907,623,4.94,175,174,84,105,
2770,907,727,4.59,182,43,44,45,46,64,65,66,133,
2771,907,726,4.53,182,43,44,45,46,64,65,157,
2772,907,810,4.74,182,43,44,45,46,64,65,157,156,
2773,907,812,3.54,182,43,44,45,46,64,65,
2774,907,813,3.19,182,139,162,161,160,159,
2775,907,815,1.95,182,139,162,161,
2776,907,816,1.25,182,139,162,
2777,907,817,1.12,182,139,
2778,907,818,0.72,175,
2779,907,819,2.46,175,155,
2780,907,901,2.03,175,174,173,172,
2781,907,907,0,
2782,907,913,2.69,169,170,171,
2783,907,1036,8.09,180,181,
2784,913,120,3.57,178,60,127,128,129,130,13,
2785,913,122,2.89,178,60,127,128,129,130,
2786,913,125,2.41,178,60,61,62,
2787,913,126,2.45,178,60,61,27,
2788,913,129,3.04,178,60,61,27,5,
2789,913,132,3.49,178,60,140,139,138,137,
2790,913,135,4.24,178,60,140,139,138,137,8,
2791,913,141,5.7,178,60,140,139,138,137,8,9,
2792,913,143,6.23,178,60,140,139,138,137,8,9,10,
2793,913,154,8.79,178,60,140,139,138,137,8,9,11,12,
2794,913,221,4.16,178,60,127,33,
2795,913,229,1.68,178,60,127,
2796,913,232,1.85,178,60,61,
2797,913,236,2.76,178,60,61,27,28,
2798,913,242,4.23,178,60,61,27,28,29,30,31,
2799,913,252,7.74,178,60,61,27,28,29,30,31,32,
2800,913,348,4.9,178,177,50,
2801,913,340,1.96,178,177,
2802,913,337,2.38,178,60,140,
2803,913,335,2.5,178,60,61,80,
2804,913,329,2.84,178,60,61,62,63,
2805,913,325,3.33,178,60,127,128,129,130,131,
2806,913,312,7.38,178,60,127,128,129,130,131,49,
2807,913,413,4.2,178,68,
2808,913,424,0.4,178,
2809,913,426,1.18,178,60,
2810,913,437,4.17,178,60,61,62,63,64,65,66,
2811,913,442,5.91,178,60,61,62,63,64,65,66,67,
2812,913,520,6.54,178,60,127,128,129,85,
2813,913,536,2.73,178,60,127,128,129,
2814,913,546,3.08,178,60,140,139,138,
2815,913,550,3.96,178,177,176,175,174,
2816,913,560,7.28,178,177,176,175,174,84,
2817,913,610,6.69,178,60,127,33,106,
2818,913,612,2.37,178,60,127,128,
2819,913,613,2.56,178,60,61,87,
2820,913,614,2.86,178,60,61,87,96,
2821,913,615,3.33,178,60,61,62,63,47,
2822,913,616,3.19,178,60,61,62,63,64,
2823,913,617,3.13,178,60,61,27,28,29,
2824,913,618,3.81,178,60,61,27,28,29,100,
2825,913,619,4.12,178,60,61,27,28,29,100,101,
2826,913,621,7.96,178,60,140,139,138,137,8,9,11,
2827,913,623,7.63,178,177,176,175,174,84,105,
2828,913,727,4.58,178,60,61,62,63,64,65,66,133,
2829,913,726,4.37,178,60,127,128,129,130,131,132,
2830,913,810,4.58,178,60,127,128,129,130,131,132,156,
2831,913,812,3.53,178,60,61,62,63,64,65,
2832,913,813,3.74,178,60,61,27,28,29,30,
2833,913,815,3.25,178,60,61,27,5,6,
2834,913,816,2.85,178,60,140,139,162,
2835,913,817,2.72,178,60,140,139,
2836,913,818,3.41,178,177,176,175,
2837,913,819,5.15,178,177,176,175,155,
2838,913,901,4.66,178,60,140,139,138,137,8,172,
2839,913,907,2.69,178,177,176,
2840,913,913,0,
2841,913,1036,9.67,178,177,50,181,
2842,1036,120,11.8,184,41,42,43,88,87,86,130,13,
2843,1036,122,11.12,184,41,42,43,88,87,86,130,
2844,1036,125,10.48,184,41,42,43,88,62,
2845,1036,126,10.4,184,41,42,43,44,17,
2846,1036,129,9.81,184,41,42,43,44,
2847,1036,132,9.75,184,41,42,139,138,137,
2848,1036,135,9.7,184,183,175,174,173,
2849,1036,141,11.16,184,183,175,174,173,9,
2850,1036,143,11.69,184,183,175,174,173,9,10,
2851,1036,154,14.25,184,183,175,174,173,9,11,12,
2852,1036,221,12.82,184,41,42,126,127,33,
2853,1036,229,10.34,184,41,42,126,127,
2854,1036,232,9.92,184,41,42,43,88,
2855,1036,236,10.52,184,41,42,43,44,45,
2856,1036,242,11.54,184,41,42,139,162,161,160,159,31,
2857,1036,252,15.05,184,41,42,139,162,161,160,159,31,32,
2858,1036,348,4.77,184,
2859,1036,340,7.71,184,41,
2860,1036,337,8.64,184,41,42,
2861,1036,335,9.27,184,41,42,43,
2862,1036,329,10.71,184,41,42,43,44,45,46,
2863,1036,325,11.56,184,41,42,43,88,87,86,130,131,
2864,1036,312,15.61,184,41,42,43,88,87,86,130,131,49,
2865,1036,413,13.07,184,41,170,68,
2866,1036,424,9.27,184,41,170,
2867,1036,426,9.84,184,41,42,126,
2868,1036,437,12.04,184,41,42,43,44,45,46,64,65,66,
2869,1036,442,13.78,184,41,42,43,44,45,46,64,65,66,67,
2870,1036,520,14.77,184,41,42,43,88,87,86,85,
2871,1036,536,10.96,184,41,42,43,88,87,86,
2872,1036,546,9.34,184,41,42,139,138,
2873,1036,550,9.36,184,183,175,174,
2874,1036,560,12.68,184,183,175,174,84,
2875,1036,610,15.35,184,41,42,126,127,33,106,
2876,1036,612,11,184,41,42,43,88,87,108,
2877,1036,613,10.63,184,41,42,43,88,87,
2878,1036,614,10.93,184,41,42,43,88,87,96,
2879,1036,615,11.2,184,41,42,43,44,45,46,47,
2880,1036,616,11.06,184,41,42,43,44,45,46,64,
2881,1036,617,10.89,184,41,42,43,44,45,29,
2882,1036,618,10.54,184,41,42,139,162,161,160,
2883,1036,619,10.49,184,41,42,139,138,137,136,
2884,1036,621,13.42,184,183,175,174,173,9,11,
2885,1036,623,13.03,184,183,175,174,84,105,
2886,1036,727,12.45,184,41,42,43,44,45,46,64,65,66,133,
2887,1036,726,12.39,184,41,42,43,44,45,46,64,65,157,
2888,1036,810,12.6,184,41,42,43,44,45,46,64,65,157,156,
2889,1036,812,11.4,184,41,42,43,44,45,46,64,65,
2890,1036,813,11.05,184,41,42,139,162,161,160,159,
2891,1036,815,9.81,184,41,42,139,162,161,
2892,1036,816,9.11,184,41,42,139,162,
2893,1036,817,8.98,184,41,42,139,
2894,1036,818,8.81,184,183,175,
2895,1036,819,10.55,184,183,175,155,
2896,1036,901,10.12,184,183,175,174,173,172,
2897,1036,907,8.09,184,183,
2898,1036,913,9.67,184,41,170,171,
2899,1036,1036,0,
